timestamp,title,price,original_price,shipping,item_url,discount_amount,discount_percentage
2026-03-10 19:23:28,Apple iPhone 15 Pro 256GB Unlocked AT&T T-Mobile Verizon Excellent Condition,523.95,1099.0,Free shipping,https://www.ebay.com/itm/305315521632?_trkparms=5373%3A5000006400%7C5374%3ATech%7C5079%3A5000006400,575.05,52.32
2026-03-10 19:23:28,Samsung Galaxy S23 128GB S911U Unlocked - Excellent,239.99,799.99,Shipping info unavailable,https://www.ebay.com/itm/256372271129?_trkparms=5373%3A5000006400%7C5374%3ATech%7C5079%3A5000006400,560.0,70.0
2026-03-10 19:23:29,Samsung Galaxy S21 5G 128GB G991U Unlocked - Good,134.99,799.99,Shipping info unavailable,https://www.ebay.com/itm/254987231741?_trkparms=5373%3A5000006400%7C5374%3ATech%7C5079%3A5000006400,665.0,83.13
2026-03-10 19:23:29,Samsung Galaxy S23 Ultra S918U1 256GB Unlocked - Very Good Refurbished,402.99,999.99,Shipping info unavailable,https://www.ebay.com/itm/205816814214?_trkparms=5373%3A5000006400%7C5374%3ATech%7C5079%3A5000006400,597.0,59.7
2026-03-10 19:23:29,"Microsoft Xbox Wireless Controller For Xbox Series X / S, Xbox One & Windows PC",45.95,80.0,Shipping info unavailable,https://www.ebay.com/itm/275287871839?_trkparms=5373%3A5000006400%7C5374%3ATech%7C5079%3A5000006400,34.05,42.56
2026-03-10 19:23:29,Apple iPhone 14 Pro 256GB Unlocked - Excellent,414.99,1099.0,Shipping info unavailable,https://www.ebay.com/itm/257331960588?_trkparms=5373%3A5000006400%7C5374%3ATech%7C5079%3A5000006400,684.01,62.24
2026-03-10 19:23:29,Samsung Galaxy S22+ 128GB S906U Unlocked - Good,163.99,999.99,Shipping info unavailable,https://www.ebay.com/itm/255803826545?_trkparms=5373%3A5000006400%7C5374%3ATech%7C5079%3A5000006400,836.0,83.6
2026-03-10 19:23:29,Apple iPhone 15 256GB Factory Unlocked AT&T T-Mobile Verizon Very Good Condition,423.95,899.0,Shipping info unavailable,https://www.ebay.com/itm/296120880922?_trkparms=5373%3A5000006400%7C5374%3ATech%7C5079%3A5000006400,475.05,52.84
2026-03-10 19:23:29,Samsung Galaxy Watch4 Classic R880 42mm Black GPS + WiFi + Bluetooth - Very Good,40.99,199.99,Shipping info unavailable,https://www.ebay.com/itm/313891339572?_trkparms=5373%3A5000006400%7C5374%3ATech%7C5079%3A5000006400,159.0,79.5
2026-03-10 19:23:29,Google Pixel 8 Pro 256GB Unlocked - Excellent,365.99,859.0,Shipping info unavailable,https://www.ebay.com/itm/257161120994?_trkparms=5373%3A5000006400%7C5374%3ATech%7C5079%3A5000006400,493.01,57.39
2026-03-10 19:23:30,Apple iPhone 14 Pro 256GB Unlocked - Very Good,385.99,1099.0,Shipping info unavailable,https://www.ebay.com/itm/257331960624?_trkparms=5373%3A5000006400%7C5374%3ATech%7C5079%3A5000006400,713.01,64.88
2026-03-10 19:23:30,Apple Pencil (USB-C) - White Stylus  ‎‎‎MUWA3AM/A with Pixel-Perfect Precision,51.82,56.95,Shipping info unavailable,https://www.ebay.com/itm/296262723993?_trkparms=5373%3A5000006400%7C5374%3ATech%7C5079%3A5000006400,5.130000000000003,9.01
2026-03-10 19:23:30,"Google Pixel 9 Pro 256GB 6.3"" 5G Fully Unlocked, Excellent - Has LCD Shadow",394.99,999.0,Shipping info unavailable,https://www.ebay.com/itm/406685045390?_trkparms=5373%3A5000006400%7C5374%3ATech%7C5079%3A5000006400,604.01,60.46
2026-03-10 19:23:30,Apple iPhone 16 Plus 128GB Unlocked Good Condition,509.0,714.0,Shipping info unavailable,https://www.ebay.com/itm/227011332517?_trkparms=5373%3A5000006400%7C5374%3ATech%7C5079%3A5000006400,205.0,28.71
2026-03-10 19:23:30,Apple iPhone 16 256GB Factory Unlocked AT&T T-Mobile Verizon Very Good Condition,586.95,899.0,Shipping info unavailable,https://www.ebay.com/itm/296819057702?_trkparms=5373%3A5000006400%7C5374%3ATech%7C5079%3A5000006400,312.04999999999995,34.71
2026-03-10 19:23:30,"Bose Solo Soundbar 2 Home Theater, Certified Refurbished",93.0,199.0,Shipping info unavailable,https://www.ebay.com/itm/167031735841?_trkparms=5373%3A5000006400%7C5374%3ATech%7C5079%3A5000006400,106.0,53.27
2026-03-10 19:23:30,Apple iPhone 16 Pro 256GB Unlocked Excellent Condition,689.0,948.0,Shipping info unavailable,https://www.ebay.com/itm/226983072197?_trkparms=5373%3A5000006400%7C5374%3ATech%7C5079%3A5000006400,259.0,27.32
2026-03-10 19:23:30,Samsung Galaxy S23+ 256GB S916U Unlocked - Good,269.99,999.99,Shipping info unavailable,https://www.ebay.com/itm/256372558330?_trkparms=5373%3A5000006400%7C5374%3ATech%7C5079%3A5000006400,730.0,73.0
2026-03-10 19:23:30,Apple iPhone 16 Pro 512GB Unlocked Good Condition,669.0,969.0,Shipping info unavailable,https://www.ebay.com/itm/227030019541?_trkparms=5373%3A5000006400%7C5374%3ATech%7C5079%3A5000006400,300.0,30.96
2026-03-10 19:23:31,Apple Watch Series SE (2nd Gen) 40mm GPS + WiFi + Cellular Unlocked - Good,99.99,299.99,Shipping info unavailable,https://www.ebay.com/itm/314605138200?_trkparms=5373%3A5000006400%7C5374%3ATech%7C5079%3A5000006400,200.0,66.67
2026-03-10 19:23:31,Apple iPhone 12 Pro Max  128GB Fully Unlocked - EXCELLENT Condition,326.99,499.99,Shipping info unavailable,https://www.ebay.com/itm/225966696293?_trkparms=5373%3A5000006400%7C5374%3ATech%7C5079%3A5000006400,173.0,34.6
2026-03-10 19:23:31,eufy SoloCam S340 Outdoor Solar Security Camera 3K Dual-Camera Pan&Tilt 8xZoom,105.0,199.99,Shipping info unavailable,https://www.ebay.com/itm/387549414157?_trkparms=5373%3A5000006400%7C5374%3ATech%7C5079%3A5000006400,94.99000000000001,47.5
2026-03-10 19:23:31,Apple iPhone 12 128GB - Fully Unlocked - VERY GOOD Condition,216.99,499.99,Shipping info unavailable,https://www.ebay.com/itm/225936656368?_trkparms=5373%3A5000006400%7C5374%3ATech%7C5079%3A5000006400,283.0,56.6
2026-03-10 19:23:31,Retevis H777 walkie talkie long range Rechargeable 2W FRS Two Way Radios 10 Pack,109.99,149.99,Free shipping,https://www.ebay.com/itm/193602869616?_trkparms=5373%3A5000006400%7C5374%3ATech%7C5079%3A5000006400,40.000000000000014,26.67
2026-03-10 19:23:31,Apple iPad Pro 11-inch M4 Chip 256GB Wi-Fi / Cellular Silver MVV93LL/A Good,697.0,965.0,Shipping info unavailable,https://www.ebay.com/itm/227037915412?_trkparms=5373%3A5000006400%7C5374%3ATech%7C5079%3A5000006400,268.0,27.77
2026-03-10 19:23:31,Apple Watch Series 8 41mm GPS + WiFi + Cellular Unlocked Aluminum Case - Good,147.99,299.99,Shipping info unavailable,https://www.ebay.com/itm/195779072047?_trkparms=5373%3A5000006400%7C5374%3ATech%7C5079%3A5000006400,152.0,50.67
2026-03-10 19:23:31,Apple Watch Series 7 41mm GPS + WiFi + Cellular Unlocked Aluminum Case - Good,110.99,299.99,Shipping info unavailable,https://www.ebay.com/itm/404057662041?_trkparms=5373%3A5000006400%7C5374%3ATech%7C5079%3A5000006400,189.0,63.0
2026-03-10 19:23:31,Google Pixel Watch 3 - 45mm (LTE + WI-Fi /Bluetooth) - Matte Black - Good,114.99,299.99,Shipping info unavailable,https://www.ebay.com/itm/405860002220?_trkparms=5373%3A5000006400%7C5374%3ATech%7C5079%3A5000006400,185.0,61.67
2026-03-10 19:23:32,"Google Pixel 9 Pro XL 5G (256GB, 16GB) 6.8"" Unlocked Black Excellent LCD Shadow",432.99,1199.0,Shipping info unavailable,https://www.ebay.com/itm/406712646965?_trkparms=5373%3A5000006400%7C5374%3ATech%7C5079%3A5000006400,766.01,63.89
2026-03-10 19:23:32,Reolink 16MP 36 Channel Network Video Recorder NVR for Security Camera System,229.99,229.99,Free shipping,https://www.ebay.com/itm/134318905821?_trkparms=5373%3A5000006400%7C5374%3ATech%7C5079%3A5000006400,0.0,0.0
2026-03-10 19:23:32,"Garmin dezl OTR720 Touchscreen 7"" Trucking GPS Navigator 010-02924-00",319.99,449.99,Shipping info unavailable,https://www.ebay.com/itm/187700000728?_trkparms=5373%3A5000006400%7C5374%3ATech%7C5079%3A5000006400,130.0,28.89
2026-03-10 19:23:32,Acer PM161Q 15.6in Portable Monitor FHD 1920x1080 250nit 60Hz 20ms Refurbished,41.84,99.99,Free shipping,https://www.ebay.com/itm/276789897235?_trkparms=5373%3A5000006400%7C5374%3ATech%7C5079%3A5000006400,58.14999999999999,58.16
2026-03-10 19:23:32,Samsung Galaxy S22+ 128GB S906U Unlocked - Very Good,182.99,999.99,Free shipping,https://www.ebay.com/itm/255788146958?_trkparms=5373%3A5000006400%7C5374%3ATech%7C5079%3A5000006400,817.0,81.7
2026-03-10 19:23:32,Samsung Galaxy Watch Ultra (2025) 47MM LTE Unlocked L705U Smartwatch - Excellent,354.99,354.99,Free shipping,https://www.ebay.com/itm/227111541415?_trkparms=5373%3A5000006400%7C5374%3ATech%7C5079%3A5000006400,0.0,0.0
2026-03-10 19:23:32,"Bose QuietComfort Ultra Noise Cancelling Headphones, Certified Refurbished",215.0,229.0,Free shipping,https://www.ebay.com/itm/166708867898?_trkparms=5373%3A5000006400%7C5374%3ATech%7C5079%3A5000006400,14.0,6.11
2026-03-10 19:23:32,Apple - HomePod mini,94.95,118.99,Free shipping,https://www.ebay.com/itm/326656443193?_trkparms=5373%3A5000006400%7C5374%3ATech%7C5079%3A5000006400,24.039999999999992,20.2
2026-03-10 19:23:33,"Apple 2022 iPad Pro, 12.9-inch, Wi-Fi + Cellular, 256GB, Silver - Excellent",592.99,1399.0,Free shipping,https://www.ebay.com/itm/406710862765?_trkparms=5373%3A5000006400%7C5374%3ATech%7C5079%3A5000006400,806.01,57.61
2026-03-10 19:23:33,"HP EliteBook 840 G7 14"" 512GB i5-10310U WIN11P, Silver",225.0,529.99,Free shipping,https://www.ebay.com/itm/366229051169?_trkparms=5373%3A5000006400%7C5374%3ATech%7C5079%3A5000006400,304.99,57.55
2026-03-10 19:23:33,eufy SoloCam S3 Solar Wireless Security Camera 360°PTZ 3K Dual-Cam Night Vision,89.99,199.99,Free shipping,https://www.ebay.com/itm/386708545260?_trkparms=5373%3A5000006400%7C5374%3ATech%7C5079%3A5000006400,110.00000000000001,55.0
2026-03-10 19:23:33,Apple Watch Ultra GPS & Cellular 49mm Titanium Trail Alpine Loop Ocean Excellent,297.99,799.0,Free shipping,https://www.ebay.com/itm/406318312547?_trkparms=5373%3A5000006400%7C5374%3ATech%7C5079%3A5000006400,501.01,62.7
2026-03-10 19:23:33,REDTIGER F7NP 128GB Dash Camera Front and Rear 4K Dash Cam With WiFi&GPS,129.99,189.99,Free shipping,https://www.ebay.com/itm/286761406185?_trkparms=5373%3A5000006400%7C5374%3ATech%7C5079%3A5000006400,60.0,31.58
2026-03-10 19:23:33,Apple iPhone 16 128GB Unlocked Smartphone A3081 Good Condition,499.0,701.0,Free shipping,https://www.ebay.com/itm/227050861810?_trkparms=5373%3A5000006400%7C5374%3ATech%7C5079%3A5000006423,202.0,28.82
2026-03-10 19:23:33,Samsung Galaxy S21 5G 128GB G991U Unlocked - Good,134.99,799.99,Free shipping,https://www.ebay.com/itm/254987231741?_trkparms=5373%3A5000006400%7C5374%3ATech%7C5079%3A5000006423,665.0,83.13
2026-03-10 19:23:33,Apple iPhone 15 Pro 512GB Unlocked AT&T T-Mobile Verizon Very Good Condition,528.95,1299.95,Free shipping,https://www.ebay.com/itm/296106949477?_trkparms=5373%3A5000006400%7C5374%3ATech%7C5079%3A5000006423,771.0,59.31
2026-03-10 19:23:34,UMIDIGI BISON Pro 4GB/8GB+128GB NFC Dual SIM 48MP Rugged Android Smartphone,120.39,120.39,Free shipping,https://www.ebay.com/itm/177660070141?_trkparms=5373%3A5000006400%7C5374%3ATech%7C5079%3A5000006423,0.0,0.0
2026-03-10 19:23:34,"HP OmniBook X 14-fk00 2-in-1 14"" Touch Laptop, Ryzen 7, 24GB, 1TB, Windows",599.99,999.99,Free shipping,https://www.ebay.com/itm/167860839015?_trkparms=5373%3A5000006400%7C5374%3ATech%7C5079%3A5000006407,400.0,40.0
2026-03-10 19:23:34,"Acer Swift Go 14"" Laptop Intel Core Ultra 7 155H 16GB RAM 1TB SSD Refurbished",371.99,799.99,Free shipping,https://www.ebay.com/itm/276709583737?_trkparms=5373%3A5000006400%7C5374%3ATech%7C5079%3A5000006407,428.0,53.5
2026-03-10 19:23:34,"2021 Apple M1 Pro MacBook Pro 16"" 32GB/512GB SSD - (Space Gray) A2485 w/Warranty",795.15,2699.0,Free shipping,https://www.ebay.com/itm/146647402645?_trkparms=5373%3A5000006400%7C5374%3ATech%7C5079%3A5000006407,1903.85,70.54
2026-03-10 19:23:34,"HP EliteBook 845 G8 14"" FHD IPS AMD Ryzen 5 PRO 5650U 32GB 256GB SSD W11P Laptop",369.0,799.99,Free shipping,https://www.ebay.com/itm/376992070163?_trkparms=5373%3A5000006400%7C5374%3ATech%7C5079%3A5000006407,430.99,53.87
2026-03-10 19:23:34,Samsung HW-B750F 5.1ch Bluetooth Soundbar with Wireless Subwoofer – 2025 Model,218.0,599.95,Free shipping,https://www.ebay.com/itm/157040074913?_trkparms=5373%3A5000006400%7C5374%3ATech%7C5079%3A5000006409,381.95000000000005,63.66
2026-03-10 19:23:34,"Bose Solo Soundbar 2 Home Theater, Certified Refurbished",93.0,199.0,Free shipping,https://www.ebay.com/itm/167031735841?_trkparms=5373%3A5000006400%7C5374%3ATech%7C5079%3A5000006409,106.0,53.27
2026-03-10 19:23:34,Samsung 656W 11.1.4-Ch 656W  Dolby Atmos Soundbar System HW-Q990D/ZA,829.98,1599.99,Free shipping,https://www.ebay.com/itm/395482986060?_trkparms=5373%3A5000006400%7C5374%3ATech%7C5079%3A5000006409,770.01,48.13
2026-03-10 19:23:35,SVBONY MK127 127mm Telescope Professional Maksutov-Cassegrain Planetary Visual,479.99,533.32,Free shipping,https://www.ebay.com/itm/197423012127?_trkparms=5373%3A5000006400%7C5374%3ATech%7C5079%3A5000006430,53.33000000000004,10.0
2026-03-10 19:23:35,SVBONY SV48P 102mm f/6.5 Telescope Astronomical Professional for Observation,229.99,333.32,Free shipping,https://www.ebay.com/itm/196534578698?_trkparms=5373%3A5000006400%7C5374%3ATech%7C5079%3A5000006430,103.32999999999998,31.0
2026-03-10 19:23:35,OM System Olympus OM-1 20MP Stacked Sensor Mirrorless Camera,875.0,875.0,Free shipping,https://www.ebay.com/itm/205975048161?_trkparms=5373%3A5000006400%7C5374%3ATech%7C5079%3A5000006430,0.0,0.0
2026-03-10 19:23:35,Nintendo Switch OLED 64GB Game Console + 1 Year🛡️ Warranty | 2-Day Shipping📦✈️,249.95,399.99,Free shipping,https://www.ebay.com/itm/357950678927?_trkparms=5373%3A5000006400%7C5374%3ATech%7C5079%3A5000006401,150.04000000000002,37.51
2026-03-10 19:23:35,Nex Playground Active Play System Motion Gaming Console AI Controller New OB,179.99,199.99,Free shipping,https://www.ebay.com/itm/389679669427?_trkparms=5373%3A5000006400%7C5374%3ATech%7C5079%3A5000006401,20.0,10.0
2026-03-10 19:23:35,"Gaming Charging Case 20W for Nintendo Switch 2, Sage Green",69.99,69.99,Free shipping,https://www.ebay.com/itm/127701925145?_trkparms=5373%3A5000006400%7C5374%3ATech%7C5079%3A5000006401,0.0,0.0
2026-03-10 19:23:35,"Gaming Charging Case 20W for Nintendo Switch 2, Sand",69.99,69.99,Free shipping,https://www.ebay.com/itm/127701925104?_trkparms=5373%3A5000006400%7C5374%3ATech%7C5079%3A5000006401,0.0,0.0
2026-03-10 19:23:35,TABWEE T90 Android Tablet With GPS 11 Inch Andriod 16 24GB+128GB 8000mAh T615,139.0,139.0,Free shipping,https://www.ebay.com/itm/366144621889?_trkparms=5373%3A5000006400%7C5374%3ATech%7C5079%3A5000006415,0.0,0.0
2026-03-10 19:23:36,"Apple iPad Air 5 M1 (2022) 10.9"" 64GB 256GB - WiFi or Cellular - Good",289.99,289.99,Free shipping,https://www.ebay.com/itm/157484606510?_trkparms=5373%3A5000006400%7C5374%3ATech%7C5079%3A5000006415,0.0,0.0
2026-03-10 19:23:36,Apple iPad Pro 12.9″ (5th Gen 2021) Wi-Fi M1 Excellent Condition 1 Year Warranty,499.95,499.95,Free shipping,https://www.ebay.com/itm/227211848353?_trkparms=5373%3A5000006400%7C5374%3ATech%7C5079%3A5000006415,0.0,0.0
2026-03-10 19:23:36,"Apple iPad Pro6 Tablet 12.9"" 6th Gen 2022 WiFi / 5G Models Pro 6 -M2 Very Good",599.95,599.95,Free shipping,https://www.ebay.com/itm/364759523674?_trkparms=5373%3A5000006400%7C5374%3ATech%7C5079%3A5000006415,0.0,0.0
2026-03-10 19:23:36,Apple AirPods Pro 2nd Generation Gen 2 2023 A2968 with Magsafe USB-C Charging,139.95,250.0,Free shipping,https://www.ebay.com/itm/285636515887?_trkparms=5373%3A5000006400%7C5374%3ATech%7C5079%3A5000006419,110.05000000000001,44.02
2026-03-10 19:23:36,Anker 737 Power Bank 24000mAh 3-Port Portable Charger 140W for iPhone 14/MacBook,74.99,159.99,Free shipping,https://www.ebay.com/itm/385840234596?_trkparms=5373%3A5000006400%7C5374%3ATech%7C5079%3A5000006419,85.00000000000001,53.13
2026-03-10 19:23:36,Samsung Galaxy Buds+ Plus SM-R175 Bluetooth True Wireless Earbuds 2020 Colors SR,54.95,54.95,Free shipping,https://www.ebay.com/itm/185460063087?_trkparms=5373%3A5000006400%7C5374%3ATech%7C5079%3A5000006419,0.0,0.0
2026-03-10 19:23:36,Apple AirPods Pro 3 Wireless Active Noise Cancelling Earbuds Magsafe MFHP4LL/A,186.95,186.95,Free shipping,https://www.ebay.com/itm/277504800257?_trkparms=5373%3A5000006400%7C5374%3ATech%7C5079%3A5000006419,0.0,0.0
2026-03-10 19:23:36,"2-Bay/4-Bay Hard Drive Enclosure for 3.5""/2.5'' SATA HDD/SSD 10Gbps USB-C 3.2",75.99,151.98,Free shipping,https://www.ebay.com/itm/236532412408?_trkparms=5373%3A5000006400%7C5374%3ATech%7C5079%3A5000006421,75.99,50.0
2026-03-10 19:23:36,WL OEM 20TB 7.2K RPM SATA 6Gb/s 3.5in Enterprise HDD,357.46,357.46,Free shipping,https://www.ebay.com/itm/297831103459?_trkparms=5373%3A5000006400%7C5374%3ATech%7C5079%3A5000006421,0.0,0.0
2026-03-10 19:23:36,"Samsung - Geek Squad Certified Refurbished T9 Portable SSD 4TB, Up to 2,000MB...",459.99,459.99,Free shipping,https://www.ebay.com/itm/205471528497?_trkparms=5373%3A5000006400%7C5374%3ATech%7C5079%3A5000006421,0.0,0.0
2026-03-10 19:23:37,SAMSUNG SSD 7.68TB 4TB 3.84TB 2TB 1.92TB 1TB 960GB 512GB 500GB 480GB 2.5 6Gbps,74.99,74.99,Free shipping,https://www.ebay.com/itm/326859827047?_trkparms=5373%3A5000006400%7C5374%3ATech%7C5079%3A5000006421,0.0,0.0
2026-03-10 19:23:37,JBL PartyBox 1000 Portable Bluetooth Party Speaker with Full Panel Light Effects,849.0,1349.95,Free shipping,https://www.ebay.com/itm/184651964031?_trkparms=5373%3A5000006400%7C5374%3ATech%7C5079%3A5000006403,500.95000000000005,37.11
2026-03-10 19:23:37,"Soundcore Anker Life Q20 Hybrid Active Noise Cancelling Headphones, Wireless",22.99,28.74,Free shipping,https://www.ebay.com/itm/389129473103?_trkparms=5373%3A5000006400%7C5374%3ATech%7C5079%3A5000006403,5.75,20.01
2026-03-10 19:23:37,Beats Fit Pro Ear Hooks Ear wings Replacement Black White Purple Gray Blue 1Pair,16.0,16.0,Free shipping,https://www.ebay.com/itm/376769728164?_trkparms=5373%3A5000006400%7C5374%3ATech%7C5079%3A5000006403,0.0,0.0
2026-03-10 19:23:37,JBL JBLPARTYBOXULTAM-Z  PartyBox Ultimate Speaker - Certified Refurbished,1199.99,1899.95,Free shipping,https://www.ebay.com/itm/135712104253?_trkparms=5373%3A5000006400%7C5374%3ATech%7C5079%3A5000006403,699.96,36.84
2026-03-10 19:23:37,Bundle: Canon SELPHY CP1500 Compact Photo Printer White with KP-108IN Paper Set,203.99,299.99,Free shipping,https://www.ebay.com/itm/196220534433?_trkparms=5373%3A5000006400%7C5374%3ATech%7C5079%3A5000006417,96.0,32.0
2026-03-10 19:23:37,Genuine HP 646A CF032AC Yellow High Yield Toner 12.5K HP LaserJet CM4540 MFP NEW,19.0,39.0,Free shipping,https://www.ebay.com/itm/305583237926?_trkparms=5373%3A5000006400%7C5374%3ATech%7C5079%3A5000006417,20.0,51.28
2026-03-10 19:23:37,Genuine HP 646A CF033AC Magenta High Yield Toner 12.5K LaserJet CM4540 MFP NEW,17.99,37.99,Free shipping,https://www.ebay.com/itm/305583258247?_trkparms=5373%3A5000006400%7C5374%3ATech%7C5079%3A5000006417,20.000000000000004,52.65
2026-03-10 19:23:37,Canon Selphy CP1500 Wireless Compact Photo Printer (Black),179.0,199.0,Free shipping,https://www.ebay.com/itm/376377515182?_trkparms=5373%3A5000006400%7C5374%3ATech%7C5079%3A5000006417,20.0,10.05
2026-03-10 19:23:38,REDTIGER 4K Dash Cam Front and Rear with AI-Powered Driver Assistance G-Sensor,79.99,139.99,Free shipping,https://www.ebay.com/itm/285933024479?_trkparms=5373%3A5000006400%7C5374%3ATech%7C5079%3A5000006432,60.000000000000014,42.86
2026-03-10 19:23:38,MUCAR 892BT Full Systems Car Bidirectional Diagnostic Scan Tool Life Free Update,489.0,569.0,Free shipping,https://www.ebay.com/itm/397321692203?_trkparms=5373%3A5000006400%7C5374%3ATech%7C5079%3A5000006432,80.0,14.06
2026-03-10 19:23:38,2026 Thinkscan Plus S7 Car OBD2 Scanner Auto Diagnostic Tool ABS SRS BCM IC AC,125.99,189.99,Free shipping,https://www.ebay.com/itm/394131576153?_trkparms=5373%3A5000006400%7C5374%3ATech%7C5079%3A5000006432,64.00000000000001,33.69
2026-03-10 19:23:38,"REDTIGER F17 4K 3 Channel Dash Cam, 5G WiFi Front and Rear Inside 64GB SD Card",159.99,219.99,Free shipping,https://www.ebay.com/itm/285472410074?_trkparms=5373%3A5000006400%7C5374%3ATech%7C5079%3A5000006432,60.0,27.27
2026-03-10 19:23:38,Olympus OM System 12-40mm f2.8 M.Zuiko ED PRO II Lens Micro 4/3 MFT,699.0,699.0,Free shipping,https://www.ebay.com/itm/205996230549?_trkparms=5373%3A5000006400%7C5374%3ATech%7C5079%3A5000006425,0.0,0.0
2026-03-10 19:23:38,JBL PartyBox 1000 Portable Bluetooth Party Speaker with Full Panel Light Effects,849.0,1349.95,Free shipping,https://www.ebay.com/itm/184651964031?_trkparms=5373%3A5000006400%7C5374%3ATech%7C5079%3A5000006413,500.95000000000005,37.11
2026-03-10 19:23:39,Samsung HW-B750F 5.1ch Bluetooth Soundbar with Wireless Subwoofer – 2025 Model,218.0,599.95,Free shipping,https://www.ebay.com/itm/157040074913?_trkparms=5373%3A5000006400%7C5374%3ATech%7C5079%3A5000006413,381.95000000000005,63.66
2026-03-10 19:23:39,"Bose Solo Soundbar 2 Home Theater, Certified Refurbished",93.0,199.0,Free shipping,https://www.ebay.com/itm/167031735841?_trkparms=5373%3A5000006400%7C5374%3ATech%7C5079%3A5000006413,106.0,53.27
2026-03-10 19:23:39,"Soundcore Anker Life Q20 Hybrid Active Noise Cancelling Headphones, Wireless",22.99,28.74,Free shipping,https://www.ebay.com/itm/389129473103?_trkparms=5373%3A5000006400%7C5374%3ATech%7C5079%3A5000006413,5.75,20.01
2026-03-10 19:23:39,Apple Pencil (USB-C) - White Stylus  ‎‎‎MUWA3AM/A with Pixel-Perfect Precision,51.82,56.95,Free shipping,https://www.ebay.com/itm/296262723993?_trkparms=5373%3A5000006400%7C5374%3ATech%7C5079%3A5000006427,5.130000000000003,9.01
2026-03-10 19:23:39,Belkin Thunderbolt 3 Dock Pro (Certified Refurbished) - Space Grey,72.0,179.99,Free shipping,https://www.ebay.com/itm/127463179236?_trkparms=5373%3A5000006400%7C5374%3ATech%7C5079%3A5000006427,107.99000000000001,60.0
2026-03-10 19:23:39,Belkin USB-C Multimedia Hub (Certified Refurbished) - Silver,40.0,99.99,Free shipping,https://www.ebay.com/itm/127463179126?_trkparms=5373%3A5000006400%7C5374%3ATech%7C5079%3A5000006427,59.989999999999995,60.0
2026-03-10 19:23:39,Belkin Thunderbolt 3 Dock Plus (Certified Refurbished) - Black,100.0,249.99,Free shipping,https://www.ebay.com/itm/127463179800?_trkparms=5373%3A5000006400%7C5374%3ATech%7C5079%3A5000006427,149.99,60.0
2026-03-10 19:23:39,Apple iPhone 16 128GB Unlocked Smartphone A3081 Good Condition,499.0,701.0,Free shipping,https://www.ebay.com/itm/227050861810?_trkparms=5373%3A5000006400%7C5374%3ATech%7C5079%3A5000006411,202.0,28.82
2026-03-10 19:23:39,Samsung Galaxy S21 5G 128GB G991U Unlocked - Good,134.99,799.99,Free shipping,https://www.ebay.com/itm/254987231741?_trkparms=5373%3A5000006400%7C5374%3ATech%7C5079%3A5000006411,665.0,83.13
2026-03-10 19:23:40,Apple iPhone 15 Pro 512GB Unlocked AT&T T-Mobile Verizon Very Good Condition,528.95,1299.95,Free shipping,https://www.ebay.com/itm/296106949477?_trkparms=5373%3A5000006400%7C5374%3ATech%7C5079%3A5000006411,771.0,59.31
2026-03-10 19:23:40,Apple AirPods Pro 2nd Generation Gen 2 2023 A2968 with Magsafe USB-C Charging,139.95,250.0,Free shipping,https://www.ebay.com/itm/285636515887?_trkparms=5373%3A5000006400%7C5374%3ATech%7C5079%3A5000006411,110.05000000000001,44.02
2026-03-10 19:23:40,"LG UltraWide 34"" WQHD HDR 10 120Hz 5ms Curved Monitor Black 34U62TB-B 2025 Model",189.99,399.99,Free shipping,https://www.ebay.com/itm/136761082570?_trkparms=5373%3A5000006400%7C5374%3ATech%7C5079%3A5000006405,210.0,52.5
2026-03-10 19:23:40,"HP 524pf 24"" Class Full HD LCD Monitor - 16:9 - Jet Black",135.69,199.0,Free shipping,https://www.ebay.com/itm/306372024621?_trkparms=5373%3A5000006400%7C5374%3ATech%7C5079%3A5000006405,63.31,31.81
2026-03-10 19:23:40,"Refurbished HUION Kamvas Pro 19 18.4"" UHD Drawing Tablet Touch Screen PenTech4.0",729.0,729.0,Free shipping,https://www.ebay.com/itm/335438627589?_trkparms=5373%3A5000006400%7C5374%3ATech%7C5079%3A5000006405,0.0,0.0
2026-03-10 19:23:40,"Refurbished HUION Kamvas 13 (Gen 3) 13.3"" Graphic Tablet Pen Display PenTech4.0",169.0,169.0,Free shipping,https://www.ebay.com/itm/335778622198?_trkparms=5373%3A5000006400%7C5374%3ATech%7C5079%3A5000006405,0.0,0.0
2026-03-11 02:35:36,Samsung Galaxy S23 Ultra 256GB S918U Unlocked - Very Good,385.99,1199.99,Shipping info unavailable,https://www.ebay.com/itm/256379350872?_trkparms=5373%3A5000006400%7C5374%3ATech%7C5079%3A5000006400,814.0,67.83
2026-03-11 02:35:37,Apple iPhone 15 Pro A2848 256GB Unlocked - Excellent Refurbished,499.99,999.99,Shipping info unavailable,https://www.ebay.com/itm/357948869031?_trkparms=5373%3A5000006400%7C5374%3ATech%7C5079%3A5000006400,500.0,50.0
2026-03-11 02:35:37,Samsung Galaxy S24+ 256GB S926U Unlocked - Excellent,431.99,999.99,Shipping info unavailable,https://www.ebay.com/itm/256602372474?_trkparms=5373%3A5000006400%7C5374%3ATech%7C5079%3A5000006400,568.0,56.8
2026-03-11 02:35:38,"Google Pixel Fold 5G 256GB 7.6"" T-Mobile Only, Obsidian Black - Excellent",288.99,1799.0,Shipping info unavailable,https://www.ebay.com/itm/406721939322?_trkparms=5373%3A5000006400%7C5374%3ATech%7C5079%3A5000006400,1510.01,83.94
2026-03-11 02:35:38,Apple iPhone 13 Pro 128GB Unlocked - Excellent,337.99,799.99,Shipping info unavailable,https://www.ebay.com/itm/256446109451?_trkparms=5373%3A5000006400%7C5374%3ATech%7C5079%3A5000006400,462.0,57.75
2026-03-11 02:35:38,Apple iPhone 13 Pro Max 128GB Unlocked - Very Good,370.99,1199.99,Shipping info unavailable,https://www.ebay.com/itm/256488375003?_trkparms=5373%3A5000006400%7C5374%3ATech%7C5079%3A5000006400,829.0,69.08
2026-03-11 02:35:38,Apple iPhone 13 Pro Max 128GB Unlocked - Good,356.99,1199.99,Shipping info unavailable,https://www.ebay.com/itm/256880902001?_trkparms=5373%3A5000006400%7C5374%3ATech%7C5079%3A5000006400,843.0,70.25
2026-03-11 02:35:40,Samsung Galaxy S24+ 256GB S926U Unlocked - Excellent,431.99,999.99,Free shipping,https://www.ebay.com/itm/256602372474?_trkparms=5373%3A5000006400%7C5374%3ATech%7C5079%3A5000006423,568.0,56.8
2026-03-11 09:53:01,Apple iPhone 17 Pro 512GB Unlocked AT&T T-Mobile Verizon Excellent Condition,1201.95,1299.0,Free shipping,https://www.ebay.com/itm/297972009290?_trkparms=5373%3A5000006400%7C5374%3ATech%7C5079%3A5000006400,97.04999999999995,7.47
2026-03-11 15:56:11,"2021 Apple M1 Pro MacBook Pro 16"" 32GB/512GB SSD - (Space Gray) A2485 w/Warranty",795.15,2699.0,Free shipping,https://www.ebay.com/itm/146647402645?_trkparms=5373%3A5000006400%7C5374%3ATech%7C5079%3A5000006400,1903.85,70.54
2026-03-11 15:56:15,VIZIO 32” Class Full HD 1080p LED Smart TV VFD32M-0807,89.99,169.99,Free shipping,https://www.ebay.com/itm/235812307908?_trkparms=5373%3A5000006400%7C5374%3ATech%7C5079%3A5000006400,80.00000000000001,47.06
2026-03-11 15:56:15,Apple Watch Series 8 41mm Gps Only Aluminum - 32GB -Very Good,151.0,151.0,Free shipping,https://www.ebay.com/itm/134581825109?_trkparms=5373%3A5000006400%7C5374%3ATech%7C5079%3A5000006400,0.0,0.0
2026-03-11 15:56:15,Resident Evil Requiem PlayStation 5 - For PlayStation 5 - Rated M (Mature +17) -,77.99,77.99,Free shipping,https://www.ebay.com/itm/298082690431?_trkparms=5373%3A5000006400%7C5374%3ATech%7C5079%3A5000006400,0.0,0.0
2026-03-11 15:56:16,"HP EliteBook 840 G7 14"" 512GB i5-10310U WIN11P, Silver",225.0,529.99,Free shipping,https://www.ebay.com/itm/366229051169?_trkparms=5373%3A5000006400%7C5374%3ATech%7C5079%3A5000006407,304.99,57.55
2026-03-11 15:56:18,"Apple 2022 iPad Pro, 12.9-inch, Wi-Fi + Cellular, 256GB, Silver - Excellent",592.99,1399.0,Free shipping,https://www.ebay.com/itm/406710862765?_trkparms=5373%3A5000006400%7C5374%3ATech%7C5079%3A5000006415,806.01,57.61
2026-03-11 15:56:19,"Bose QuietComfort Ultra Noise Cancelling Headphones, Certified Refurbished",215.0,229.0,Free shipping,https://www.ebay.com/itm/166708867898?_trkparms=5373%3A5000006400%7C5374%3ATech%7C5079%3A5000006403,14.0,6.11
2026-03-11 15:56:20,REDTIGER F7NP 128GB Dash Camera Front and Rear 4K Dash Cam With WiFi&GPS,129.99,189.99,Free shipping,https://www.ebay.com/itm/286761406185?_trkparms=5373%3A5000006400%7C5374%3ATech%7C5079%3A5000006432,60.0,31.58
2026-03-11 15:56:21,"Bose QuietComfort Ultra Noise Cancelling Headphones, Certified Refurbished",215.0,229.0,Free shipping,https://www.ebay.com/itm/166708867898?_trkparms=5373%3A5000006400%7C5374%3ATech%7C5079%3A5000006413,14.0,6.11
2026-03-11 15:56:21,REDTIGER F7NP 128GB Dash Camera Front and Rear 4K Dash Cam With WiFi&GPS,129.99,189.99,Free shipping,https://www.ebay.com/itm/286761406185?_trkparms=5373%3A5000006400%7C5374%3ATech%7C5079%3A5000006413,60.0,31.58
2026-03-11 15:56:22,Belkin Connect USB-C 11-in-1 Multiport Dock (Certified Refurbished) - Silver,48.0,119.99,Free shipping,https://www.ebay.com/itm/127463178960?_trkparms=5373%3A5000006400%7C5374%3ATech%7C5079%3A5000006427,71.99,60.0
2026-03-11 15:56:22,AX3000 WiFi Mesh Extender Long Range Outdoor WiFi 6 Access Point Repeater PoE,199.99,499.98,Free shipping,https://www.ebay.com/itm/236292160001?_trkparms=5373%3A5000006400%7C5374%3ATech%7C5079%3A5000006405,299.99,60.0
2026-03-12 16:06:09,Long Range AX3000 WiFi 6 Mesh Range Extender Outdoor Dual Band WiFi Router,199.99,399.98,Free shipping,https://www.ebay.com/itm/236148615994?_trkparms=5373%3A5000006400%7C5374%3ATech%7C5079%3A5000006405,199.99,50.0
2026-03-12 19:03:28,"MSI G274QPF 27"" WQHD Flat Rapid IPS Gaming Monitor, 170Hz/1ms HDR400",119.99,219.99,Free shipping,https://www.ebay.com/itm/145613148025?_trkparms=5373%3A5000006400%7C5374%3ATech%7C5079%3A5000006400,100.00000000000001,45.46
2026-03-12 19:03:31,Google Pixel 8 Pro 256GB Unlocked AT&T T-Mobile Verizon Very Good Condition,336.95,1059.0,Shipping info unavailable,https://www.ebay.com/itm/297971999059?_trkparms=5373%3A5000006400%7C5374%3ATech%7C5079%3A5000006400,722.05,68.18
2026-03-12 19:03:31,Apple iPhone 13 Pro Max 128GB - Fully Unlocked - EXCELLENT Condition,413.99,699.99,Shipping info unavailable,https://www.ebay.com/itm/326361822196?_trkparms=5373%3A5000006400%7C5374%3ATech%7C5079%3A5000006400,286.0,40.86
2026-03-12 19:03:32,Samsung Galaxy S23 Ultra 256GB S918U Unlocked - Excellent,419.99,1199.99,Shipping info unavailable,https://www.ebay.com/itm/256379350806?_trkparms=5373%3A5000006400%7C5374%3ATech%7C5079%3A5000006400,780.0,65.0
2026-03-12 19:03:32,Samsung Q990F 11.1.4ch Q Series Soundbar Wireless Dolby Atmos,854.99,1999.99,Free shipping,https://www.ebay.com/itm/306378300516?_trkparms=5373%3A5000006400%7C5374%3ATech%7C5079%3A5000006400,1145.0,57.25
2026-03-12 19:03:32,"ASUS ROG Ally 7"" 120Hz FHD Touch AMD Ryzen Z1 16GB 512GB SSD W11H Gaming Console",399.0,649.99,Free shipping,https://www.ebay.com/itm/167912235793?_trkparms=5373%3A5000006400%7C5374%3ATech%7C5079%3A5000006400,250.99,38.61
2026-03-12 19:03:32,OM System Olympus OM-1 20MP Stacked Sensor Mirrorless Camera,875.0,875.0,Free shipping,https://www.ebay.com/itm/205975048161?_trkparms=5373%3A5000006400%7C5374%3ATech%7C5079%3A5000006400,0.0,0.0
2026-03-12 19:03:32,Samsung Galaxy S24 Fe  Fully Unlocked 6.7in 128GB - Excellent,279.0,279.0,Free shipping,https://www.ebay.com/itm/136216790978?_trkparms=5373%3A5000006400%7C5374%3ATech%7C5079%3A5000006400,0.0,0.0
2026-03-12 19:03:32,Apple Watch Series 10 GPS + Cellular 42mm Smartwatch Aluminium Case - Excellent,232.99,232.99,Free shipping,https://www.ebay.com/itm/156512158074?_trkparms=5373%3A5000006400%7C5374%3ATech%7C5079%3A5000006400,0.0,0.0
2026-03-12 19:03:32,JBL PartyBox Stage 320 Illuminated LED Wireless Bluetooth Speaker - Black,422.0,599.99,Free shipping,https://www.ebay.com/itm/157359929835?_trkparms=5373%3A5000006400%7C5374%3ATech%7C5079%3A5000006400,177.99,29.67
2026-03-12 19:03:32,Solar Battery Powered Security Camera WiFi6 Wireless Sys PTZ 3MP Outdoor 4PACK,109.99,119.99,Free shipping,https://www.ebay.com/itm/136526840013?_trkparms=5373%3A5000006400%7C5374%3ATech%7C5079%3A5000006400,10.0,8.33
2026-03-12 19:03:32,Acer AOPEN 32SA2Q Abi 31.5  FHD IPS 75Hz 1ms Widescreen Ultra Thin Monitor,129.99,149.99,Free shipping,https://www.ebay.com/itm/298045775352?_trkparms=5373%3A5000006400%7C5374%3ATech%7C5079%3A5000006400,20.0,13.33
2026-03-12 19:03:33,Samsung Galaxy S25 Ultra  256GB AI Smartphone Unlocked - Excellent,814.99,814.99,Free shipping,https://www.ebay.com/itm/157705508304?_trkparms=5373%3A5000006400%7C5374%3ATech%7C5079%3A5000006423,0.0,0.0
2026-03-12 19:03:34,"Acer Aspire AI 14"" Touch Laptop Intel Core Ultra 5 16GB RAM 1TB SSD Refurbished",371.99,579.99,Free shipping,https://www.ebay.com/itm/256960845305?_trkparms=5373%3A5000006400%7C5374%3ATech%7C5079%3A5000006407,208.0,35.86
2026-03-12 19:03:34,Olympus OM System 12-40mm f2.8 M.Zuiko ED PRO II Lens Micro 4/3 MFT,699.0,699.0,Free shipping,https://www.ebay.com/itm/205996230549?_trkparms=5373%3A5000006400%7C5374%3ATech%7C5079%3A5000006430,0.0,0.0
2026-03-12 19:03:34,Resident Evil Requiem PlayStation 5 - For PlayStation 5 - Rated M (Mature +17) -,77.99,77.99,Free shipping,https://www.ebay.com/itm/298082690431?_trkparms=5373%3A5000006400%7C5374%3ATech%7C5079%3A5000006401,0.0,0.0
2026-03-12 19:03:36,Skullcandy CRUSHER ANC 2 Wireless Headphones SENSORY BASS (Cert Refurb)-BLACKTAN,90.99,249.99,Free shipping,https://www.ebay.com/itm/375792866933?_trkparms=5373%3A5000006400%7C5374%3ATech%7C5079%3A5000006403,159.0,63.6
2026-03-12 19:03:36,HP LaserJet Managed E50145dn Monochrome Laser Printer,279.99,1943.96,Free shipping,https://www.ebay.com/itm/167926708534?_trkparms=5373%3A5000006400%7C5374%3ATech%7C5079%3A5000006417,1663.97,85.6
2026-03-12 19:03:38,Skullcandy CRUSHER ANC 2 Wireless Headphones SENSORY BASS (Cert Refurb)-BLACKTAN,90.99,249.99,Free shipping,https://www.ebay.com/itm/375792866933?_trkparms=5373%3A5000006400%7C5374%3ATech%7C5079%3A5000006413,159.0,63.6
2026-03-12 19:03:39,Samsung Galaxy S25 Ultra  256GB AI Smartphone Unlocked - Excellent,814.99,814.99,Free shipping,https://www.ebay.com/itm/157705508304?_trkparms=5373%3A5000006400%7C5374%3ATech%7C5079%3A5000006411,0.0,0.0
2026-03-12 21:40:55,Apple iPhone 15 128GB - Fully Unlocked- EXCELLENT Condition,399.99,699.99,Shipping info unavailable,https://www.ebay.com/itm/326603770634?_trkparms=5373%3A5000006400%7C5374%3ATech%7C5079%3A5000006400,300.0,42.86
2026-03-12 21:40:55,Samsung Galaxy S23 Ultra 512GB S918U Unlocked - Very Good,433.99,1379.99,Shipping info unavailable,https://www.ebay.com/itm/256613651818?_trkparms=5373%3A5000006400%7C5374%3ATech%7C5079%3A5000006400,946.0,68.55
2026-03-13 02:39:52,Samsung Galaxy S22 Ultra 512GB S908U Unlocked - Good,298.99,1299.0,Shipping info unavailable,https://www.ebay.com/itm/256497629590?_trkparms=5373%3A5000006400%7C5374%3ATech%7C5079%3A5000006400,1000.01,76.98
2026-03-13 02:39:54,Samsung Galaxy S22 Ultra 256GB S908U Unlocked - Very Good,307.99,1299.0,Shipping info unavailable,https://www.ebay.com/itm/256483219323?_trkparms=5373%3A5000006400%7C5374%3ATech%7C5079%3A5000006400,991.01,76.29
2026-03-13 02:39:54,Samsung Galaxy S22 Ultra 256GB S908U Unlocked - Good,288.99,1299.0,Shipping info unavailable,https://www.ebay.com/itm/256459409583?_trkparms=5373%3A5000006400%7C5374%3ATech%7C5079%3A5000006400,1010.01,77.75
2026-03-13 02:39:54,Apple Watch Series 7 45mm (GPS + Cellular) Aluminum Case - Good,113.99,529.0,Shipping info unavailable,https://www.ebay.com/itm/255549266146?_trkparms=5373%3A5000006400%7C5374%3ATech%7C5079%3A5000006400,415.01,78.45
2026-03-13 04:50:52,Samsung Galaxy S24+ Plus 256GB Unlocked ATT T-Mobile Verizon Excellent Condition,443.95,999.99,Free shipping,https://www.ebay.com/itm/306201671854?_trkparms=5373%3A5000006400%7C5374%3ATech%7C5079%3A5000006400,556.04,55.6
2026-03-13 18:53:44,Apple AirTag Bluetooth GPS Tracker Silver MX532AM/A A2187 For iPhone & iPad,18.49,21.75,Free shipping,https://www.ebay.com/itm/296373153889?_trkparms=5373%3A5000006400%7C5374%3ATech%7C5079%3A5000006400,3.2600000000000016,14.99
2026-03-13 18:53:48,Samsung Galaxy S24 Fe Sm-s721u Fully Unlocked 6.7in 128GB - Good,269.0,300.0,Free shipping,https://www.ebay.com/itm/137094632650?_trkparms=5373%3A5000006400%7C5374%3ATech%7C5079%3A5000006400,31.0,10.33
2026-03-13 18:53:48,Apple Watch Series 9 - GPS + GSM Cellular 45mm Smart Watch - Excellent,217.99,217.99,Free shipping,https://www.ebay.com/itm/155919790464?_trkparms=5373%3A5000006400%7C5374%3ATech%7C5079%3A5000006400,0.0,0.0
2026-03-13 18:53:50,Samsung Q990F 11.1.4ch Q Series Soundbar Wireless Dolby Atmos,854.99,1999.99,Free shipping,https://www.ebay.com/itm/306378300516?_trkparms=5373%3A5000006400%7C5374%3ATech%7C5079%3A5000006409,1145.0,57.25
2026-03-13 18:53:51,"Apple iPad Air 5 M1 (2022) 10.9"" 64GB 256GB - WiFi or Cellular - Excellent",309.99,309.99,Free shipping,https://www.ebay.com/itm/157484582682?_trkparms=5373%3A5000006400%7C5374%3ATech%7C5079%3A5000006415,0.0,0.0
2026-03-13 18:53:54,Solar Battery Powered Security Camera WiFi6 Wireless Sys PTZ 3MP Outdoor 4PACK,109.99,119.99,Free shipping,https://www.ebay.com/itm/136526840013?_trkparms=5373%3A5000006400%7C5374%3ATech%7C5079%3A5000006413,10.0,8.33
2026-03-13 18:53:55,Apple Watch Series 10 GPS + Cellular 42mm Smartwatch Aluminium Case - Excellent,232.99,232.99,Free shipping,https://www.ebay.com/itm/156512158074?_trkparms=5373%3A5000006400%7C5374%3ATech%7C5079%3A5000006411,0.0,0.0
2026-03-13 21:40:14,Samsung Galaxy S22 Ultra 128GB S908U Unlocked - Excellent,297.99,1299.0,Shipping info unavailable,https://www.ebay.com/itm/256363262192?_trkparms=5373%3A5000006400%7C5374%3ATech%7C5079%3A5000006400,1001.01,77.06
2026-03-13 21:40:15,Google Pixel 9 Pro 256GB Unlocked AT&T T-Mobile Verizon Excellent Condition,519.95,1099.0,Shipping info unavailable,https://www.ebay.com/itm/306727543962?_trkparms=5373%3A5000006400%7C5374%3ATech%7C5079%3A5000006400,579.05,52.69
2026-03-14 02:37:50,Samsung Galaxy S21 Plus S21+ 5G 128GB 256GB Unlocked Phone SM-G996U1 Good,132.99,999.99,Shipping info unavailable,https://www.ebay.com/itm/204179840469?_trkparms=5373%3A5000006400%7C5374%3ATech%7C5079%3A5000006400,867.0,86.7
2026-03-14 02:37:53,"MSI Crosshair 18 HX AI A2XWGKG-012US 18"" Gaming Laptop QHD U9-275HX 5070 1TB",1299.0,1699.0,Free shipping,https://www.ebay.com/itm/326849362968?_trkparms=5373%3A5000006400%7C5374%3ATech%7C5079%3A5000006407,400.0,23.54
2026-03-14 18:50:33,Google Pixel Buds A-Series  Wireless Earbuds - Headphones w/ Bluetooth White New,79.99,79.99,Free shipping,https://www.ebay.com/itm/188146044632?_trkparms=5373%3A5000006400%7C5374%3ATech%7C5079%3A5000006400,0.0,0.0
2026-03-14 21:33:08,Samsung Galaxy Z Fold6 256GB F956U Unlocked - Good,538.99,1899.99,Shipping info unavailable,https://www.ebay.com/itm/257265461522?_trkparms=5373%3A5000006400%7C5374%3ATech%7C5079%3A5000006400,1361.0,71.63
2026-03-14 21:33:08,"Lenovo IdeaPad Slim 5 16"" Touchscreen Laptop Ryzen AI 7 350 16GB 1TB 83HY001KUS",492.99,699.99,Free shipping,https://www.ebay.com/itm/236630939369?_trkparms=5373%3A5000006400%7C5374%3ATech%7C5079%3A5000006400,207.0,29.57
2026-03-14 21:33:08,"Seagate Exos X22 ST28000NM000C 28TB CMR SATA 6Gb/s 3.5"" Enterprise Hard Drive",599.99,599.99,Free shipping,https://www.ebay.com/itm/226536548299?_trkparms=5373%3A5000006400%7C5374%3ATech%7C5079%3A5000006400,0.0,0.0
2026-03-14 21:33:09,"ASUS ROG Ally 7"" Touch AMD Ryzen Z1 Extreme 16GB 512GB SSD W11H Gaming Console",459.0,829.99,Free shipping,https://www.ebay.com/itm/376870971472?_trkparms=5373%3A5000006400%7C5374%3ATech%7C5079%3A5000006400,370.99,44.7
2026-03-14 21:33:09,"Samsung Galaxy  Tab S10 Ultra SM-X920 14.6"" 256GB  WiFi - Very Good",688.99,1199.99,Free shipping,https://www.ebay.com/itm/167998820796?_trkparms=5373%3A5000006400%7C5374%3ATech%7C5079%3A5000006400,511.0,42.58
2026-03-14 21:33:12,"Gaming Charging Case Pro 30W, Green",99.99,99.99,Free shipping,https://www.ebay.com/itm/127701926681?_trkparms=5373%3A5000006400%7C5374%3ATech%7C5079%3A5000006401,0.0,0.0
2026-03-14 21:33:14,JBL PartyBox Stage 320 Illuminated LED Wireless Bluetooth Speaker - Black,422.0,549.95,Free shipping,https://www.ebay.com/itm/157359929835?_trkparms=5373%3A5000006400%7C5374%3ATech%7C5079%3A5000006403,127.95000000000005,23.27
2026-03-15 03:16:14,Apple 2024 MacBook Air with Apple M3 Chip 15-inch 8GB RAM 512GB SSD - Excellent,848.99,848.99,Free shipping,https://www.ebay.com/itm/188033193509?_trkparms=5373%3A5000006400%7C5374%3ATech%7C5079%3A5000006400,0.0,0.0
2026-03-15 03:16:14,Soundcore Motion X600 Portable Speaker Hi-Res Spatial Audio Waterproof50W|Refurb,105.99,199.99,Shipping info unavailable,https://www.ebay.com/itm/383968432334?_trkparms=5373%3A5000006400%7C5374%3ATech%7C5079%3A5000006400,94.00000000000001,47.0
2026-03-15 07:08:23,Apple iPhone 13 128GB Unlocked - Excellent,269.99,799.99,Shipping info unavailable,https://www.ebay.com/itm/256350256024?_trkparms=5373%3A5000006400%7C5374%3ATech%7C5079%3A5000006400,530.0,66.25
2026-03-15 13:08:00,"2-Bay/4-Bay Hard Drive Enclosure for 3.5""/2.5'' SATA HDD/SSD 10Gbps USB-C 3.2",75.99,151.98,Free shipping,https://www.ebay.com/itm/236532412408?_trkparms=5373%3A5000006400%7C5374%3ATech%7C5079%3A5000006400,75.99,50.0
2026-03-15 18:51:14,Google Pixel 8 Pro 256GB Factory Unlocked - Good,337.99,900.0,Free shipping,https://www.ebay.com/itm/326801128405?_trkparms=5373%3A5000006400%7C5374%3ATech%7C5079%3A5000006400,562.01,62.45
2026-03-15 18:51:17,Soundcore Liberty 4 NC Wireless Earbuds 98.5% Noise Reduction Adaptive ANC 2.0,44.99,99.99,Shipping info unavailable,https://www.ebay.com/itm/383768416887?_trkparms=5373%3A5000006400%7C5374%3ATech%7C5079%3A5000006400,54.99999999999999,55.01
2026-03-15 18:51:17,Apple iPhone 15 Pro 128GB Unlocked - Good,433.99,999.0,Shipping info unavailable,https://www.ebay.com/itm/257324836668?_trkparms=5373%3A5000006400%7C5374%3ATech%7C5079%3A5000006400,565.01,56.56
2026-03-15 18:51:18,Skullcandy CRUSHER ANC 2 Wireless Headphones SENSORY BASS (Cert Refurb)-BLACKTAN,90.99,249.99,Free shipping,https://www.ebay.com/itm/375792866933?_trkparms=5373%3A5000006400%7C5374%3ATech%7C5079%3A5000006400,159.0,63.6
2026-03-15 18:51:18,"Lenovo LOQ 15.6"" FHD 144Hz AMD Ryzen 7 250 NVIDIA RTX 5060 Laptop 16GB RAM 512GB",999.99,1149.99,Free shipping,https://www.ebay.com/itm/297778435393?_trkparms=5373%3A5000006400%7C5374%3ATech%7C5079%3A5000006400,150.0,13.04
2026-03-15 18:51:18,Google Pixel Buds Pro - Noise Canceling Earbuds Headphones - New,99.99,99.99,Free shipping,https://www.ebay.com/itm/168174134725?_trkparms=5373%3A5000006400%7C5374%3ATech%7C5079%3A5000006400,0.0,0.0
2026-03-15 18:51:18,Beats by Dr. Dre Beats Fit Pro Wireless In Ear Headphones - New,124.99,124.99,Free shipping,https://www.ebay.com/itm/188078289088?_trkparms=5373%3A5000006400%7C5374%3ATech%7C5079%3A5000006400,0.0,0.0
2026-03-15 18:51:18,Samsung Galaxy Buds 3 FE (R420) Wireless Bluetooth Headphones - Excellent,88.99,900.0,Free shipping,https://www.ebay.com/itm/227162921333?_trkparms=5373%3A5000006400%7C5374%3ATech%7C5079%3A5000006400,811.01,90.11
2026-03-15 18:51:18,"Apple iPad Pro 11"" M4 Chip 1TB Wi-Fi + Cell MWRP3LL/A Black Nano-Texture Good",879.0,1231.0,Free shipping,https://www.ebay.com/itm/227064124734?_trkparms=5373%3A5000006400%7C5374%3ATech%7C5079%3A5000006400,352.0,28.59
2026-03-15 21:35:23,JBL Endurance Peak 3 In Ear Wireless Dust and Water Proof Headphones - Black,56.45,100.0,Shipping info unavailable,https://www.ebay.com/itm/277088748339?_trkparms=5373%3A5000006400%7C5374%3ATech%7C5079%3A5000006400,43.55,43.55
2026-03-15 21:35:23,Soundcore P30i Wireless Earbuds Smart Noise Cancelling Headphones 2-in-1 Case,21.99,49.99,Shipping info unavailable,https://www.ebay.com/itm/384343398732?_trkparms=5373%3A5000006400%7C5374%3ATech%7C5079%3A5000006400,28.000000000000004,56.01
2026-03-16 03:18:43,Apple Watch Series 7 41mm (GPS + Cellular) Aluminum Case - Good,113.99,509.0,Shipping info unavailable,https://www.ebay.com/itm/256003646981?_trkparms=5373%3A5000006400%7C5374%3ATech%7C5079%3A5000006400,395.01,77.61
2026-03-16 07:41:32,eufy Security Floodlight Camera E30 2K HD Outdoor Cam 360° P&T AI Detect|Refurb,96.99,149.99,Shipping info unavailable,https://www.ebay.com/itm/388035444152?_trkparms=5373%3A5000006400%7C5374%3ATech%7C5079%3A5000006400,53.000000000000014,35.34
2026-03-16 07:41:34,Apple iPhone 12 256GB - Fully Unlocked  - VERY GOOD Condition,228.99,499.99,Shipping info unavailable,https://www.ebay.com/itm/226308512508?_trkparms=5373%3A5000006400%7C5374%3ATech%7C5079%3A5000006400,271.0,54.2
2026-03-16 07:41:34,Samsung Galaxy Watch Ultra 47mm L705U (GPS + Cellular) Marine Band - Very Good,229.99,649.99,Shipping info unavailable,https://www.ebay.com/itm/256912694766?_trkparms=5373%3A5000006400%7C5374%3ATech%7C5079%3A5000006400,420.0,64.62
2026-03-16 07:41:34,"Soundcore Motion X600 Portable Bluetooth Speaker Wireless Hi-Res Waterproof ,50W",105.99,199.99,Shipping info unavailable,https://www.ebay.com/itm/384513193312?_trkparms=5373%3A5000006400%7C5374%3ATech%7C5079%3A5000006400,94.00000000000001,47.0
2026-03-16 07:41:37,Samsung Galaxy Z Fold6 512GB F956U Unlocked - Excellent,647.99,647.99,Free shipping,https://www.ebay.com/itm/256905122037?_trkparms=5373%3A5000006400%7C5374%3ATech%7C5079%3A5000006423,0.0,0.0
2026-03-16 07:41:37,Acer Chromebook 514 14 NB FHD Intel i3-N305 8GB RAM 512GB SSD Refurbished,185.99,598.99,Free shipping,https://www.ebay.com/itm/277327844188?_trkparms=5373%3A5000006400%7C5374%3ATech%7C5079%3A5000006407,413.0,68.95
2026-03-16 07:41:40,"Lot of 10 Mixed Brand Mixed Speed 1TB 2.5"" SATA Hard Drive HDD Tested Wiped",259.99,259.99,Free shipping,https://www.ebay.com/itm/226433439194?_trkparms=5373%3A5000006400%7C5374%3ATech%7C5079%3A5000006421,0.0,0.0
2026-03-16 07:41:40,"Harman Kardon Citation 200 Watt Bluetooth Speaker, Black - Certified Refurbished",199.99,599.95,Free shipping,https://www.ebay.com/itm/136874754523?_trkparms=5373%3A5000006400%7C5374%3ATech%7C5079%3A5000006403,399.96000000000004,66.67
2026-03-16 07:41:41,"Garmin dezl OTR720 Touchscreen 7"" Trucking GPS Navigator 010-02924-00",319.99,449.99,Free shipping,https://www.ebay.com/itm/187700000728?_trkparms=5373%3A5000006400%7C5374%3ATech%7C5079%3A5000006432,130.0,28.89
2026-03-16 07:41:41,"Pioneer DMH-W3000NEX 6.8"" Touchscreen Apple CarPlay Android Auto Receiver",279.0,399.99,Free shipping,https://www.ebay.com/itm/156739552603?_trkparms=5373%3A5000006400%7C5374%3ATech%7C5079%3A5000006432,120.99000000000001,30.25
2026-03-16 07:41:41,"Pioneer DMH-WT6000NEX 10.1"" Touchscreen Receiver w/ Wireless CarPlay & Bluetooth",556.0,899.99,Free shipping,https://www.ebay.com/itm/186995662484?_trkparms=5373%3A5000006400%7C5374%3ATech%7C5079%3A5000006432,343.99,38.22
2026-03-16 07:41:41,Garmin Dash Cam Mini 2 Compact In-Vehicle Recording Device 010-02504-00,99.99,129.99,Free shipping,https://www.ebay.com/itm/204126134400?_trkparms=5373%3A5000006400%7C5374%3ATech%7C5079%3A5000006432,30.000000000000014,23.08
2026-03-16 07:41:43,PNY NVIDIA GeForce RTX™ 5070 12GB OC Triple Fan Graphics Card,580.0,580.0,Free shipping,https://www.ebay.com/itm/336425365422?_trkparms=5373%3A5000006400%7C5374%3ATech%7C5079%3A5000006405,0.0,0.0
2026-03-16 07:41:43,MSI GeForce RTX 4060 8GB GDDR6 VENTUS 2X BLACK OC VIDEO CARD,239.0,499.0,Free shipping,https://www.ebay.com/itm/226473009524?_trkparms=5373%3A5000006400%7C5374%3ATech%7C5079%3A5000006405,260.0,52.1
2026-03-16 07:41:43,"MSI G274QPF 27"" WQHD Flat Rapid IPS Gaming Monitor, 170Hz/1ms HDR400",119.99,219.99,Free shipping,https://www.ebay.com/itm/145613148025?_trkparms=5373%3A5000006400%7C5374%3ATech%7C5079%3A5000006405,100.00000000000001,45.46
2026-03-16 07:41:44,"Acer Nitro 27"" Gaming Monitor 4K UHD 1000Nit 160Hz 1ms XV275K Refurbished",232.49,879.99,Free shipping,https://www.ebay.com/itm/277040332428?_trkparms=5373%3A5000006400%7C5374%3ATech%7C5079%3A5000006405,647.5,73.58
2026-03-16 16:12:32,"Samsung QN43LS03FA The Frame 43"" QLED 4K UHD HDR Smart TV – 2025 Model",525.0,697.99,Shipping info unavailable,https://www.ebay.com/itm/187269094491?_trkparms=5373%3A5000006400%7C5374%3ATech%7C5079%3A5000006400,172.99,24.78
2026-03-16 16:12:32,eufy SoloCam S220 Wireless Home Security System 2K Outdoor Cameras Solar Powered,162.0,379.99,Shipping info unavailable,https://www.ebay.com/itm/383934385527?_trkparms=5373%3A5000006400%7C5374%3ATech%7C5079%3A5000006400,217.99,57.37
2026-03-16 16:12:32,eufy eufyCam 3 Wireless Solar Camera System 4K Outdoor Cam 4pcs Security Cameras,332.99,699.99,Shipping info unavailable,https://www.ebay.com/itm/389351804628?_trkparms=5373%3A5000006400%7C5374%3ATech%7C5079%3A5000006400,367.0,52.43
2026-03-16 16:12:32,Samsung Galaxy Buds 3 Pro AI Wireless Active Noise Cancelling Earbuds - Silver,106.95,150.0,Shipping info unavailable,https://www.ebay.com/itm/286661893859?_trkparms=5373%3A5000006400%7C5374%3ATech%7C5079%3A5000006400,43.05,28.7
2026-03-16 16:12:32,Apple AirPods Pro 2nd Generation Gen 2 2023 A2968 with Magsafe USB-C Charging,144.95,250.0,Shipping info unavailable,https://www.ebay.com/itm/285636515887?_trkparms=5373%3A5000006400%7C5374%3ATech%7C5079%3A5000006400,105.05000000000001,42.02
2026-03-16 16:12:32,"eufy Security eufyCam S3 Pro Add-on Camera with Solar Panel, Outdoor Wireless 4K",152.0,169.99,Shipping info unavailable,https://www.ebay.com/itm/384256171857?_trkparms=5373%3A5000006400%7C5374%3ATech%7C5079%3A5000006400,17.99000000000001,10.58
2026-03-16 16:12:32,"Pioneer DMH-W3000NEX 6.8"" Touchscreen Apple CarPlay Android Auto Receiver",279.0,399.99,Shipping info unavailable,https://www.ebay.com/itm/156739552603?_trkparms=5373%3A5000006400%7C5374%3ATech%7C5079%3A5000006400,120.99000000000001,30.25
2026-03-16 16:12:33,LG 55 inch OLED evo G5 4K UHD Smart TV + Wall Mount – 2025 Model – OLED55G5WUA,1309.0,1796.99,Shipping info unavailable,https://www.ebay.com/itm/167723590879?_trkparms=5373%3A5000006400%7C5374%3ATech%7C5079%3A5000006400,487.99,27.16
2026-03-16 16:12:33,JBL Boombox 3 Portable Waterproof Bluetooth Speaker - Black,282.0,499.95,Shipping info unavailable,https://www.ebay.com/itm/167923835076?_trkparms=5373%3A5000006400%7C5374%3ATech%7C5079%3A5000006400,217.95,43.59
2026-03-16 16:12:33,Anker Soundcore 2 Wireless Bluetooth Speaker Bass Dual-Driver IPX7 12W|Refurbish,22.99,44.99,Shipping info unavailable,https://www.ebay.com/itm/384702107204?_trkparms=5373%3A5000006400%7C5374%3ATech%7C5079%3A5000006400,22.000000000000004,48.9
2026-03-16 16:12:33,"Lenovo ThinkPad T14 Gen 2 14"" AMD Ryzen 5 Laptop 48GB RAM 4TB SSD Windows 11 Pro",399.99,399.99,Free shipping,https://www.ebay.com/itm/336429944282?_trkparms=5373%3A5000006400%7C5374%3ATech%7C5079%3A5000006400,0.0,0.0
2026-03-16 16:12:33,Soundcore Liberty 4 Pro Wireless Earbuds Noise Cancelling 7-Sensor ANC|Refurbish,71.99,129.99,Shipping info unavailable,https://www.ebay.com/itm/383509044329?_trkparms=5373%3A5000006400%7C5374%3ATech%7C5079%3A5000006400,58.000000000000014,44.62
2026-03-16 16:12:33,Soundcore V20i Open-Ear Headphones Bassup Bluetooth5.4 Earbuds for Sport Fitness,20.69,39.99,Shipping info unavailable,https://www.ebay.com/itm/384400156306?_trkparms=5373%3A5000006400%7C5374%3ATech%7C5079%3A5000006400,19.3,48.26
2026-03-16 16:12:34,Apple AirPods Pro 3 (3rd Gen) Magsafe USB-C Charging Case Replacement A3122,60.9,250.0,Shipping info unavailable,https://www.ebay.com/itm/297922109604?_trkparms=5373%3A5000006400%7C5374%3ATech%7C5079%3A5000006400,189.1,75.64
2026-03-16 16:12:34,"JBL JBLPBOTGESAM-Z PARTYBOX ON-THE-GO ESSENTIAL, Black - Certified Refurbished",227.99,349.95,Shipping info unavailable,https://www.ebay.com/itm/135873285073?_trkparms=5373%3A5000006400%7C5374%3ATech%7C5079%3A5000006400,121.95999999999998,34.85
2026-03-16 16:12:34,"Apple MacBook Pro (16-inch, M1 Pro, 2021) 16GB RAM -512GB SSD - Good",679.0,679.0,Free shipping,https://www.ebay.com/itm/366193782181?_trkparms=5373%3A5000006400%7C5374%3ATech%7C5079%3A5000006400,0.0,0.0
2026-03-16 16:12:34,Soundcore Space One Wireless Headphones 40H ANC Playtime 2XStronger Voice Reduct,59.99,99.99,Shipping info unavailable,https://www.ebay.com/itm/383751650575?_trkparms=5373%3A5000006400%7C5374%3ATech%7C5079%3A5000006400,39.99999999999999,40.0
2026-03-16 16:12:34,eufy SoloCam E30 2-Cam Kit 2K Solar Camera Outdoor Wireless 360° Pan AI Tracking,181.0,229.99,Shipping info unavailable,https://www.ebay.com/itm/389106498239?_trkparms=5373%3A5000006400%7C5374%3ATech%7C5079%3A5000006400,48.99000000000001,21.3
2026-03-16 16:12:34,Anker PowerConf S3 Bluetooth Speakerphone Conference Speaker for Meeting |Refurb,53.99,99.99,Shipping info unavailable,https://www.ebay.com/itm/384274854019?_trkparms=5373%3A5000006400%7C5374%3ATech%7C5079%3A5000006400,45.99999999999999,46.0
2026-03-16 16:12:34,eufy SoloCamE30 2K Wireless Outdoor Solar Cameras 360° Pan AI Tracking  2 Pack,162.0,199.99,Shipping info unavailable,https://www.ebay.com/itm/389106532526?_trkparms=5373%3A5000006400%7C5374%3ATech%7C5079%3A5000006400,37.99000000000001,19.0
2026-03-16 16:12:34,"Pioneer DMH-WT6000NEX 10.1"" Touchscreen Receiver w/ Wireless CarPlay & Bluetooth",556.0,899.99,Shipping info unavailable,https://www.ebay.com/itm/186995662484?_trkparms=5373%3A5000006400%7C5374%3ATech%7C5079%3A5000006400,343.99,38.22
2026-03-16 16:12:35,"Apple 11"" iPad Pro M4 Chip 256GB Wi-Fi Only Space Black MVV83LL/A",770.99,1099.99,Free shipping,https://www.ebay.com/itm/235969840623?_trkparms=5373%3A5000006400%7C5374%3ATech%7C5079%3A5000006400,329.0,29.91
2026-03-16 16:12:35,"Bose QuietComfort Noise Cancelling Headphones, Certified Refurbished",187.0,199.0,Free shipping,https://www.ebay.com/itm/166819315978?_trkparms=5373%3A5000006400%7C5374%3ATech%7C5079%3A5000006400,12.0,6.03
2026-03-16 16:12:36,"NEBULA Mars 3 Outdoor Portable Projector 1080P Autofocus 200"" Home Cinema|Refurb",543.99,1049.99,Free shipping,https://www.ebay.com/itm/386267169046?_trkparms=5373%3A5000006400%7C5374%3ATech%7C5079%3A5000006400,506.0,48.19
2026-03-16 16:12:36,Apple iPhone 14 128/256/512GB Unlocked Good All Colors,251.86,251.86,Free shipping,https://www.ebay.com/itm/127566082117?_trkparms=5373%3A5000006400%7C5374%3ATech%7C5079%3A5000006423,0.0,0.0
2026-03-16 16:12:36,Samsung Galaxy S23 Ultra 256GB S918U Unlocked - Good,368.99,368.99,Free shipping,https://www.ebay.com/itm/256460585805?_trkparms=5373%3A5000006400%7C5374%3ATech%7C5079%3A5000006423,0.0,0.0
2026-03-16 16:12:36,Apple iPhone 15 Pro Max 256GB Unlocked - Excellent,599.95,599.95,Free shipping,https://www.ebay.com/itm/387296016435?_trkparms=5373%3A5000006400%7C5374%3ATech%7C5079%3A5000006423,0.0,0.0
2026-03-16 16:12:36,Google Pixel 7a | 7 | 7 Pro - 128GB 256GB 512GB - Unlocked - Smartphone,174.95,174.95,Free shipping,https://www.ebay.com/itm/186577116952?_trkparms=5373%3A5000006400%7C5374%3ATech%7C5079%3A5000006423,0.0,0.0
2026-03-16 16:12:37,"Acer Nitro V 15.6"" Laptop i5-13420H 16GB RAM 512GB SSD 8GB RTX 5050 Refurbished",650.99,898.99,Free shipping,https://www.ebay.com/itm/257313224756?_trkparms=5373%3A5000006400%7C5374%3ATech%7C5079%3A5000006407,248.0,27.59
2026-03-16 16:12:37,"Sony DVD Player w/ HD Upconversion 1080p Upscaling, HDMI output, Black DVP-SR510",34.98,59.68,Free shipping,https://www.ebay.com/itm/366032027568?_trkparms=5373%3A5000006400%7C5374%3ATech%7C5079%3A5000006409,24.700000000000003,41.39
2026-03-16 16:12:37,Canon EOS R50 Mirrorless Camera Black + 3 Lens Kit 18-45mm + 32GB + Flash & More,749.95,1054.95,Free shipping,https://www.ebay.com/itm/336181434990?_trkparms=5373%3A5000006400%7C5374%3ATech%7C5079%3A5000006430,305.0,28.91
2026-03-16 16:12:37,Nikon Z 6 Mirrorless Digital Camera 24.5MP Z6 Body #CR,610.06,649.0,Free shipping,https://www.ebay.com/itm/147162081653?_trkparms=5373%3A5000006400%7C5374%3ATech%7C5079%3A5000006430,38.940000000000055,6.0
2026-03-16 16:12:38,Nintendo Switch Lite Gaming Handheld - Pick Your Color! + Free 1 Year Warranty🛡,159.99,229.99,Free shipping,https://www.ebay.com/itm/197909557557?_trkparms=5373%3A5000006400%7C5374%3ATech%7C5079%3A5000006401,70.0,30.44
2026-03-16 16:12:38,Nintendo Switch OLED 64GB Pokemon Scarlet & Violet ✨ Limited Edition ✨ Console,341.1,449.99,Free shipping,https://www.ebay.com/itm/195687374485?_trkparms=5373%3A5000006400%7C5374%3ATech%7C5079%3A5000006401,108.88999999999999,24.2
2026-03-16 16:12:38,Nintendo Switch Lite CHOOSE YOUR COLOR + Free 1 Year Warranty!,189.99,229.99,Free shipping,https://www.ebay.com/itm/196223759238?_trkparms=5373%3A5000006400%7C5374%3ATech%7C5079%3A5000006401,40.0,17.39
2026-03-16 16:12:38,Apple iPad Pro 2024 13-inch Wi-Fi + Cellular 256GB - M4 Chip - Black - Excellent,848.99,848.99,Free shipping,https://www.ebay.com/itm/187114714637?_trkparms=5373%3A5000006400%7C5374%3ATech%7C5079%3A5000006415,0.0,0.0
2026-03-16 16:12:38,"Apple iPad 7th Gen. 128GB, Wi-Fi, 10.2 in  Space Gray Model A2197 IOS 18.7",134.99,134.99,Free shipping,https://www.ebay.com/itm/236504105574?_trkparms=5373%3A5000006400%7C5374%3ATech%7C5079%3A5000006415,0.0,0.0
2026-03-16 16:12:39,"Seagate Exos ST22000NM000C 22TB CMR 7200RPM SATA6Gb/s 3.5"" Enterprise Hard Drive",479.99,479.99,Free shipping,https://www.ebay.com/itm/226543075141?_trkparms=5373%3A5000006400%7C5374%3ATech%7C5079%3A5000006421,0.0,0.0
2026-03-16 16:12:39,"Seagate ST26000NM000C 26TB 256MB 7200RPM 3.5"" SATA 6.0Gb/s Enterprise Hard Drive",539.99,539.99,Free shipping,https://www.ebay.com/itm/177822694301?_trkparms=5373%3A5000006400%7C5374%3ATech%7C5079%3A5000006421,0.0,0.0
2026-03-16 16:12:39,"Seagate Exos ST20000NM002C 20TB CMR 7200RPM SATA6Gb/s 3.5"" Enterprise Hard Drive",459.99,459.99,Free shipping,https://www.ebay.com/itm/226562222824?_trkparms=5373%3A5000006400%7C5374%3ATech%7C5079%3A5000006421,0.0,0.0
2026-03-16 16:12:39,"Seagate Exos X24 ST24000NM000H 24TB CMR 7200RPM SATA 6.0Gb/s 3.5"" Enterprise HDD",559.99,559.99,Free shipping,https://www.ebay.com/itm/226543048998?_trkparms=5373%3A5000006400%7C5374%3ATech%7C5079%3A5000006421,0.0,0.0
2026-03-16 16:12:39,Apple AirPods Max USB-C 2nd Generation Midnight MWW43AM/A Bluetooth 2024 Model,389.99,549.0,Free shipping,https://www.ebay.com/itm/365379505321?_trkparms=5373%3A5000006400%7C5374%3ATech%7C5079%3A5000006403,159.01,28.96
2026-03-16 16:12:40,Monster Rockin' Roller 300 Indoor/Outdoor Portable Bluetooth Speaker MNRR300,149.99,199.99,Free shipping,https://www.ebay.com/itm/397399597636?_trkparms=5373%3A5000006400%7C5374%3ATech%7C5079%3A5000006403,50.0,25.0
2026-03-16 16:12:40,"JBL Charge 6 Waterproof Speaker w/Powerbank,Black-Certified Refurbished",129.0,199.95,Free shipping,https://www.ebay.com/itm/136599910372?_trkparms=5373%3A5000006400%7C5374%3ATech%7C5079%3A5000006403,70.94999999999999,35.48
2026-03-16 16:12:40,FUJIFILM INSTAX Link Wide Smartphone Printer Ash White,159.95,159.95,Free shipping,https://www.ebay.com/itm/326359263827?_trkparms=5373%3A5000006400%7C5374%3ATech%7C5079%3A5000006417,0.0,0.0
2026-03-16 16:12:40,Genuine HP 824A CB382YC Yellow HighYield Toner 21K Page CP6015 CM6030 CM6040 NEW,19.99,39.99,Free shipping,https://www.ebay.com/itm/296467422783?_trkparms=5373%3A5000006400%7C5374%3ATech%7C5079%3A5000006417,20.000000000000004,50.01
2026-03-16 16:12:41,Nikon NIKKOR Z 50mm f/1.8 S Lens 20083,420.99,494.49,Free shipping,https://www.ebay.com/itm/297697533084?_trkparms=5373%3A5000006400%7C5374%3ATech%7C5079%3A5000006425,73.5,14.86
2026-03-16 16:12:41,Sony FE 24-105mm f/4 G OSS Full Frame Zoom Lens for Sony E-Mount,1244.99,2908.0,Free shipping,https://www.ebay.com/itm/277110388525?_trkparms=5373%3A5000006400%7C5374%3ATech%7C5079%3A5000006425,1663.01,57.19
2026-03-16 16:12:41,Sony FE 85mm f/1.8 E Mount Lens SEL85F18 for Sony E Mount,619.99,1057.95,Free shipping,https://www.ebay.com/itm/276808363931?_trkparms=5373%3A5000006400%7C5374%3ATech%7C5079%3A5000006425,437.96000000000004,41.4
2026-03-16 16:12:42,Anker PowerConf C200 2K Webcam w/ AI-Noise Canceling Mic Built-In Privacy Cover,43.14,59.99,Free shipping,https://www.ebay.com/itm/385039764481?_trkparms=5373%3A5000006400%7C5374%3ATech%7C5079%3A5000006427,16.85,28.09
2026-03-16 16:12:42,Kanto YU2 Powered Desktop Computer Speakers - Matte White - Pair,216.0,299.99,Free shipping,https://www.ebay.com/itm/167509917471?_trkparms=5373%3A5000006400%7C5374%3ATech%7C5079%3A5000006427,83.99000000000001,28.0
2026-03-16 16:12:42,Spigen [Ultra Hybrid Pro] Case | for iPad Mini 6/7 (2024/2021),29.99,29.99,Free shipping,https://www.ebay.com/itm/276833218415?_trkparms=5373%3A5000006400%7C5374%3ATech%7C5079%3A5000006427,0.0,0.0
2026-03-16 16:12:42,Apple iPhone 14 128/256/512GB Unlocked Good All Colors,251.86,251.86,Free shipping,https://www.ebay.com/itm/127566082117?_trkparms=5373%3A5000006400%7C5374%3ATech%7C5079%3A5000006411,0.0,0.0
2026-03-16 16:12:42,Apple Watch Ultra 2 2nd Generation GPS & Cellular 49mm - Titanium - Excellent,407.99,407.99,Free shipping,https://www.ebay.com/itm/186153928007?_trkparms=5373%3A5000006400%7C5374%3ATech%7C5079%3A5000006411,0.0,0.0
2026-03-16 16:12:42,Samsung Galaxy S23 Ultra 256GB S918U Unlocked - Good,368.99,368.99,Free shipping,https://www.ebay.com/itm/256460585805?_trkparms=5373%3A5000006400%7C5374%3ATech%7C5079%3A5000006411,0.0,0.0
2026-03-16 16:12:42,"NETGEAR Nighthawk CM3000 DOCSIS 3.1 Mid/high-Split Cable Modem,Black-Refurbished",169.99,299.99,Free shipping,https://www.ebay.com/itm/135708534618?_trkparms=5373%3A5000006400%7C5374%3ATech%7C5079%3A5000006405,130.0,43.33
2026-03-16 19:14:23,Cobra CXT385 23-Mile 2-Way Radios Walkie-Talkies - Pair - Refurbished,17.8,34.8,Shipping info unavailable,https://www.ebay.com/itm/165198388220?_trkparms=5373%3A5000006400%7C5374%3ATech%7C5079%3A5000006400,16.999999999999996,48.85
2026-03-16 19:14:23,JBL BAR 700MK2 7.1-Channel 780W Dolby Atmos Soundbar System w/ Subwoofer,539.0,899.95,Shipping info unavailable,https://www.ebay.com/itm/187656775458?_trkparms=5373%3A5000006400%7C5374%3ATech%7C5079%3A5000006400,360.95000000000005,40.11
2026-03-16 19:14:23,Apple iPhone 15 Pro Max A2849 256GB Unlocked Very Good,575.05,575.05,Free shipping,https://www.ebay.com/itm/356227859677?_trkparms=5373%3A5000006400%7C5374%3ATech%7C5079%3A5000006400,0.0,0.0
2026-03-16 19:14:23,"Acer Aspire AI 14"" Touch Laptop Intel Core Ultra 5 16GB RAM 1TB SSD Refurbished",371.99,579.99,Free shipping,https://www.ebay.com/itm/256960845305?_trkparms=5373%3A5000006400%7C5374%3ATech%7C5079%3A5000006400,208.0,35.86
2026-03-16 19:14:24,"Apple MacBook Pro 14"" 2021 M1 Pro Space Gray 16 GB 512GB SSD A2442",655.0,879.8,Free shipping,https://www.ebay.com/itm/376814994405?_trkparms=5373%3A5000006400%7C5374%3ATech%7C5079%3A5000006400,224.79999999999995,25.55
2026-03-16 19:14:24,Samsung Galaxy S21 S991U 5G SM- G991U1 - 128GB - FACTORY UNLOCKED - EXCELLENT,139.48,139.48,Free shipping,https://www.ebay.com/itm/125641047454?_trkparms=5373%3A5000006400%7C5374%3ATech%7C5079%3A5000006423,0.0,0.0
2026-03-16 19:14:25,"Lenovo IdeaPad Slim 5 16"" Touchscreen Laptop Ryzen AI 7 350 16GB 1TB 83HY001KUS",492.99,699.99,Free shipping,https://www.ebay.com/itm/236630939369?_trkparms=5373%3A5000006400%7C5374%3ATech%7C5079%3A5000006407,207.0,29.57
2026-03-16 19:14:26,GoPro MAX2 True 8K 360 Video Action Camera Bundle - Black CHDFZ-311-TH,349.99,569.99,Free shipping,https://www.ebay.com/itm/136844738794?_trkparms=5373%3A5000006400%7C5374%3ATech%7C5079%3A5000006430,220.0,38.6
2026-03-16 19:14:27,Apple AirTag Bluetooth GPS Tracker Silver MX532AM/A A2187 For iPhone & iPad,21.75,30.0,Free shipping,https://www.ebay.com/itm/296373153889?_trkparms=5373%3A5000006400%7C5374%3ATech%7C5079%3A5000006419,8.25,27.5
2026-03-16 19:14:29,Garmin eTrex Solar Outdoor Handheld GPS With Solar Charging 010-02782-00,139.99,249.99,Free shipping,https://www.ebay.com/itm/177784368506?_trkparms=5373%3A5000006400%7C5374%3ATech%7C5079%3A5000006432,110.0,44.0
2026-03-16 19:14:29,eufy SoloCam S3 Solar Wireless Security Camera 360°PTZ 3K Dual-Cam Night Vision,94.99,199.99,Free shipping,https://www.ebay.com/itm/386708545260?_trkparms=5373%3A5000006400%7C5374%3ATech%7C5079%3A5000006413,105.00000000000001,52.5
2026-03-16 19:14:30,Apple AirTag Bluetooth GPS Tracker Silver MX532AM/A A2187 For iPhone & iPad,21.75,30.0,Free shipping,https://www.ebay.com/itm/296373153889?_trkparms=5373%3A5000006400%7C5374%3ATech%7C5079%3A5000006411,8.25,27.5
2026-03-17 16:11:38,"soundcore Sleep A30 by Anker Sleep Earbuds, Smart Active Noise Cancelling Sleep",147.19,183.99,Shipping info unavailable,https://www.ebay.com/itm/389314614822?_trkparms=5373%3A5000006400%7C5374%3ATech%7C5079%3A5000006400,36.80000000000001,20.0
2026-03-17 19:13:10,Apple iPhone 16 Pro Max 256GB Unlocked Very Good Condition,834.08,834.08,Free shipping,https://www.ebay.com/itm/356605653571?_trkparms=5373%3A5000006400%7C5374%3ATech%7C5079%3A5000006400,0.0,0.0
2026-03-17 19:13:13,Samsung Galaxy S22 Ultra 128GB S908U Unlocked - Good,261.99,261.99,Free shipping,https://www.ebay.com/itm/256412927142?_trkparms=5373%3A5000006400%7C5374%3ATech%7C5079%3A5000006400,0.0,0.0
2026-03-17 19:13:13,eufy 2K Smart Security Camera Indoor Cam Mini WiFi Baby Monitor Pan&Tilt⁣|Refurb,28.49,59.99,Free shipping,https://www.ebay.com/itm/384461382624?_trkparms=5373%3A5000006400%7C5374%3ATech%7C5079%3A5000006400,31.500000000000004,52.51
2026-03-17 19:13:14,"Acer Aspire 3 A315-24PT-R288 15.6"" Laptop Full HD AMD 16GB RAM 1TB SSD",316.19,629.99,Free shipping,https://www.ebay.com/itm/277623301371?_trkparms=5373%3A5000006400%7C5374%3ATech%7C5079%3A5000006400,313.8,49.81
2026-03-17 19:13:14,"Apple iPad Air 4 (2020) 10.9"" 64GB 256GB All Colors WiFi or Cellular - Very Good",274.99,879.0,Free shipping,https://www.ebay.com/itm/154864484353?_trkparms=5373%3A5000006400%7C5374%3ATech%7C5079%3A5000006400,604.01,68.72
2026-03-17 19:13:15,"Apple MacBook Pro 14"" 2021 M1 Pro Space Gray 16 GB 512GB SSD A2442",655.0,879.8,Free shipping,https://www.ebay.com/itm/376814994405?_trkparms=5373%3A5000006400%7C5374%3ATech%7C5079%3A5000006407,224.79999999999995,25.55
2026-03-17 19:13:18,"WD Ultrastar HA570 20TB SATA 6G 3.5"" 7200RPM Enterprise HDD - WD200EDGZ",479.99,479.99,Free shipping,https://www.ebay.com/itm/168034618587?_trkparms=5373%3A5000006400%7C5374%3ATech%7C5079%3A5000006421,0.0,0.0
2026-03-17 19:13:18,"Bose QuietComfort Noise Cancelling Headphones, Certified Refurbished",187.0,199.0,Free shipping,https://www.ebay.com/itm/166819315978?_trkparms=5373%3A5000006400%7C5374%3ATech%7C5079%3A5000006403,12.0,6.03
2026-03-17 19:13:18,Soundcore Motion X600 Portable Speaker Hi-Res Spatial Audio Waterproof50W|Refurb,105.99,199.99,Free shipping,https://www.ebay.com/itm/383968432334?_trkparms=5373%3A5000006400%7C5374%3ATech%7C5079%3A5000006403,94.00000000000001,47.0
2026-03-17 19:13:20,"Bose QuietComfort Noise Cancelling Headphones, Certified Refurbished",187.0,199.0,Free shipping,https://www.ebay.com/itm/166819315978?_trkparms=5373%3A5000006400%7C5374%3ATech%7C5079%3A5000006413,12.0,6.03
2026-03-17 19:13:20,"Garmin dezl OTR720 Touchscreen 7"" Trucking GPS Navigator 010-02924-00",319.99,449.99,Free shipping,https://www.ebay.com/itm/187700000728?_trkparms=5373%3A5000006400%7C5374%3ATech%7C5079%3A5000006413,130.0,28.89
2026-03-17 19:13:20,Soundcore Motion X600 Portable Speaker Hi-Res Spatial Audio Waterproof50W|Refurb,105.99,199.99,Free shipping,https://www.ebay.com/itm/383968432334?_trkparms=5373%3A5000006400%7C5374%3ATech%7C5079%3A5000006413,94.00000000000001,47.0
2026-03-17 19:13:20,Logitech StreamCam Plus Webcam - 960-001280 - Black,69.99,169.99,Free shipping,https://www.ebay.com/itm/167577700430?_trkparms=5373%3A5000006400%7C5374%3ATech%7C5079%3A5000006427,100.00000000000001,58.83
2026-03-17 19:13:21,Acer AOPEN 32SA2Q Abi 31.5  FHD IPS 75Hz 1ms Widescreen Ultra Thin Monitor,129.99,149.99,Free shipping,https://www.ebay.com/itm/298045775352?_trkparms=5373%3A5000006400%7C5374%3ATech%7C5079%3A5000006405,20.0,13.33
2026-03-17 21:46:26,Samsung Galaxy Buds 3 AI True Wireless Active Noise Cancelling Earbuds - Silver,73.75,125.0,Shipping info unavailable,https://www.ebay.com/itm/296840672810?_trkparms=5373%3A5000006400%7C5374%3ATech%7C5079%3A5000006400,51.25,41.0
2026-03-17 21:46:27,"Kicker Hideaway 10"" Compact Powered Subwoofer",263.0,399.99,Shipping info unavailable,https://www.ebay.com/itm/186909635929?_trkparms=5373%3A5000006400%7C5374%3ATech%7C5079%3A5000006400,136.99,34.25
2026-03-17 21:46:33,"Kicker Hideaway 10"" Compact Powered Subwoofer",263.0,399.99,Free shipping,https://www.ebay.com/itm/186909635929?_trkparms=5373%3A5000006400%7C5374%3ATech%7C5079%3A5000006432,136.99,34.25
2026-03-18 05:03:28,Nintendo Switch OLED 64GB Console + 1 Year🛡️ Warranty | 2-Day Shipping! 📦✈️,269.95,399.99,Free shipping,https://www.ebay.com/itm/297795214177?_trkparms=5373%3A5000006400%7C5374%3ATech%7C5079%3A5000006401,130.04000000000002,32.51
2026-03-18 05:03:28,Nintendo Switch OLED 64GB White Console + 🛡️ Screen Protector & SD Card Bundle,289.99,399.99,Free shipping,https://www.ebay.com/itm/285772594436?_trkparms=5373%3A5000006400%7C5374%3ATech%7C5079%3A5000006401,110.0,27.5
2026-03-18 10:02:35,Garmin Dash Cam Mini 2 Compact In-Vehicle Recording Device 010-02504-00,99.99,129.99,Shipping info unavailable,https://www.ebay.com/itm/204126134400?_trkparms=5373%3A5000006400%7C5374%3ATech%7C5079%3A5000006400,30.000000000000014,23.08
2026-03-18 10:02:35,Soundcore Sport X20 Wireless Ear Ear Hooks Headphone Noise Cancelling for Gym,47.99,129.99,Shipping info unavailable,https://www.ebay.com/itm/383575133297?_trkparms=5373%3A5000006400%7C5374%3ATech%7C5079%3A5000006400,82.0,63.08
2026-03-18 10:02:35,Garmin eTrex Solar Outdoor Handheld GPS With Solar Charging 010-02782-00,139.99,249.99,Shipping info unavailable,https://www.ebay.com/itm/177784368506?_trkparms=5373%3A5000006400%7C5374%3ATech%7C5079%3A5000006400,110.0,44.0
2026-03-18 10:02:36,Soundcore Life Q20 Wireless Over-Ear Headphones ANC Bluetooth Headset|Refurbish,22.99,59.99,Shipping info unavailable,https://www.ebay.com/itm/384235550388?_trkparms=5373%3A5000006400%7C5374%3ATech%7C5079%3A5000006400,37.0,61.68
2026-03-18 10:02:36,Soundcore Boom 2 Portable Outdoor Speaker BassUp 2.0 Subwoofer Waterproof｜Refurb,79.99,129.99,Shipping info unavailable,https://www.ebay.com/itm/384770849668?_trkparms=5373%3A5000006400%7C5374%3ATech%7C5079%3A5000006400,50.000000000000014,38.46
2026-03-18 10:02:36,Apple AirPods Pro 3 (3rd Gen) Replacement - Right Side only A3063 - Very Good,67.75,200.0,Shipping info unavailable,https://www.ebay.com/itm/297922118697?_trkparms=5373%3A5000006400%7C5374%3ATech%7C5079%3A5000006400,132.25,66.12
2026-03-18 10:02:36,Soundcore Space One Pro Over Ear Headphones Adaptive ANC 6 Mics Hi-Res|Refurbish,119.99,199.99,Shipping info unavailable,https://www.ebay.com/itm/384213078496?_trkparms=5373%3A5000006400%7C5374%3ATech%7C5079%3A5000006400,80.00000000000001,40.0
2026-03-18 10:02:36,Soundcore Space A40 Bluetooth Earbuds Headphones Active Noise Cancelling |Refurb,34.39,129.99,Shipping info unavailable,https://www.ebay.com/itm/385142477457?_trkparms=5373%3A5000006400%7C5374%3ATech%7C5079%3A5000006400,95.60000000000001,73.54
2026-03-18 10:02:38,VIZIO 32” Class Full HD 1080p LED Smart TV VFD32M-0807,89.99,169.99,Free shipping,https://www.ebay.com/itm/235812307908?_trkparms=5373%3A5000006400%7C5374%3ATech%7C5079%3A5000006409,80.00000000000001,47.06
2026-03-18 10:02:41,"Garmin DriveSmart 86 8"" GPS for Automobile with North American Maps 010-02471-00",219.99,349.99,Free shipping,https://www.ebay.com/itm/175702358221?_trkparms=5373%3A5000006400%7C5374%3ATech%7C5079%3A5000006432,130.0,37.14
2026-03-18 10:02:42,Logitech G935 Wireless Gaming Headset for PC - Black/Blue - 981-000742,89.99,179.99,Free shipping,https://www.ebay.com/itm/167993152287?_trkparms=5373%3A5000006400%7C5374%3ATech%7C5079%3A5000006427,90.00000000000001,50.0
2026-03-18 16:12:05,Skullcandy SESH ANC Wireless In-ear Bluetooth Earbuds (Certified Refurb)-BLACK,18.99,59.99,Free shipping,https://www.ebay.com/itm/265983500898?_trkparms=5373%3A5000006400%7C5374%3ATech%7C5079%3A5000006400,41.0,68.34
2026-03-18 16:12:09,Apple iPhone 17 Pro 256GB Unlocked Very Good All Colors,963.99,963.99,Free shipping,https://www.ebay.com/itm/127693872113?_trkparms=5373%3A5000006400%7C5374%3ATech%7C5079%3A5000006400,0.0,0.0
2026-03-18 16:12:09,Samsung Galaxy Watch5 Pro 45mm R920N GPS - Good,48.99,48.99,Free shipping,https://www.ebay.com/itm/256279079134?_trkparms=5373%3A5000006400%7C5374%3ATech%7C5079%3A5000006400,0.0,0.0
2026-03-18 16:12:09,AOC Q27G41ZDF 27'' QD-OLED QHD 240hz G-Sync Compatible Gaming Monitor Black,339.99,399.99,Free shipping,https://www.ebay.com/itm/306654874769?_trkparms=5373%3A5000006400%7C5374%3ATech%7C5079%3A5000006400,60.0,15.0
2026-03-18 16:12:09,HP DeskJet 2827e All-in-One Printer with Bonus 3 Months of Instant Ink with HP+,54.99,59.99,Free shipping,https://www.ebay.com/itm/297653668000?_trkparms=5373%3A5000006400%7C5374%3ATech%7C5079%3A5000006400,5.0,8.33
2026-03-18 16:12:10,"Apple iPad Air 4 (2020) 10.9"" 64GB Space Gray (WiFi + Cellular) - Good",234.99,234.99,Free shipping,https://www.ebay.com/itm/156979303000?_trkparms=5373%3A5000006400%7C5374%3ATech%7C5079%3A5000006400,0.0,0.0
2026-03-18 16:12:10,"Apple iPhone 13 128GB Unlocked 90%+ Battery 6.1"" (Blue) A2482 w/1 Year Warranty",299.0,799.0,Free shipping,https://www.ebay.com/itm/146741660125?_trkparms=5373%3A5000006400%7C5374%3ATech%7C5079%3A5000006400,500.0,62.58
2026-03-18 16:12:10,"Lenovo IdeaPad 5 2-in-1 14"" Touchscreen AMD Ryzen AI 7 350 16GB/1TB 83KT001YUS",619.99,899.99,Free shipping,https://www.ebay.com/itm/366190592612?_trkparms=5373%3A5000006400%7C5374%3ATech%7C5079%3A5000006400,280.0,31.11
2026-03-18 16:12:13,Nintendo Switch Lite 32GB + Screen Protector 🛡️ + FREE 2-DAY Shipping ✈️,189.99,229.99,Free shipping,https://www.ebay.com/itm/285776718567?_trkparms=5373%3A5000006400%7C5374%3ATech%7C5079%3A5000006401,40.0,17.39
2026-03-18 19:12:53,"NEBULA Mars 3 Outdoor Portable Projector 1080P Autofocus 200"" Home Cinema|Refurb",543.99,1049.99,Free shipping,https://www.ebay.com/itm/386267169046?_trkparms=5373%3A5000006400%7C5374%3ATech%7C5079%3A5000006409,506.0,48.19
2026-03-18 19:12:54,"Apple iPad Air 4 (2020) 10.9"" 64GB 256GB All Colors WiFi or Cellular - Very Good",274.99,879.0,Free shipping,https://www.ebay.com/itm/154864484353?_trkparms=5373%3A5000006400%7C5374%3ATech%7C5079%3A5000006415,604.01,68.72
2026-03-18 19:12:54,"Apple 11"" iPad Pro M4 Chip 256GB Wi-Fi Only Space Black MVV83LL/A",732.99,1099.99,Free shipping,https://www.ebay.com/itm/235969840623?_trkparms=5373%3A5000006400%7C5374%3ATech%7C5079%3A5000006415,367.0,33.36
2026-03-18 19:12:57,eufy 2K Smart Security Camera Indoor Cam Mini WiFi Baby Monitor Pan&Tilt⁣|Refurb,28.49,59.99,Free shipping,https://www.ebay.com/itm/384461382624?_trkparms=5373%3A5000006400%7C5374%3ATech%7C5079%3A5000006413,31.500000000000004,52.51
2026-03-18 19:12:57,"NEBULA Mars 3 Outdoor Portable Projector 1080P Autofocus 200"" Home Cinema|Refurb",543.99,1049.99,Free shipping,https://www.ebay.com/itm/386267169046?_trkparms=5373%3A5000006400%7C5374%3ATech%7C5079%3A5000006413,506.0,48.19
2026-03-18 21:41:54,Nintendo Switch Gaming Console 32GB + 1 Year Warranty 🛡️ | 2-Day Shipping! 📦✈️,239.99,339.99,Free shipping,https://www.ebay.com/itm/297859410715?_trkparms=5373%3A5000006400%7C5374%3ATech%7C5079%3A5000006401,100.0,29.41
2026-03-19 02:50:05,"Seagate ST28000NM001C 28TB 256MB 7200RPM 3.5"" SATA 6.0Gb/s Enterprise Hard Drive",599.99,599.99,Free shipping,https://www.ebay.com/itm/177841188438?_trkparms=5373%3A5000006400%7C5374%3ATech%7C5079%3A5000006421,0.0,0.0
2026-03-19 09:54:57,"Lenovo ThinkPad T14 Gen 5 FHD+ Touch, Ryzen 7 PRO 8840U, 32GB RAM 512GB SSD 2 YR",829.94,829.94,Free shipping,https://www.ebay.com/itm/127336074764?_trkparms=5373%3A5000006400%7C5374%3ATech%7C5079%3A5000006407,0.0,0.0
2026-03-19 09:54:57,"Dell Latitude 14"" Laptop Computer Intel i5 Up To 32GB RAM 1TB SSD Windows 11 Pro",224.17,263.73,Free shipping,https://www.ebay.com/itm/286601719329?_trkparms=5373%3A5000006400%7C5374%3ATech%7C5079%3A5000006407,39.56000000000003,15.0
2026-03-19 09:54:58,"ASUS ROG Ally 7"" 120Hz FHD 1080p Gaming Handheld AMD Ryzen Z1 EXTREME 512GB",499.0,599.0,Free shipping,https://www.ebay.com/itm/226315795382?_trkparms=5373%3A5000006400%7C5374%3ATech%7C5079%3A5000006407,100.0,16.69
2026-03-19 09:55:03,"MSI MPG 491CQPS QD-OLED 49"" DQHD Curved Gaming Monitor, 144Hz/0.03ms HDR 400",649.99,799.99,Free shipping,https://www.ebay.com/itm/326450627371?_trkparms=5373%3A5000006400%7C5374%3ATech%7C5079%3A5000006405,150.0,18.75
2026-03-19 13:22:00,Dell Latitude Laptop Computer PC Intel i5 Up To 32GB RAM 1TB SSD Windows 11,237.36,263.73,Free shipping,https://www.ebay.com/itm/286393092388?_trkparms=5373%3A5000006400%7C5374%3ATech%7C5079%3A5000006407,26.370000000000005,10.0
2026-03-19 16:01:06,"Apple MacBook Pro (14-inch, M1 Pro, 2021) 16GB RAM -1TB SSD - Good",689.0,689.0,Free shipping,https://www.ebay.com/itm/365940134707?_trkparms=5373%3A5000006400%7C5374%3ATech%7C5079%3A5000006400,0.0,0.0
2026-03-19 16:01:16,PNY NVIDIA GeForce RTX™ 5070 Ti 16GB OC Triple Fan Graphics Card,901.0,901.0,Free shipping,https://www.ebay.com/itm/336417769883?_trkparms=5373%3A5000006400%7C5374%3ATech%7C5079%3A5000006405,0.0,0.0
2026-03-19 19:08:34,Samsung Galaxy S22 128GB S901U Unlocked - Good,150.99,150.99,Free shipping,https://www.ebay.com/itm/255865325274?_trkparms=5373%3A5000006400%7C5374%3ATech%7C5079%3A5000006400,0.0,0.0
2026-03-19 19:08:38,"Seagate Exos ST20000NM002C 20TB CMR 7200RPM SATA6Gb/s 3.5"" Enterprise Hard Drive",459.99,459.99,Free shipping,https://www.ebay.com/itm/226562222824?_trkparms=5373%3A5000006400%7C5374%3ATech%7C5079%3A5000006400,0.0,0.0
2026-03-19 19:08:38,Sonos Arc Black Certified Refurbished - Premium Smart Soundbar,549.0,899.0,Free shipping,https://www.ebay.com/itm/385697243427?_trkparms=5373%3A5000006400%7C5374%3ATech%7C5079%3A5000006400,350.0,38.93
2026-03-19 19:08:38,"MSI MAG 275QPF X30 27"" WQHD Flat Rapid IPS Gaming Monitor, 300Hz/0.5ms HDR400",189.99,299.99,Free shipping,https://www.ebay.com/itm/257168369340?_trkparms=5373%3A5000006400%7C5374%3ATech%7C5079%3A5000006400,110.0,36.67
2026-03-19 19:08:38,Apple iPhone 17 Air A3260 256GB Unlocked Excellent Condition,843.81,843.81,Free shipping,https://www.ebay.com/itm/358166111806?_trkparms=5373%3A5000006400%7C5374%3ATech%7C5079%3A5000006400,0.0,0.0
2026-03-19 19:08:38,Epson EcoTank ET-3958 Wireless Printer - Certified Refurbished,189.99,229.99,Free shipping,https://www.ebay.com/itm/205996871318?_trkparms=5373%3A5000006400%7C5374%3ATech%7C5079%3A5000006400,40.0,17.39
2026-03-19 19:08:38,Fujifilm Instax Mini 40 Fuji Instant Film Camera,139.95,139.95,Free shipping,https://www.ebay.com/itm/334017012655?_trkparms=5373%3A5000006400%7C5374%3ATech%7C5079%3A5000006400,0.0,0.0
2026-03-19 19:08:39,"ASUS ROG XBOX Ally 7"" 120Hz Touchscreen Ryzen Z2 A 16GB RAM 512GB SSD",579.99,599.99,Free shipping,https://www.ebay.com/itm/127436687953?_trkparms=5373%3A5000006400%7C5374%3ATech%7C5079%3A5000006400,20.0,3.33
2026-03-19 19:08:42,Nikon PROSTAFF P3 10x42 Waterproof Fogproof Drop Resistant Binocular (Black),119.95,189.99,Free shipping,https://www.ebay.com/itm/296738244180?_trkparms=5373%3A5000006400%7C5374%3ATech%7C5079%3A5000006430,70.04,36.87
2026-03-19 21:42:42,Soundcore Liberty 4 NC True Wireless Earbuds Adaptive Noise Cancelling Hi-Res,44.99,99.99,Shipping info unavailable,https://www.ebay.com/itm/384750422424?_trkparms=5373%3A5000006400%7C5374%3ATech%7C5079%3A5000006400,54.99999999999999,55.01
2026-03-19 21:42:42,Soundcore Open-Ear Earbuds Clip-On Headphones Comfort 30H Play (C30i)⁣|Refurbish,26.99,69.99,Shipping info unavailable,https://www.ebay.com/itm/384400153316?_trkparms=5373%3A5000006400%7C5374%3ATech%7C5079%3A5000006400,43.0,61.44
2026-03-19 21:42:42,"Soundcore AeroClip by Anker, Open-Ear Earbuds, Clip-On Headphones, Stable Fit",67.99,89.99,Shipping info unavailable,https://www.ebay.com/itm/389362614224?_trkparms=5373%3A5000006400%7C5374%3ATech%7C5079%3A5000006400,22.0,24.45
2026-03-19 21:42:42,Soundcore AeroFit Pro Open-Ear Headphones Ergonomic Earbuds Hook LDAC|Refurbish,69.99,169.99,Shipping info unavailable,https://www.ebay.com/itm/384945292538?_trkparms=5373%3A5000006400%7C5374%3ATech%7C5079%3A5000006400,100.00000000000001,58.83
2026-03-19 21:42:42,Soundcore Sleep A20 Noise Blocking Sleep Earbuds Sleep Monitor 80Hr Play |Refurb,95.99,149.99,Shipping info unavailable,https://www.ebay.com/itm/387295723325?_trkparms=5373%3A5000006400%7C5374%3ATech%7C5079%3A5000006400,54.000000000000014,36.0
2026-03-19 21:42:42,Soundcore Liberty 4 Pro Wireless Earbuds 7-Sensor Real-Time Adaptive NC|Refurb,71.99,129.99,Shipping info unavailable,https://www.ebay.com/itm/387930885267?_trkparms=5373%3A5000006400%7C5374%3ATech%7C5079%3A5000006400,58.000000000000014,44.62
2026-03-19 21:42:42,Soundcore Space Q45 Wireless Headphone Over-Ear Active Noise Cancelling 50h Play,69.99,229.99,Shipping info unavailable,https://www.ebay.com/itm/383512859307?_trkparms=5373%3A5000006400%7C5374%3ATech%7C5079%3A5000006400,160.0,69.57
2026-03-19 21:42:42,Soundcore 2 Wireless Bluetooth Speaker Portable Outdoor Stereo Sound⁣| Refurbish,22.99,39.99,Shipping info unavailable,https://www.ebay.com/itm/384462600139?_trkparms=5373%3A5000006400%7C5374%3ATech%7C5079%3A5000006400,17.000000000000004,42.51
2026-03-19 21:42:42,"Soundcore V40i, Open-Ear Headphones, 4 Adjustable Positions for Every Ear size",31.01,32.99,Shipping info unavailable,https://www.ebay.com/itm/389410283774?_trkparms=5373%3A5000006400%7C5374%3ATech%7C5079%3A5000006400,1.9800000000000004,6.0
2026-03-19 21:42:43,"Soundcore Anker Life Q20 Hybrid Active Noise Cancelling Headphones, Wireless",22.99,28.74,Shipping info unavailable,https://www.ebay.com/itm/389129473103?_trkparms=5373%3A5000006400%7C5374%3ATech%7C5079%3A5000006400,5.75,20.01
2026-03-19 21:42:43,Soundcore Sport X20 True-Wireless Workout Earbuds Sweatproof Body-Moving Bass,47.99,79.99,Shipping info unavailable,https://www.ebay.com/itm/388388792493?_trkparms=5373%3A5000006400%7C5374%3ATech%7C5079%3A5000006400,31.999999999999993,40.01
2026-03-19 21:42:43,Soundcore Motion Boom Outdoor Bluetooth Speaker Titanium Driver IPX7 |Refurbish,65.79,109.99,Shipping info unavailable,https://www.ebay.com/itm/385138441032?_trkparms=5373%3A5000006400%7C5374%3ATech%7C5079%3A5000006400,44.19999999999999,40.19
2026-03-19 21:42:43,Soundcore V20i Open-Ear Headphones Snug Fit Ear Hooks Bassup Waterproof 36H Play,22.99,49.99,Shipping info unavailable,https://www.ebay.com/itm/388418109555?_trkparms=5373%3A5000006400%7C5374%3ATech%7C5079%3A5000006400,27.000000000000004,54.01
2026-03-19 21:42:48,Apple AirPods 2nd Gen Genuine Replacement Right or Left or Charging Case,15.49,15.49,Free shipping,https://www.ebay.com/itm/115878536964?_trkparms=5373%3A5000006400%7C5374%3ATech%7C5079%3A5000006419,0.0,0.0
2026-03-19 21:42:48,Apple AirPods 3rd Gen Genuine Replacement Right or Left or Charging Case,32.49,32.49,Free shipping,https://www.ebay.com/itm/126693283302?_trkparms=5373%3A5000006400%7C5374%3ATech%7C5079%3A5000006419,0.0,0.0
2026-03-19 21:42:48,"Seagate Exos X20 ST18000NM003D 18TB 512E SATA 6Gb/s 3.5""  Enterprise Hard Drive",439.99,439.99,Free shipping,https://www.ebay.com/itm/226051721330?_trkparms=5373%3A5000006400%7C5374%3ATech%7C5079%3A5000006421,0.0,0.0
2026-03-19 21:42:49,"HP OfficeJet Pro 8125e All-in-One Printer Wireless, Print, Copy, Scan, Inkjet",79.99,399.99,Free shipping,https://www.ebay.com/itm/376997133097?_trkparms=5373%3A5000006400%7C5374%3ATech%7C5079%3A5000006417,320.0,80.0
2026-03-19 21:42:49,"HP OfficeJet Pro 8135e Wireless All-in-One Printer Print, Copy, Scan, Fax Inkjet",89.99,299.99,Free shipping,https://www.ebay.com/itm/168192646904?_trkparms=5373%3A5000006400%7C5374%3ATech%7C5079%3A5000006417,210.0,70.0
2026-03-19 21:42:50,"HP USB-C Dock G5 TAA for Notebook/Monitor USB Type C, RJ-45, Wired, HDMI, 100 W",79.99,179.99,Free shipping,https://www.ebay.com/itm/168029037992?_trkparms=5373%3A5000006400%7C5374%3ATech%7C5079%3A5000006427,100.00000000000001,55.56
2026-03-19 21:42:51,Samsung Galaxy Watch 6 SM-R940 Sapphire Crystal 44mm WiFi/Bluetooth SmartWatch,79.95,79.95,Free shipping,https://www.ebay.com/itm/186069333399?_trkparms=5373%3A5000006400%7C5374%3ATech%7C5079%3A5000006411,0.0,0.0
2026-03-20 02:40:51,"NEBULA Mars 3 Outdoor Portable Projector 1080P Autofocus 200"" Home Cinema|Refurb",543.99,1049.99,Free shipping,https://www.latest.ebay.com/itm/386267169046?src=urllib&_trkparms=5373%3A5000006400%7C5374%3ATech%7C5079%3A5000006409,506.0,48.19
2026-03-20 02:40:51,Samsung 656W 11.1.4-Ch 656W  Dolby Atmos Soundbar System HW-Q990D/ZA,829.98,1599.99,Free shipping,https://www.latest.ebay.com/itm/395482986060?src=urllib&_trkparms=5373%3A5000006400%7C5374%3ATech%7C5079%3A5000006409,770.01,48.13
2026-03-20 02:40:51,"Sony DVD Player w/ HD Upconversion 1080p Upscaling, HDMI output, Black DVP-SR510",34.98,59.68,Free shipping,https://www.latest.ebay.com/itm/366032027568?src=urllib&_trkparms=5373%3A5000006400%7C5374%3ATech%7C5079%3A5000006409,24.700000000000003,41.39
2026-03-20 18:59:43,New 2025 Apple iPad 11-inch (A16) 11th Gen Wi-Fi - 128GB 256GB 512GB,350.0,350.0,Free shipping,https://www.ebay.com/itm/335860229664?_trkparms=5373%3A5000006400%7C5374%3ATech%7C5079%3A5000006400,0.0,0.0
2026-03-20 18:59:43,Apple iPhone 16 Pro Max (Fully Unlocked) 512GB Natural Titanium (Excellent),871.19,1500.0,Free shipping,https://www.ebay.com/itm/287074991635?_trkparms=5373%3A5000006400%7C5374%3ATech%7C5079%3A5000006400,628.81,41.92
2026-03-20 18:59:43,Skullcandy Crusher Evo XT Wireless Over-Ear Headset (Certified Refurb) - BLACK,79.99,199.99,Free shipping,https://www.ebay.com/itm/266740495328?_trkparms=5373%3A5000006400%7C5374%3ATech%7C5079%3A5000006400,120.00000000000001,60.0
2026-03-20 18:59:44,"Seagate Exos ST22000NM000C 22TB CMR 7200RPM SATA6Gb/s 3.5"" Enterprise Hard Drive",499.99,499.99,Free shipping,https://www.ebay.com/itm/226543075141?_trkparms=5373%3A5000006400%7C5374%3ATech%7C5079%3A5000006400,0.0,0.0
2026-03-20 18:59:44,Samsung Galaxy Z Fold6 512GB F956U Unlocked - Very Good,624.99,2019.99,Free shipping,https://www.ebay.com/itm/256905143260?_trkparms=5373%3A5000006400%7C5374%3ATech%7C5079%3A5000006400,1395.0,69.06
2026-03-20 18:59:44,Epson EcoTank ET-2850 Printer - White - Certified Refurbished,139.99,169.99,Free shipping,https://www.ebay.com/itm/225869836470?_trkparms=5373%3A5000006400%7C5374%3ATech%7C5079%3A5000006400,30.0,17.65
2026-03-20 18:59:44,"MSI Katana 15 HX B14WEK-001US 15.6"" Gaming Laptop i7-14650HX 5050 16GB 512GB",799.0,1199.0,Free shipping,https://www.ebay.com/itm/257192042971?_trkparms=5373%3A5000006400%7C5374%3ATech%7C5079%3A5000006400,400.0,33.36
2026-03-20 18:59:44,JENNOV 4K 8MP 30X Zoom PoE Security Camera PTZ Auto Tracking Outdoor 2-Way Audio,135.99,199.99,Free shipping,https://www.ebay.com/itm/384799435661?_trkparms=5373%3A5000006400%7C5374%3ATech%7C5079%3A5000006400,64.0,32.0
2026-03-20 18:59:44,"UltraCharge Magnetic Charger with Qi2 25W, 6.6ft/2m, Black",39.99,39.99,Free shipping,https://www.ebay.com/itm/127701925281?_trkparms=5373%3A5000006400%7C5374%3ATech%7C5079%3A5000006400,0.0,0.0
2026-03-20 21:37:31,"ASUS ROG XBOX Ally 7"" 120Hz Touchscreen Ryzen Z2 A 16GB RAM 512GB SSD",579.99,599.99,Free shipping,https://www.ebay.com/itm/127436687953?_trkparms=5373%3A5000006400%7C5374%3ATech%7C5079%3A5000006407,20.0,3.33
2026-03-20 21:37:31,"ASUS ROG Ally 7"" 120Hz FHD Touch AMD Ryzen Z1 16GB 512GB SSD W11H Gaming Console",449.99,649.99,Free shipping,https://www.ebay.com/itm/167912235793?_trkparms=5373%3A5000006400%7C5374%3ATech%7C5079%3A5000006407,200.0,30.77
2026-03-20 21:37:32,Fujifilm Instax Mini 40 Fuji Instant Film Camera,139.95,139.95,Free shipping,https://www.ebay.com/itm/334017012655?_trkparms=5373%3A5000006400%7C5374%3ATech%7C5079%3A5000006430,0.0,0.0
2026-03-20 21:37:34,Anker Soundcore 2 Wireless Bluetooth Speaker Bass Dual-Driver IPX7 12W|Refurbish,22.99,44.99,Free shipping,https://www.ebay.com/itm/384702107204?_trkparms=5373%3A5000006400%7C5374%3ATech%7C5079%3A5000006403,22.000000000000004,48.9
2026-03-20 21:37:34,Epson EcoTank ET-3958 Wireless Printer - Certified Refurbished,189.99,229.99,Free shipping,https://www.ebay.com/itm/205996871318?_trkparms=5373%3A5000006400%7C5374%3ATech%7C5079%3A5000006417,40.0,17.39
2026-03-20 21:37:36,Anker Soundcore 2 Wireless Bluetooth Speaker Bass Dual-Driver IPX7 12W|Refurbish,22.99,44.99,Free shipping,https://www.ebay.com/itm/384702107204?_trkparms=5373%3A5000006400%7C5374%3ATech%7C5079%3A5000006413,22.000000000000004,48.9
2026-03-20 21:37:37,AOC Q27G41ZDF 27'' QD-OLED QHD 240hz G-Sync Compatible Gaming Monitor Black,339.99,399.99,Free shipping,https://www.ebay.com/itm/306654874769?_trkparms=5373%3A5000006400%7C5374%3ATech%7C5079%3A5000006405,60.0,15.0
2026-03-20 21:37:37,Epson EcoTank ET-3958 Wireless Printer - Certified Refurbished,189.99,229.99,Free shipping,https://www.ebay.com/itm/205996871318?_trkparms=5373%3A5000006400%7C5374%3ATech%7C5079%3A5000006405,40.0,17.39
2026-03-20 21:37:37,"MSI MAG 275QPF X30 27"" WQHD Flat Rapid IPS Gaming Monitor, 300Hz/0.5ms HDR400",189.99,299.99,Free shipping,https://www.ebay.com/itm/257168369340?_trkparms=5373%3A5000006400%7C5374%3ATech%7C5079%3A5000006405,110.0,36.67
2026-03-21 13:04:08,Apple iPhone 17 Pro 256GB Unlocked Good All Colors,916.24,1299.99,Free shipping,https://www.ebay.com/itm/127693879565?_trkparms=5373%3A5000006400%7C5374%3ATech%7C5079%3A5000006400,383.75,29.52
2026-03-21 13:04:12,"NETGEAR Nighthawk CM3000 DOCSIS 3.1 Mid/high-Split Cable Modem,Black-Refurbished",159.99,299.99,Free shipping,https://www.ebay.com/itm/135708534618?_trkparms=5373%3A5000006400%7C5374%3ATech%7C5079%3A5000006400,140.0,46.67
2026-03-21 13:04:12,"Apple iPad 10.2"" 7th Gen, 32GB, Wi-Fi - Space Gray - Very Good - 1 YEAR WARRANTY",119.85,599.0,Free shipping,https://www.ebay.com/itm/184162963642?_trkparms=5373%3A5000006400%7C5374%3ATech%7C5079%3A5000006400,479.15,79.99
2026-03-21 13:04:13,Apple iPhone 16 Pro Max 512GB Unlocked Very Good Condition,836.99,836.99,Free shipping,https://www.ebay.com/itm/357558441418?_trkparms=5373%3A5000006400%7C5374%3ATech%7C5079%3A5000006400,0.0,0.0
2026-03-21 13:04:13,"2026 HP Victus Gaming Laptop 15.6"" Ryzen 7 NVIDIA RTX 4050 Upto 64GB RAM 2TB SSD",769.0,769.0,Free shipping,https://www.ebay.com/itm/127637107394?_trkparms=5373%3A5000006400%7C5374%3ATech%7C5079%3A5000006400,0.0,0.0
2026-03-21 13:04:17,Epson EcoTank ET-2850 Printer - White - Certified Refurbished,139.99,169.99,Free shipping,https://www.ebay.com/itm/225869836470?_trkparms=5373%3A5000006400%7C5374%3ATech%7C5079%3A5000006417,30.0,17.65
2026-03-21 13:04:20,"MSI MAG 272QP QD-OLED X50 27"" WQHD Gaming Monitor, 500Hz/0.03ms HDR 500",559.99,749.99,Free shipping,https://www.ebay.com/itm/257341986266?_trkparms=5373%3A5000006400%7C5374%3ATech%7C5079%3A5000006405,190.0,25.33
2026-03-21 15:33:38,Samsung Odyssey QD-OLED G9 G95SD 49-Inch 240 Hz Curved Ultrawide Gaming Monitor,1197.99,1897.99,Free shipping,https://www.ebay.com/itm/376429277895?_trkparms=5373%3A5000006400%7C5374%3ATech%7C5079%3A5000006400,700.0,36.88
2026-03-22 02:50:36,"Proscan Elite Portable 7"" Swivel Screen DVD Player SD Card Slot 2.5 Battery BLK",39.99,89.99,Free shipping,https://www.ebay.com/itm/236505918808?_trkparms=5373%3A5000006400%7C5374%3ATech%7C5079%3A5000006409,49.99999999999999,55.56
2026-03-22 15:33:18,Logitech - C505e HD 720p Business Webcam - Black - 960-001385,22.5,54.99,Free shipping,https://www.ebay.com/itm/168078025295?_trkparms=5373%3A5000006400%7C5374%3ATech%7C5079%3A5000006427,32.49,59.08
2026-03-22 15:33:18,Logitech Combo Touch Detachable Keyboard Case - Oxford Grey - 996-000450,89.99,99.99,Free shipping,https://www.ebay.com/itm/167998940393?_trkparms=5373%3A5000006400%7C5374%3ATech%7C5079%3A5000006427,10.0,10.0
2026-03-22 15:33:18,Logitech Combo Touch Detachable Keyboard Case - Oxford Grey - 996-000450,99.99,99.99,Free shipping,https://www.ebay.com/itm/167998940368?_trkparms=5373%3A5000006400%7C5374%3ATech%7C5079%3A5000006427,0.0,0.0
2026-03-22 18:48:31,Skullcandy - Crusher Evo Wireless - Matte Black- (Certified Refurbished),79.99,199.99,Free shipping,https://www.ebay.com/itm/375979493334?_trkparms=5373%3A5000006400%7C5374%3ATech%7C5079%3A5000006400,120.00000000000001,60.0
2026-03-22 18:48:34,"Apple iPad 10.2"" 9th Gen, 64GB, Wi-Fi - Gray - Very Good - 1 YEAR WARRANTY",179.85,399.0,Free shipping,https://www.ebay.com/itm/185243247562?_trkparms=5373%3A5000006400%7C5374%3ATech%7C5079%3A5000006400,219.15,54.92
2026-03-22 18:48:34,"Microsoft Surface Pro 7 12"" i5 1.1GHz/8GB/128GB (Platinum) PVQ-00001 w/Warranty",249.0,750.0,Free shipping,https://www.ebay.com/itm/376622219595?_trkparms=5373%3A5000006400%7C5374%3ATech%7C5079%3A5000006400,501.0,66.8
2026-03-22 18:48:34,"VITURE One XR/AR Glasses 120"" Full HD Display Harman Sound Jet Black (Good)",99.99,99.99,Free shipping,https://www.ebay.com/itm/366290146557?_trkparms=5373%3A5000006400%7C5374%3ATech%7C5079%3A5000006400,0.0,0.0
2026-03-22 18:48:34,Samsung Galaxy S23 Ultra 256GB S918U Unlocked - Good,379.99,379.99,Free shipping,https://www.ebay.com/itm/256460585805?_trkparms=5373%3A5000006400%7C5374%3ATech%7C5079%3A5000006400,0.0,0.0
2026-03-22 18:48:34,Google Pixel 8 | 8a | 8 Pro - 128GB | 256GB  - Unlocked Verizon T-Mobile AT&T,237.45,244.95,Free shipping,https://www.ebay.com/itm/276806870275?_trkparms=5373%3A5000006400%7C5374%3ATech%7C5079%3A5000006400,7.5,3.06
2026-03-22 18:48:35,Apple iPhone 16 Pro Max 256GB Unlocked Excellent Condition,825.99,825.99,Free shipping,https://www.ebay.com/itm/356605681295?_trkparms=5373%3A5000006400%7C5374%3ATech%7C5079%3A5000006423,0.0,0.0
2026-03-22 18:48:41,Apple Watch Series 9 41mm 45mm GPS + WiFi + Cellular Unlocked - Good,184.49,184.49,Free shipping,https://www.ebay.com/itm/156768730837?_trkparms=5373%3A5000006400%7C5374%3ATech%7C5079%3A5000006411,0.0,0.0
2026-03-23 05:09:50,"Garmin DriveSmart 86 8"" GPS for Automobile with North American Maps 010-02471-00",189.99,349.99,Shipping info unavailable,https://www.ebay.com/itm/175702358221?_trkparms=5373%3A5000006400%7C5374%3ATech%7C5079%3A5000006400,160.0,45.72
2026-03-23 05:09:50,Nintendo Switch OLED 64GB Game Console + 1 Year🛡️ Warranty | 2-Day Shipping📦✈️,269.99,399.99,Shipping info unavailable,https://www.ebay.com/itm/357950678927?_trkparms=5373%3A5000006400%7C5374%3ATech%7C5079%3A5000006400,130.0,32.5
2026-03-23 05:09:50,Garmin GPSMAP 67i Handheld GPS w/ inReach Satellite SOS & Messaging 010-02812-00,449.99,599.99,Shipping info unavailable,https://www.ebay.com/itm/176812013633?_trkparms=5373%3A5000006400%7C5374%3ATech%7C5079%3A5000006400,150.0,25.0
2026-03-23 05:09:50,FAO Schwarz Thunderbolt Jet X2 Drone,25.99,59.99,Free shipping,https://www.ebay.com/itm/175846348812?_trkparms=5373%3A5000006400%7C5374%3ATech%7C5079%3A5000006400,34.0,56.68
2026-03-23 05:09:50,Garmin eTrex 22x GPS + GLONASS Rugged Outdoor Handheld  010-02256-00,149.99,199.99,Shipping info unavailable,https://www.ebay.com/itm/174645062353?_trkparms=5373%3A5000006400%7C5374%3ATech%7C5079%3A5000006400,50.0,25.0
2026-03-23 05:09:50,Garmin GPSMAP 67 Outdoor Handheld Sensors and Multi-Band Support 010-02813-00,379.99,499.99,Shipping info unavailable,https://www.ebay.com/itm/177257027186?_trkparms=5373%3A5000006400%7C5374%3ATech%7C5079%3A5000006400,120.0,24.0
2026-03-23 05:09:50,VIZIO V20x-J8B-RB V-Series 2.0 Compact Sound Bar - Certified Refurbished,64.99,149.95,Shipping info unavailable,https://www.ebay.com/itm/135394456824?_trkparms=5373%3A5000006400%7C5374%3ATech%7C5079%3A5000006400,84.96,56.66
2026-03-23 05:09:50,"Apple MacBook Pro (16-inch, M1 Pro, 2021) 16GB RAM -1TB SSD - Good",749.0,749.0,Free shipping,https://www.ebay.com/itm/365615503693?_trkparms=5373%3A5000006400%7C5374%3ATech%7C5079%3A5000006400,0.0,0.0
2026-03-23 05:09:51,"Sylvania 10.1"" Dual-Screen Portable DVD Player (Recertified)",44.8,99.8,Shipping info unavailable,https://www.ebay.com/itm/186998772670?_trkparms=5373%3A5000006400%7C5374%3ATech%7C5079%3A5000006400,55.0,55.11
2026-03-23 05:09:51,Garmin Edge Explore 2 Touchscreen GPS Cycling Computer 010-02703-00,189.99,299.99,Shipping info unavailable,https://www.ebay.com/itm/205073369538?_trkparms=5373%3A5000006400%7C5374%3ATech%7C5079%3A5000006400,110.0,36.67
2026-03-23 05:09:51,Garmin Dash Cam 67W Recorder - 1440p and 180 Degree Field of View 010-02505-05,154.99,259.99,Shipping info unavailable,https://www.ebay.com/itm/175663611029?_trkparms=5373%3A5000006400%7C5374%3ATech%7C5079%3A5000006400,105.0,40.39
2026-03-23 05:09:51,Sony STR-DH190 2-Channel Stereo Receiver with Bluetooth Phono & Aux Input,176.8,198.0,Shipping info unavailable,https://www.ebay.com/itm/187169544272?_trkparms=5373%3A5000006400%7C5374%3ATech%7C5079%3A5000006400,21.19999999999999,10.71
2026-03-23 05:09:51,Arlo FB1001B-100NAR Pro 3 WiFi Security Floodlight Camera -Certified Refurbished,94.99,275.0,Shipping info unavailable,https://www.ebay.com/itm/135247384837?_trkparms=5373%3A5000006400%7C5374%3ATech%7C5079%3A5000006400,180.01,65.46
2026-03-23 05:09:51,Garmin eTrex SE Rugged Outdoor GPS with Internal Compass 010-02734-00,99.99,149.99,Shipping info unavailable,https://www.ebay.com/itm/205461800460?_trkparms=5373%3A5000006400%7C5374%3ATech%7C5079%3A5000006400,50.000000000000014,33.34
2026-03-23 05:09:51,"Acer Predator Helios Neo 14.5"" Intel Ultra 7-155H 16GB 1TB SSD NVIDIA RTX 4070",949.99,1399.99,Shipping info unavailable,https://www.ebay.com/itm/358067769879?_trkparms=5373%3A5000006400%7C5374%3ATech%7C5079%3A5000006400,450.0,32.14
2026-03-23 05:09:51,"Sylvania 10.1"" Dual-Screen Portable DVD Player (Recertified)",44.8,99.8,Shipping info unavailable,https://www.ebay.com/itm/167959451602?_trkparms=5373%3A5000006400%7C5374%3ATech%7C5079%3A5000006400,55.0,55.11
2026-03-23 05:09:52,"JBL JBLGO3BLKAM-Z Go 3 Portable Bluetooth Speaker, Black - Certified Refurbished",32.99,49.99,Shipping info unavailable,https://www.ebay.com/itm/134261977852?_trkparms=5373%3A5000006400%7C5374%3ATech%7C5079%3A5000006400,17.0,34.01
2026-03-23 05:09:52,Arlo FB1001-100NAS Pro 3 Floodlight Security Camera White -Certified Refurbished,94.99,299.99,Shipping info unavailable,https://www.ebay.com/itm/133901390535?_trkparms=5373%3A5000006400%7C5374%3ATech%7C5079%3A5000006400,205.0,68.34
2026-03-23 05:09:52,Nintendo Switch OLED 64GB Console + 1 Year🛡️ Warranty | 2-Day Shipping! 📦✈️,269.95,399.99,Shipping info unavailable,https://www.ebay.com/itm/297795214177?_trkparms=5373%3A5000006400%7C5374%3ATech%7C5079%3A5000006400,130.04000000000002,32.51
2026-03-23 05:09:52,Nintendo Switch OLED 64GB White Console + 🛡️ Screen Protector & SD Card Bundle,289.99,399.99,Shipping info unavailable,https://www.ebay.com/itm/285772594436?_trkparms=5373%3A5000006400%7C5374%3ATech%7C5079%3A5000006400,110.0,27.5
2026-03-23 05:09:52,Nintendo Switch Lite 32GB + Screen Protector 🛡️ + FREE 2-DAY Shipping ✈️,189.99,229.99,Shipping info unavailable,https://www.ebay.com/itm/285776718567?_trkparms=5373%3A5000006400%7C5374%3ATech%7C5079%3A5000006400,40.0,17.39
2026-03-23 05:09:52,"Garmin dezl Headset 200, Premium Trucking Headset with Active Noise Cancellation",179.99,399.99,Shipping info unavailable,https://www.ebay.com/itm/175884229650?_trkparms=5373%3A5000006400%7C5374%3ATech%7C5079%3A5000006400,220.0,55.0
2026-03-23 05:09:52,Garmin Dash Cam 47 - Continuous HD Video Recording for Automobiles 010-02505-00,119.99,169.99,Shipping info unavailable,https://www.ebay.com/itm/186693404967?_trkparms=5373%3A5000006400%7C5374%3ATech%7C5079%3A5000006400,50.000000000000014,29.41
2026-03-23 05:09:52,JBL JBLT520BTPURAM-Z Tune 520BT Wireless Headphones Purple Certified Refurbished,32.99,49.95,Shipping info unavailable,https://www.ebay.com/itm/135462659600?_trkparms=5373%3A5000006400%7C5374%3ATech%7C5079%3A5000006400,16.96,33.95
2026-03-23 05:09:52,JBL Go 3 Portable Bluetooth Speaker - Certified Refurbished,32.99,39.95,Shipping info unavailable,https://www.ebay.com/itm/134779384835?_trkparms=5373%3A5000006400%7C5374%3ATech%7C5079%3A5000006400,6.960000000000001,17.42
2026-03-23 05:09:53,JBLBAR1000PROBLKAM-Z 7.1.4 Ch Dolby Atmos Soundbar System -Certified Refurbished,699.0,1199.95,Shipping info unavailable,https://www.ebay.com/itm/134810314533?_trkparms=5373%3A5000006400%7C5374%3ATech%7C5079%3A5000006400,500.95000000000005,41.75
2026-03-23 05:09:55,"Proscan 10.1"" Tablet/Portable DVD Combo 2GB/32GB Multi-touch screen w/ HDMI",49.99,139.99,Free shipping,https://www.ebay.com/itm/364156102432?_trkparms=5373%3A5000006400%7C5374%3ATech%7C5079%3A5000006409,90.0,64.29
2026-03-23 05:09:58,"JBL JBLLINK20BLKUS-Z Link 20 Voice-activated Portable Speaker,Black-Refurbished",79.99,79.99,Free shipping,https://www.ebay.com/itm/136931880915?_trkparms=5373%3A5000006400%7C5374%3ATech%7C5079%3A5000006403,0.0,0.0
2026-03-23 05:09:59,Apple AirPods Max USB-C 2nd Generation Midnight MWW43AM/A Bluetooth 2024 Model,389.99,549.0,Free shipping,https://www.ebay.com/itm/365379505321?_trkparms=5373%3A5000006400%7C5374%3ATech%7C5079%3A5000006413,159.01,28.96
2026-03-23 05:09:59,"Sony DVD Player w/ HD Upconversion 1080p Upscaling, HDMI output, Black DVP-SR510",34.98,59.68,Free shipping,https://www.ebay.com/itm/366032027568?_trkparms=5373%3A5000006400%7C5374%3ATech%7C5079%3A5000006413,24.700000000000003,41.39
2026-03-23 05:10:00,VIZIO 32” Class Full HD 1080p LED Smart TV VFD32M-0807,89.99,169.99,Free shipping,https://www.ebay.com/itm/235812307908?_trkparms=5373%3A5000006400%7C5374%3ATech%7C5079%3A5000006413,80.00000000000001,47.06
2026-03-23 10:09:01,"ASUS VivoBook Laptop Intel Core Ultra 7 256V 16GB 1 TB SSD 14"" Touch W11H",591.99,761.99,Free shipping,https://www.ebay.com/itm/389430912755?_trkparms=5373%3A5000006400%7C5374%3ATech%7C5079%3A5000006407,170.0,22.31
2026-03-23 13:23:37,Anker Soundcore 3 Portable Bluetooth Speaker Stereo Waterproof 24Hr Play |Refurb,39.99,50.99,Shipping info unavailable,https://www.ebay.com/itm/385076133167?_trkparms=5373%3A5000006400%7C5374%3ATech%7C5079%3A5000006400,11.0,21.57
2026-03-23 13:23:37,Soundcore Space One Pro FlexiCurve Over-Ear Headphones Adaptive ANC Hi-Res Audio,113.99,199.99,Shipping info unavailable,https://www.ebay.com/itm/383498857763?_trkparms=5373%3A5000006400%7C5374%3ATech%7C5079%3A5000006400,86.00000000000001,43.0
2026-03-23 13:23:37,Soundcore Life Q20 Over-Ear Headphone Hybrid Active Noise Cancelling-Blue|Refurb,22.99,54.99,Shipping info unavailable,https://www.ebay.com/itm/387276659587?_trkparms=5373%3A5000006400%7C5374%3ATech%7C5079%3A5000006400,32.0,58.19
2026-03-23 16:04:42,Skullcandy - Crusher Evo Wireless - Matte Black- (Certified Refurbished),79.99,199.99,Free shipping,https://www.latest.ebay.com/itm/375979493334?src=urllib&_trkparms=5373%3A5000006400%7C5374%3ATech%7C5079%3A5000006400,120.00000000000001,60.0
2026-03-23 16:04:43,Soundcore Boom 2 Plus Outdoor Speaker BassUp 2.0 USB-C Power Bank 140W|Refurbish,149.99,249.99,Shipping info unavailable,https://www.ebay.com/itm/384231038071?_trkparms=5373%3A5000006400%7C5374%3ATech%7C5079%3A5000006400,100.0,40.0
2026-03-23 16:04:44,Soundcore Mini Portable Bluetooth Speaker Enhanced Bass Noise-Cancelling Mic,22.99,28.99,Shipping info unavailable,https://www.ebay.com/itm/384494598788?_trkparms=5373%3A5000006400%7C5374%3ATech%7C5079%3A5000006400,6.0,20.7
2026-03-23 16:04:44,Soundcore Boom 2 Outdoor Speaker RGB Subwoofer 80W Waterproof Floatable |Refurb,79.99,129.99,Shipping info unavailable,https://www.ebay.com/itm/387378153051?_trkparms=5373%3A5000006400%7C5374%3ATech%7C5079%3A5000006400,50.000000000000014,38.46
2026-03-23 16:04:44,Soundcore C40i Open-Ear Earbuds Clip-On Headphones Breathable Comfort |Refurbish,39.99,119.99,Shipping info unavailable,https://www.ebay.com/itm/383724608162?_trkparms=5373%3A5000006400%7C5374%3ATech%7C5079%3A5000006400,80.0,66.67
2026-03-23 16:04:44,Soundcore Space Q45 Wireless Over-Ear Headphone ANC Reduce Noise to 98% |Refurb,79.99,229.99,Shipping info unavailable,https://www.ebay.com/itm/386522419216?_trkparms=5373%3A5000006400%7C5374%3ATech%7C5079%3A5000006400,150.0,65.22
2026-03-23 16:04:44,NEBULA Cosmos Laser 4K Projector Android TV 10.0 Auto focus Dolby 30W Speaker,679.99,2199.99,Shipping info unavailable,https://www.ebay.com/itm/385942658605?_trkparms=5373%3A5000006400%7C5374%3ATech%7C5079%3A5000006400,1519.9999999999998,69.09
2026-03-23 16:04:44,Soundcore AeroFit Open-Ear Headphones Ergonomic Ear Hook Earbuds 42H Play|Refurb,49.99,129.99,Shipping info unavailable,https://www.ebay.com/itm/383512849155?_trkparms=5373%3A5000006400%7C5374%3ATech%7C5079%3A5000006400,80.0,61.54
2026-03-23 16:04:44,Soundcore Space One Wireless Over-Ear Headphones 40H ANC Playtime | Refurbished,59.99,99.99,Shipping info unavailable,https://www.ebay.com/itm/386708314981?_trkparms=5373%3A5000006400%7C5374%3ATech%7C5079%3A5000006400,39.99999999999999,40.0
2026-03-23 16:04:45,Soundcore Select 4 Go Wireless Shower Speaker Waterproof Floatable for Outdoor,19.99,34.99,Shipping info unavailable,https://www.ebay.com/itm/385101506986?_trkparms=5373%3A5000006400%7C5374%3ATech%7C5079%3A5000006400,15.000000000000004,42.87
2026-03-23 16:04:45,"Soundcore AeroClip by Anker, Open-Ear Earbuds, Clip-On Headphones, Adaptive",69.99,89.99,Shipping info unavailable,https://www.ebay.com/itm/389362674784?_trkparms=5373%3A5000006400%7C5374%3ATech%7C5079%3A5000006400,20.0,22.22
2026-03-23 16:04:45,Anker PowerConf Bluetooth Conference Speaker Meeting Speakerphone 6 Mics| Refurb,62.99,129.99,Shipping info unavailable,https://www.ebay.com/itm/384490759787?_trkparms=5373%3A5000006400%7C5374%3ATech%7C5079%3A5000006400,67.0,51.54
2026-03-23 16:04:45,Soundcore V30i Open-Ear Headphones Ergonomic Ear Hooks Robust Bass Earbud|Refurb,25.99,49.99,Shipping info unavailable,https://www.ebay.com/itm/387336611068?_trkparms=5373%3A5000006400%7C5374%3ATech%7C5079%3A5000006400,24.000000000000004,48.01
2026-03-23 16:04:45,Soundcore AeroFit Open-Ear Headphones Bassup Earbuds Ergonomic Ear Hooks|Refurb,49.99,129.99,Shipping info unavailable,https://www.ebay.com/itm/384231033386?_trkparms=5373%3A5000006400%7C5374%3ATech%7C5079%3A5000006400,80.0,61.54
2026-03-23 16:04:45,NEBULA Anker Capsule 3 Laser Smart Projector 1080P Portable for Home/Outdoor,379.99,799.99,Shipping info unavailable,https://www.ebay.com/itm/385887562764?_trkparms=5373%3A5000006400%7C5374%3ATech%7C5079%3A5000006400,420.0,52.5
2026-03-23 16:04:46,NEBULA Anker Projector Desktop Stand Foldable for Capsule Series |Refurbished,26.99,39.99,Shipping info unavailable,https://www.ebay.com/itm/383724092695?_trkparms=5373%3A5000006400%7C5374%3ATech%7C5079%3A5000006400,13.000000000000004,32.51
2026-03-23 16:04:46,"Bose Solo Soundbar 2 Home Theater, Certified Refurbished",99.0,199.0,Free shipping,https://www.latest.ebay.com/itm/167031735841?src=urllib&_trkparms=5373%3A5000006400%7C5374%3ATech%7C5079%3A5000006400,100.0,50.25
2026-03-23 16:04:46,"Apple iPad 10.2"" 9th Gen, 64GB, Wi-Fi - Gray - Very Good - 1 YEAR WARRANTY",179.85,399.0,Free shipping,https://www.latest.ebay.com/itm/185243247562?src=urllib&_trkparms=5373%3A5000006400%7C5374%3ATech%7C5079%3A5000006400,219.15,54.92
2026-03-23 16:04:46,"Microsoft Surface Pro 7 12"" i5 1.1GHz/8GB/128GB (Platinum) PVQ-00001 w/Warranty",249.0,750.0,Free shipping,https://www.latest.ebay.com/itm/376622219595?src=urllib&_trkparms=5373%3A5000006400%7C5374%3ATech%7C5079%3A5000006400,501.0,66.8
2026-03-23 16:04:46,"VITURE One XR/AR Glasses 120"" Full HD Display Harman Sound Jet Black (Good)",99.99,99.99,Free shipping,https://www.latest.ebay.com/itm/366290146557?src=urllib&_trkparms=5373%3A5000006400%7C5374%3ATech%7C5079%3A5000006400,0.0,0.0
2026-03-23 16:04:46,Samsung Galaxy S23 Ultra 256GB S918U Unlocked - Good,379.99,379.99,Free shipping,https://www.latest.ebay.com/itm/256460585805?src=urllib&_trkparms=5373%3A5000006400%7C5374%3ATech%7C5079%3A5000006400,0.0,0.0
2026-03-23 16:04:46,Apple iPhone 17 Pro 256GB Unlocked Good All Colors,913.71,1299.99,Free shipping,https://www.latest.ebay.com/itm/127693879565?src=urllib&_trkparms=5373%3A5000006400%7C5374%3ATech%7C5079%3A5000006400,386.28,29.71
2026-03-23 16:04:46,Apple iPhone 15 Pro Max A2849 256GB Unlocked Very Good,575.99,575.99,Free shipping,https://www.ebay.com/itm/356227859677?_trkparms=5373%3A5000006400%7C5374%3ATech%7C5079%3A5000006423,0.0,0.0
2026-03-23 16:04:47,Apple iPhone 17 Pro 256GB Unlocked Very Good All Colors,946.28,946.28,Free shipping,https://www.ebay.com/itm/127693872113?_trkparms=5373%3A5000006400%7C5374%3ATech%7C5079%3A5000006423,0.0,0.0
2026-03-23 16:04:47,"Apple MacBook Air MJVM2LL/A 2015 Laptop Core i5-5250U 1.6GHz 8GB RAM 128GB, Good",128.99,128.99,Free shipping,https://www.ebay.com/itm/276555001044?_trkparms=5373%3A5000006400%7C5374%3ATech%7C5079%3A5000006407,0.0,0.0
2026-03-23 16:04:47,Apple HomePod (2nd Generation) Bluetooth Speakers  MQJ73LL A Midnight Excellent,239.99,239.99,Free shipping,https://www.ebay.com/itm/406562926742?_trkparms=5373%3A5000006400%7C5374%3ATech%7C5079%3A5000006409,0.0,0.0
2026-03-23 16:04:48,GoPro HERO 13 Black 5.3K HDR 27MP Camera 2 Battery Bundle CHDCB-131-RT 2024,229.99,439.99,Free shipping,https://www.ebay.com/itm/387454399706?_trkparms=5373%3A5000006400%7C5374%3ATech%7C5079%3A5000006430,210.0,47.73
2026-03-23 16:04:48,GoPro HERO 13 Black 5.3K HDR 27MP Camera 2 Battery Bundle CHDCB-131-RT 2024,224.99,439.99,Free shipping,https://www.ebay.com/itm/336371058895?_trkparms=5373%3A5000006400%7C5374%3ATech%7C5079%3A5000006430,215.0,48.86
2026-03-23 16:04:49,Apple iPad Air 4 WIFI Only 10.9in 64GB - Very Good,239.0,239.0,Free shipping,https://www.ebay.com/itm/167829070957?_trkparms=5373%3A5000006400%7C5374%3ATech%7C5079%3A5000006415,0.0,0.0
2026-03-23 16:04:49,"Apple iPad 6th Gen - Wi-Fi Only - 128GB - 9.7"" - Excellent",120.0,120.0,Free shipping,https://www.ebay.com/itm/165326480760?_trkparms=5373%3A5000006400%7C5374%3ATech%7C5079%3A5000006415,0.0,0.0
2026-03-23 16:04:49,"Apple iPad 9 (2021) 10.2"" 64GB 256GB Space Gray Silver WiFi or Cellular - Good",172.99,172.99,Free shipping,https://www.ebay.com/itm/165337813141?_trkparms=5373%3A5000006400%7C5374%3ATech%7C5079%3A5000006415,0.0,0.0
2026-03-23 16:04:49,EcoFlow 3-in-1 45W USB C Charger with Retractable Cable 2-Port Fast Charger,99.99,109.0,Free shipping,https://www.ebay.com/itm/146825643438?_trkparms=5373%3A5000006400%7C5374%3ATech%7C5079%3A5000006419,9.010000000000005,8.27
2026-03-23 16:04:49,EcoFlow Rapid Pro Charger (140W 4 Ports) 140W (Max) USB-C 4-in-1 Charger,124.99,139.0,Free shipping,https://www.ebay.com/itm/146812099970?_trkparms=5373%3A5000006400%7C5374%3ATech%7C5079%3A5000006419,14.010000000000005,10.08
2026-03-23 16:04:49,EcoFlow Rapid Pro Charger (100W 3 Ports) 100W (Max) USB-C 3 in 1 Charger,112.49,129.0,Free shipping,https://www.ebay.com/itm/146812115381?_trkparms=5373%3A5000006400%7C5374%3ATech%7C5079%3A5000006419,16.510000000000005,12.8
2026-03-23 16:04:49,EcoFlow RAPID 65W GaN USB Type C Charger Block Plug Power Adapter with Cable,37.49,49.99,Free shipping,https://www.ebay.com/itm/146006417024?_trkparms=5373%3A5000006400%7C5374%3ATech%7C5079%3A5000006419,12.5,25.01
2026-03-23 16:04:49,"3TB 7.2K SAS 3.5"" Hard Drive Fits Dell Server T710 R510 R720 R710 Hot Swap 6Gb/s",24.99,24.99,Free shipping,https://www.ebay.com/itm/223478202247?_trkparms=5373%3A5000006400%7C5374%3ATech%7C5079%3A5000006421,0.0,0.0
2026-03-23 16:04:49,"1.8TB 10K SAS 2.5"" 12G HARD DRIVE DELL SERVER  R630 R730 T630 R830 R930 R430 HDD",39.99,39.99,Free shipping,https://www.ebay.com/itm/226308802945?_trkparms=5373%3A5000006400%7C5374%3ATech%7C5079%3A5000006421,0.0,0.0
2026-03-23 16:04:50,256GB NVMe mSATA  PCIe M.2 Solid State Drives  (Lot of 10) Msata HDD Hard drive,349.99,349.99,Free shipping,https://www.ebay.com/itm/225880345187?_trkparms=5373%3A5000006400%7C5374%3ATech%7C5079%3A5000006421,0.0,0.0
2026-03-23 16:04:50,Recertified Western Digital 8TB WD My Book - RWDBBGB0080HBK-NESN,143.73,269.99,Free shipping,https://www.ebay.com/itm/296201483142?_trkparms=5373%3A5000006400%7C5374%3ATech%7C5079%3A5000006421,126.26000000000002,46.76
2026-03-23 16:04:50,Apple AirPods 2nd Gen Genuine Replacement Right or Left or Charging Case,15.49,15.49,Free shipping,https://www.ebay.com/itm/115878536964?_trkparms=5373%3A5000006400%7C5374%3ATech%7C5079%3A5000006403,0.0,0.0
2026-03-23 16:04:50,Genuine Apple AirPods Pro (1st Gen) Replacement Parts Right Left AirPods or Case,27.89,27.89,Free shipping,https://www.ebay.com/itm/126039275830?_trkparms=5373%3A5000006400%7C5374%3ATech%7C5079%3A5000006403,0.0,0.0
2026-03-23 16:04:50,Sony WH-1000XM6 The Best Wireless Noise Canceling Bluetooth Headphones,299.99,299.99,Free shipping,https://www.ebay.com/itm/267320613152?_trkparms=5373%3A5000006400%7C5374%3ATech%7C5079%3A5000006403,0.0,0.0
2026-03-23 16:04:50,Sony ULT WEAR 900N Wireless Noise Canceling Bluetooth Headphones - Forest Gray,99.99,249.99,Free shipping,https://www.ebay.com/itm/315380320340?_trkparms=5373%3A5000006400%7C5374%3ATech%7C5079%3A5000006403,150.0,60.0
2026-03-23 16:04:50,HP 3301SDW LaserJet Pro MFP Wireless Color Printer 499Q3F Toner Included,319.99,319.99,Free shipping,https://www.ebay.com/itm/306249909832?_trkparms=5373%3A5000006400%7C5374%3ATech%7C5079%3A5000006417,0.0,0.0
2026-03-23 16:04:51,Epson EcoTank ET-2988 Printer - White - Certified Refurbished,149.99,169.99,Free shipping,https://www.ebay.com/itm/198026237563?_trkparms=5373%3A5000006400%7C5374%3ATech%7C5079%3A5000006417,20.0,11.77
2026-03-23 16:04:51,"EcoFlow GLACIER Car Refrigerator Plug-in Battery, for Camping, Travel, Fishing",217.5,399.0,Free shipping,https://www.latest.ebay.com/itm/145055179672?src=urllib&_trkparms=5373%3A5000006400%7C5374%3ATech%7C5079%3A5000006432,181.5,45.49
2026-03-23 16:04:51,Black Diamond 7-Band Stereo Equalizer/Crossover Pre Amp Equalizer - EQ7LS,22.46,22.46,Free shipping,https://www.latest.ebay.com/itm/305663604431?src=urllib&_trkparms=5373%3A5000006400%7C5374%3ATech%7C5079%3A5000006432,0.0,0.0
2026-03-23 16:04:51,"DS18 PRO-GM6SE 6.5"" Sealed Back Mid-Range Car Speaker Loudspeaker 480 Watts",23.64,26.95,Free shipping,https://www.latest.ebay.com/itm/303844921792?src=urllib&_trkparms=5373%3A5000006400%7C5374%3ATech%7C5079%3A5000006432,3.3099999999999987,12.28
2026-03-23 16:04:51,"DS18 PRO-X6.4BM  6.5"" MIDRANGE BULLET LOUDSPEAKER 4 OHM 500 WATTS",39.71,39.71,Free shipping,https://www.latest.ebay.com/itm/303865253958?src=urllib&_trkparms=5373%3A5000006400%7C5374%3ATech%7C5079%3A5000006432,0.0,0.0
2026-03-23 16:04:51,Nikon NIKKOR Z 50mm f/1.8 S Lens 20083,412.99,484.14,Free shipping,https://www.latest.ebay.com/itm/297697533084?src=urllib&_trkparms=5373%3A5000006400%7C5374%3ATech%7C5079%3A5000006425,71.14999999999998,14.7
2026-03-23 16:04:52,"EcoFlow GLACIER Car Refrigerator Plug-in Battery, for Camping, Travel, Fishing",217.5,399.0,Free shipping,https://www.ebay.com/itm/145055179672?_trkparms=5373%3A5000006400%7C5374%3ATech%7C5079%3A5000006413,181.5,45.49
2026-03-23 16:04:52,Apple AirPods 2nd Gen Genuine Replacement Right or Left or Charging Case,15.49,15.49,Free shipping,https://www.ebay.com/itm/115878536964?_trkparms=5373%3A5000006400%7C5374%3ATech%7C5079%3A5000006413,0.0,0.0
2026-03-23 16:04:52,Genuine Apple AirPods Pro (1st Gen) Replacement Parts Right Left AirPods or Case,27.89,27.89,Free shipping,https://www.ebay.com/itm/126039275830?_trkparms=5373%3A5000006400%7C5374%3ATech%7C5079%3A5000006413,0.0,0.0
2026-03-23 16:04:52,Sony WH-1000XM6 The Best Wireless Noise Canceling Bluetooth Headphones,299.99,299.99,Free shipping,https://www.ebay.com/itm/267320613152?_trkparms=5373%3A5000006400%7C5374%3ATech%7C5079%3A5000006413,0.0,0.0
2026-03-23 16:04:52,EcoFlow 3-in-1 45W USB C Charger with Retractable Cable 2-Port Fast Charger,99.99,109.0,Free shipping,https://www.ebay.com/itm/146825643438?_trkparms=5373%3A5000006400%7C5374%3ATech%7C5079%3A5000006411,9.010000000000005,8.27
2026-03-23 16:04:53,EcoFlow Rapid Pro Charger (140W 4 Ports) 140W (Max) USB-C 4-in-1 Charger,124.99,139.0,Free shipping,https://www.ebay.com/itm/146812099970?_trkparms=5373%3A5000006400%7C5374%3ATech%7C5079%3A5000006411,14.010000000000005,10.08
2026-03-23 16:04:53,EcoFlow Rapid Pro Charger (100W 3 Ports) 100W (Max) USB-C 3 in 1 Charger,112.49,129.0,Free shipping,https://www.ebay.com/itm/146812115381?_trkparms=5373%3A5000006400%7C5374%3ATech%7C5079%3A5000006411,16.510000000000005,12.8
2026-03-23 16:04:53,EcoFlow RAPID 65W GaN USB Type C Charger Block Plug Power Adapter with Cable,37.49,49.99,Free shipping,https://www.ebay.com/itm/146006417024?_trkparms=5373%3A5000006400%7C5374%3ATech%7C5079%3A5000006411,12.5,25.01
2026-03-23 16:04:53,Orbic Speed RC400L (Verizon) 4G LTE Mobile WiFi Hotspot,22.99,22.99,Free shipping,https://www.ebay.com/itm/276624956523?_trkparms=5373%3A5000006400%7C5374%3ATech%7C5079%3A5000006405,0.0,0.0
2026-03-23 16:04:53,Epson EcoTank ET-2850 Printer - White - Certified Refurbished,139.99,169.99,Free shipping,https://www.ebay.com/itm/225869836470?_trkparms=5373%3A5000006400%7C5374%3ATech%7C5079%3A5000006405,30.0,17.65
2026-03-23 16:04:53,"Lifelong 15.6"" 1080P Portable Monitor G70-T - IPS, Built-In Speakers, 60Hz, HDMI",39.99,129.99,Free shipping,https://www.ebay.com/itm/397043631826?_trkparms=5373%3A5000006400%7C5374%3ATech%7C5079%3A5000006405,90.0,69.24
2026-03-23 19:04:17,Apple iPhone 15 Pro A2848 256GB Unlocked - Very Good Condition,490.99,490.99,Free shipping,https://www.ebay.com/itm/356227813818?_trkparms=5373%3A5000006400%7C5374%3ATech%7C5079%3A5000006400,0.0,0.0
2026-03-23 19:04:20,Skullcandy JIB TRUE XT2 Wireless In-Ear Earbuds (Certified Refurbished),12.34,12.34,Free shipping,https://www.ebay.com/itm/373966955854?_trkparms=5373%3A5000006400%7C5374%3ATech%7C5079%3A5000006400,0.0,0.0
2026-03-23 19:04:21,Meta Quest 3 512GB (Refurbished),449.99,499.99,Free shipping,https://www.ebay.com/itm/406273663306?_trkparms=5373%3A5000006400%7C5374%3ATech%7C5079%3A5000006400,50.0,10.0
2026-03-23 19:04:21,"HP ProBook 440 G6 14"" HD Quad-Core i5 Laptop Windows 11 16GB RAM 256GB SSD WiFi",219.92,219.92,Free shipping,https://www.ebay.com/itm/283987164379?_trkparms=5373%3A5000006400%7C5374%3ATech%7C5079%3A5000006400,0.0,0.0
2026-03-23 19:04:22,"Microsoft Surface Pro 7 12"" i5 1.1GHz/8GB/128GB (Platinum) PVQ-00001 w/Warranty",249.0,750.0,Free shipping,https://www.ebay.com/itm/376622219595?_trkparms=5373%3A5000006400%7C5374%3ATech%7C5079%3A5000006407,501.0,66.8
2026-03-23 19:04:23,"Apple iPad 10.2"" 9th Gen, 64GB, Wi-Fi - Gray - Very Good - 1 YEAR WARRANTY",179.85,399.0,Free shipping,https://www.ebay.com/itm/185243247562?_trkparms=5373%3A5000006400%7C5374%3ATech%7C5079%3A5000006415,219.15,54.92
2026-03-23 19:04:25,Skullcandy - Crusher Evo Wireless - Matte Black- (Certified Refurbished),79.99,199.99,Free shipping,https://www.ebay.com/itm/375979493334?_trkparms=5373%3A5000006400%7C5374%3ATech%7C5079%3A5000006403,120.00000000000001,60.0
2026-03-23 19:04:26,"EcoFlow GLACIER Car Refrigerator Plug-in Battery, for Camping, Travel, Fishing",217.5,399.0,Free shipping,https://www.ebay.com/itm/145055179672?_trkparms=5373%3A5000006400%7C5374%3ATech%7C5079%3A5000006432,181.5,45.49
2026-03-23 19:04:26,Black Diamond 7-Band Stereo Equalizer/Crossover Pre Amp Equalizer - EQ7LS,22.46,22.46,Free shipping,https://www.ebay.com/itm/305663604431?_trkparms=5373%3A5000006400%7C5374%3ATech%7C5079%3A5000006432,0.0,0.0
2026-03-23 19:04:26,"DS18 PRO-GM6SE 6.5"" Sealed Back Mid-Range Car Speaker Loudspeaker 480 Watts",23.64,26.95,Free shipping,https://www.ebay.com/itm/303844921792?_trkparms=5373%3A5000006400%7C5374%3ATech%7C5079%3A5000006432,3.3099999999999987,12.28
2026-03-23 19:04:26,"DS18 PRO-X6.4BM  6.5"" MIDRANGE BULLET LOUDSPEAKER 4 OHM 500 WATTS",39.71,39.71,Free shipping,https://www.ebay.com/itm/303865253958?_trkparms=5373%3A5000006400%7C5374%3ATech%7C5079%3A5000006432,0.0,0.0
2026-03-23 19:04:27,Skullcandy - Crusher Evo Wireless - Matte Black- (Certified Refurbished),79.99,199.99,Free shipping,https://www.ebay.com/itm/375979493334?_trkparms=5373%3A5000006400%7C5374%3ATech%7C5079%3A5000006413,120.00000000000001,60.0
2026-03-24 02:42:21,"Seagate Exos 12TB-28TB 7.2k RPM SATA 6Gb/s 512e 3.5"" Recertified Enterprise HDD",492.82,492.82,Free shipping,https://www.ebay.com/itm/127047114304?_trkparms=5373%3A5000006400%7C5374%3ATech%7C5079%3A5000006421,0.0,0.0
2026-03-24 16:11:43,Apple AirPods 4 White with ANC In Ear Headphones MXP93LL/A,95.0,129.0,Free shipping,https://www.ebay.com/itm/116380691284?_trkparms=5373%3A5000006400%7C5374%3ATech%7C5079%3A5000006400,34.0,26.36
2026-03-24 16:11:47,Apple iPhone 15 Pro Max A2849 512GB Unlocked Very Good Condition,597.99,597.99,Free shipping,https://www.ebay.com/itm/357482464547?_trkparms=5373%3A5000006400%7C5374%3ATech%7C5079%3A5000006400,0.0,0.0
2026-03-24 16:11:47,Apple Watch SE 40mm 44mm GPS + WiFi + Cellular Pink Gold Gray Silver - Good,103.59,103.59,Free shipping,https://www.ebay.com/itm/314285776503?_trkparms=5373%3A5000006400%7C5374%3ATech%7C5079%3A5000006400,0.0,0.0
2026-03-24 16:11:47,"Seagate Exos 12TB-28TB 7.2k RPM SATA 6Gb/s 512e 3.5"" Recertified Enterprise HDD",492.82,492.82,Free shipping,https://www.ebay.com/itm/127047114304?_trkparms=5373%3A5000006400%7C5374%3ATech%7C5079%3A5000006400,0.0,0.0
2026-03-24 16:11:47,"Apple iPad 7 10.2"" (7th Gen 2019) (Wi-Fi) 32GB Space Gray - Good",99.0,600.0,Free shipping,https://www.ebay.com/itm/196037526807?_trkparms=5373%3A5000006400%7C5374%3ATech%7C5079%3A5000006400,501.0,83.5
2026-03-24 19:14:17,Skullcandy JIB TRUE XT2 Wireless In-Ear Earbuds (Certified Refurbished),12.34,12.34,Free shipping,https://www.ebay.com/itm/373966955854?_trkparms=5373%3A5000006400%7C5374%3ATech%7C5079%3A5000006403,0.0,0.0
2026-03-24 19:14:18,Skullcandy Crusher Evo XT Wireless Over-Ear Headset (Certified Refurb) - BLACK,79.99,199.99,Free shipping,https://www.ebay.com/itm/266740495328?_trkparms=5373%3A5000006400%7C5374%3ATech%7C5079%3A5000006403,120.00000000000001,60.0
2026-03-24 19:14:19,Skullcandy JIB TRUE XT2 Wireless In-Ear Earbuds (Certified Refurbished),12.34,12.34,Free shipping,https://www.ebay.com/itm/373966955854?_trkparms=5373%3A5000006400%7C5374%3ATech%7C5079%3A5000006413,0.0,0.0
2026-03-24 19:14:19,Skullcandy Crusher Evo XT Wireless Over-Ear Headset (Certified Refurb) - BLACK,79.99,199.99,Free shipping,https://www.ebay.com/itm/266740495328?_trkparms=5373%3A5000006400%7C5374%3ATech%7C5079%3A5000006413,120.00000000000001,60.0
2026-03-24 19:14:19,Meta Quest 3 512GB (Refurbished),449.99,499.99,Free shipping,https://www.ebay.com/itm/406273663306?_trkparms=5373%3A5000006400%7C5374%3ATech%7C5079%3A5000006413,50.0,10.0
2026-03-24 21:44:54,Apple iPad 7th Generation (2019) - WiFi Only 32GB - Good,115.0,115.0,Free shipping,https://www.ebay.com/itm/134018475345?_trkparms=5373%3A5000006400%7C5374%3ATech%7C5079%3A5000006415,0.0,0.0
2026-03-25 05:00:57,Dell Latitude 7390 Business Laptop 13” FHD Core i7 16GB RAM 512GB SSD Win 11 Pro,312.7,312.7,Free shipping,https://www.ebay.com/itm/267114393913?_trkparms=5373%3A5000006400%7C5374%3ATech%7C5079%3A5000006407,0.0,0.0
2026-03-25 05:00:59,Samsung Galaxy Tab S7 T870 (WiFi) 128GB Mystic Black (Excellent),200.69,829.99,Free shipping,https://www.ebay.com/itm/287070717722?_trkparms=5373%3A5000006400%7C5374%3ATech%7C5079%3A5000006415,629.3,75.82
2026-03-25 05:01:03,Dell P2219H 22in LCD Monitor Full HD 1920 x 1080 HDMI DP 8 ms 16:9 Widescreen,79.59,79.59,Free shipping,https://www.ebay.com/itm/257148708756?_trkparms=5373%3A5000006400%7C5374%3ATech%7C5079%3A5000006405,0.0,0.0
2026-03-25 05:01:03,Name Brand 27in LCD 1920x1080 60 Hz 16:9 Monitor for Desktop Computer PC Grade A,68.56,68.56,Free shipping,https://www.ebay.com/itm/267507523196?_trkparms=5373%3A5000006400%7C5374%3ATech%7C5079%3A5000006405,0.0,0.0
2026-03-25 07:11:56,HP ProBook 440 G6 Laptop 14” HD Intel Core i5 16GB RAM 512GB SSD Windows 11 Pro,264.64,264.64,Free shipping,https://www.ebay.com/itm/267259406872?_trkparms=5373%3A5000006400%7C5374%3ATech%7C5079%3A5000006407,0.0,0.0
2026-03-25 16:16:59,Apple iPhone 17 Pro Max 256GB Unlocked Very Good All Colors,1158.78,1158.78,Free shipping,https://www.ebay.com/itm/127693928934?_trkparms=5373%3A5000006400%7C5374%3ATech%7C5079%3A5000006400,0.0,0.0
2026-03-25 16:17:02,Skullcandy Smokin' Buds XT- Black (CERTIFIED REFURBISHED),12.99,29.99,Free shipping,https://www.ebay.com/itm/266646620402?_trkparms=5373%3A5000006400%7C5374%3ATech%7C5079%3A5000006400,17.0,56.69
2026-03-25 16:17:02,Samsung Galaxy S22 Ultra S908U1 128GB 256GB 512GB Unlocked Very Good,354.95,354.95,Free shipping,https://www.ebay.com/itm/186401962835?_trkparms=5373%3A5000006400%7C5374%3ATech%7C5079%3A5000006400,0.0,0.0
2026-03-25 16:17:03,Apple Watch Ultra 2 (GPS + LTE) 49MM  Black Titanium Case Black Ocean Band,399.95,799.0,Free shipping,https://www.ebay.com/itm/146330290700?_trkparms=5373%3A5000006400%7C5374%3ATech%7C5079%3A5000006400,399.05,49.94
2026-03-25 16:17:03,"2020 Apple M1 MacBook Air 13.3"" 8GB/128GB SSD - (Gray/Skinned) A2337 w/Warranty",354.0,899.0,Free shipping,https://www.ebay.com/itm/376719960744?_trkparms=5373%3A5000006400%7C5374%3ATech%7C5079%3A5000006400,545.0,60.62
2026-03-25 16:17:03,"MSI PRO MP275PG 27"" FHD Business Flat IPS Monitor 100Hz/1ms Built-in Speaker",99.99,149.99,Free shipping,https://www.ebay.com/itm/257245931102?_trkparms=5373%3A5000006400%7C5374%3ATech%7C5079%3A5000006400,50.000000000000014,33.34
2026-03-25 16:17:03,"JBL Tour One M2, Wireless over-ear Noise Cancelling headphones",99.99,224.96,Free shipping,https://www.ebay.com/itm/396295514209?_trkparms=5373%3A5000006400%7C5374%3ATech%7C5079%3A5000006400,124.97000000000001,55.55
2026-03-25 16:17:03,Meta Quest 3S 128GB,249.99,299.99,Free shipping,https://www.ebay.com/itm/406798162867?_trkparms=5373%3A5000006400%7C5374%3ATech%7C5079%3A5000006400,50.0,16.67
2026-03-25 16:17:05,Dell Latitude 5410 Laptop 14” FHD Core i7 16GB RAM 512GB SSD Windows 11 Pro HDMI,323.26,323.26,Free shipping,https://www.ebay.com/itm/286329564700?_trkparms=5373%3A5000006400%7C5374%3ATech%7C5079%3A5000006407,0.0,0.0
2026-03-25 19:05:34,Dell Latitude 5420 Rugged Laptop 14” FHD Core i7 16GB RAM 256GB SSD Win 11 Pro,489.9,795.0,Free shipping,https://www.ebay.com/itm/267096494337?_trkparms=5373%3A5000006400%7C5374%3ATech%7C5079%3A5000006407,305.1,38.38
2026-03-26 02:54:14,"Rockville HTS56 1000w 5.1 Channel Home Theater System/Bluetooth/USB+8"" Subwoofer",169.95,390.0,Free shipping,https://www.ebay.com/itm/302495341359?_trkparms=5373%3A5000006400%7C5374%3ATech%7C5079%3A5000006409,220.05,56.42
2026-03-26 02:54:16,"Apple iPad 7 10.2"" (7th Gen 2019) (Wi-Fi) 32GB Space Gray - Good",99.0,600.0,Free shipping,https://www.ebay.com/itm/196037526807?_trkparms=5373%3A5000006400%7C5374%3ATech%7C5079%3A5000006415,501.0,83.5
2026-03-26 02:54:18,Zebra ZQ610 203dpi ZQ61-HUWA000-00  Bluetooth Wifi,79.99,79.99,Free shipping,https://www.ebay.com/itm/277716237386?_trkparms=5373%3A5000006400%7C5374%3ATech%7C5079%3A5000006417,0.0,0.0
2026-03-26 02:54:19,"Rockville HTS56 1000w 5.1 Channel Home Theater System/Bluetooth/USB+8"" Subwoofer",169.95,390.0,Free shipping,https://www.ebay.com/itm/302495341359?_trkparms=5373%3A5000006400%7C5374%3ATech%7C5079%3A5000006413,220.05,56.42
2026-03-26 05:12:48,GoPro HERO 13 Black 5.3K HDR 27MP Camera 2 Battery Bundle CHDCB-131-RT 2024,239.99,439.99,Free shipping,https://www.ebay.com/itm/335665868298?_trkparms=5373%3A5000006400%7C5374%3ATech%7C5079%3A5000006430,200.0,45.46
2026-03-26 13:44:30,DS18 G4.6Xi 4x6 Car Speakers 2-Way Coaxial Speakers 135 Watts 4-Ohm - Pair,38.21,38.21,Free shipping,https://www.ebay.com/itm/305255120629?_trkparms=5373%3A5000006400%7C5374%3ATech%7C5079%3A5000006432,0.0,0.0
2026-03-26 16:16:40,Samsung QN65S90FA 65 inch OLED S90F 4K UHD Smart TV with Vision AI - 2025 Model,1124.8,1397.99,Shipping info unavailable,https://www.ebay.com/itm/157064666041?_trkparms=5373%3A5000006400%7C5374%3ATech%7C5079%3A5000006400,273.19000000000005,19.54
2026-03-26 16:16:41,"JLab GO Sport+ True Wireless Earbuds, Gym & Work Out Running Headphones",24.99,29.99,Free shipping,https://www.ebay.com/itm/235425329067?_trkparms=5373%3A5000006400%7C5374%3ATech%7C5079%3A5000006400,5.0,16.67
2026-03-26 16:16:41,Apple Watch Ultra 2 2nd Generation GPS & Cellular 49mm - Titanium - Excellent,396.99,396.99,Free shipping,https://www.ebay.com/itm/186153928007?_trkparms=5373%3A5000006400%7C5374%3ATech%7C5079%3A5000006400,0.0,0.0
2026-03-26 16:16:42,Apple iPhone 15 Pro 128/256/512GB/1TB Unlocked Very Good All Colors,454.41,454.41,Free shipping,https://www.ebay.com/itm/127566307829?_trkparms=5373%3A5000006400%7C5374%3ATech%7C5079%3A5000006423,0.0,0.0
2026-03-26 16:16:42,"2020 Apple M1 MacBook Air 13.3"" 8GB/128GB SSD - (Gray/Skinned) A2337 w/Warranty",354.0,899.0,Free shipping,https://www.ebay.com/itm/376719960744?_trkparms=5373%3A5000006400%7C5374%3ATech%7C5079%3A5000006407,545.0,60.62
2026-03-26 16:16:44,"Apple iPad Air 5th Gen 64GB, Wi-Fi, 10.9in - Blue - Good - 1 YEAR WARRANTY",269.85,699.0,Free shipping,https://www.ebay.com/itm/185474834756?_trkparms=5373%3A5000006400%7C5374%3ATech%7C5079%3A5000006415,429.15,61.39
2026-03-26 16:16:45,"JBL Tour One M2, Wireless over-ear Noise Cancelling headphones",99.99,224.96,Free shipping,https://www.ebay.com/itm/396295514209?_trkparms=5373%3A5000006400%7C5374%3ATech%7C5079%3A5000006403,124.97000000000001,55.55
2026-03-26 16:16:46,"JBL Tour One M2, Wireless over-ear Noise Cancelling headphones",99.99,224.96,Free shipping,https://www.ebay.com/itm/396295514209?_trkparms=5373%3A5000006400%7C5374%3ATech%7C5079%3A5000006413,124.97000000000001,55.55
2026-03-26 16:16:46,Meta Quest 3S 128GB,249.99,299.99,Free shipping,https://www.ebay.com/itm/406798162867?_trkparms=5373%3A5000006400%7C5374%3ATech%7C5079%3A5000006413,50.0,16.67
2026-03-26 16:16:48,"MSI PRO MP275PG 27"" FHD Business Flat IPS Monitor 100Hz/1ms Built-in Speaker",99.99,149.99,Free shipping,https://www.ebay.com/itm/257245931102?_trkparms=5373%3A5000006400%7C5374%3ATech%7C5079%3A5000006405,50.000000000000014,33.34
2026-03-27 02:56:30,FAO Schwarz Thunderbolt Jet X2 Drone,25.99,59.99,Free shipping,https://www.ebay.com/itm/175846348812?_trkparms=5373%3A5000006400%7C5374%3ATech%7C5079%3A5000006430,34.0,56.68
2026-03-27 15:59:07,Apple iPhone 15 Pro Max 256/512GB/1TB Unlocked Excellent All Colors,602.91,602.91,Free shipping,https://www.ebay.com/itm/127570982339?_trkparms=5373%3A5000006400%7C5374%3ATech%7C5079%3A5000006400,0.0,0.0
2026-03-27 15:59:10,Fanxiang 512GB SSD M.2 2280 NVMe PCIe Gen3x4 Internal Solid State Drive 3500mb/s,79.99,79.99,Free shipping,https://www.ebay.com/itm/315846696334?_trkparms=5373%3A5000006400%7C5374%3ATech%7C5079%3A5000006400,0.0,0.0
2026-03-27 15:59:11,"Lenovo ThinkPad E16 16"" AMD Ryzen 7 7735HS Radeon 680M 16GB 512GB SSD Very Good",678.99,1399.99,Free shipping,https://www.ebay.com/itm/389679566089?_trkparms=5373%3A5000006400%7C5374%3ATech%7C5079%3A5000006400,721.0,51.5
2026-03-27 15:59:11,Google Pixel 6 | 6a | 6 Pro - 128GB 256GB 512GB - Unlocked Verizon T-Mobile AT&T,113.95,113.95,Free shipping,https://www.ebay.com/itm/276523158982?_trkparms=5373%3A5000006400%7C5374%3ATech%7C5079%3A5000006400,0.0,0.0
2026-03-27 15:59:11,"Sony Bravia XR 65"" X90L 4K HDR Full Array LED Smart TV XR65X90L",699.99,1599.99,Free shipping,https://www.ebay.com/itm/335504276344?_trkparms=5373%3A5000006400%7C5374%3ATech%7C5079%3A5000006400,900.0,56.25
2026-03-27 15:59:11,Apple iPad 7th Gen 2019 (Wi-Fi) 32GB Silver (Excellent),120.59,329.0,Free shipping,https://www.ebay.com/itm/286883336263?_trkparms=5373%3A5000006400%7C5374%3ATech%7C5079%3A5000006400,208.41,63.35
2026-03-27 15:59:11,HP OfficeJet Pro 8135e Wireless All-in-One Certified Refurbished Printer with 3,135.0,215.0,Free shipping,https://www.ebay.com/itm/156674840768?_trkparms=5373%3A5000006400%7C5374%3ATech%7C5079%3A5000006400,80.0,37.21
2026-03-27 15:59:11,"DS18 PRO-FR6NEO 6.5"" Neodymium Full-Range Car Audio Loudspeaker 450 Watts 4-Ohm",93.57,113.95,Free shipping,https://www.ebay.com/itm/303847806939?_trkparms=5373%3A5000006400%7C5374%3ATech%7C5079%3A5000006400,20.38000000000001,17.89
2026-03-27 15:59:14,"Apple iPad 10.2"" 7th Gen, 32GB, Wi-Fi - Space Gray - Very Good - 1 YEAR WARRANTY",109.85,599.0,Free shipping,https://www.ebay.com/itm/184162963642?_trkparms=5373%3A5000006400%7C5374%3ATech%7C5079%3A5000006415,489.15,81.66
2026-03-27 15:59:17,EcoFlow Rapid Power Bank 25000mAh 100W Built-in & Retractable Cables Compatible,149.99,159.0,Free shipping,https://www.ebay.com/itm/146813882431?_trkparms=5373%3A5000006400%7C5374%3ATech%7C5079%3A5000006411,9.009999999999991,5.67
2026-03-27 15:59:17,EcoFlow Rapid Pro 3-in-1 Power Bank 10000mAh & 67W Foldable AC Plug 45W Recharge,137.49,159.0,Free shipping,https://www.ebay.com/itm/146810033846?_trkparms=5373%3A5000006400%7C5374%3ATech%7C5079%3A5000006411,21.50999999999999,13.53
2026-03-27 15:59:18,EcoFlow Rapid Pro Powerbank 20000mAh 230W Max Output & 100W Cable for iPhone,199.99,219.0,Free shipping,https://www.ebay.com/itm/146807999392?_trkparms=5373%3A5000006400%7C5374%3ATech%7C5079%3A5000006411,19.00999999999999,8.68
2026-03-28 18:52:41,"Bose SoundLink Revolve II Outdoor Bluetooth Speaker, Certified Refurbished",119.0,159.0,Free shipping,https://www.ebay.com/itm/167763039727?_trkparms=5373%3A5000006400%7C5374%3ATech%7C5079%3A5000006400,40.0,25.16
2026-03-28 18:52:41,"Microsoft Surface Pro 7+ 12.3"" i5 2.40GHz/8GB/128GB SSD - (Platinum) w/Warranty",379.0,379.0,Free shipping,https://www.ebay.com/itm/147219921620?_trkparms=5373%3A5000006400%7C5374%3ATech%7C5079%3A5000006400,0.0,0.0
2026-03-28 18:52:41,"HP LJ Pro MFP 3101fdw Wireless Printer with Fax Certified Refurbished,",275.0,345.0,Free shipping,https://www.ebay.com/itm/157646287479?_trkparms=5373%3A5000006400%7C5374%3ATech%7C5079%3A5000006400,70.0,20.29
2026-03-28 18:52:48,EcoFlow RAPID 20W GaN USB Type C Charger Block Plug Power Adapter with 1M Cable,12.49,19.99,Free shipping,https://www.ebay.com/itm/145854569247?_trkparms=5373%3A5000006400%7C5374%3ATech%7C5079%3A5000006411,7.499999999999998,37.52
2026-03-29 15:39:29,"Apple iPhone 13 6.1"" A2482 Unlocked w/128GB (Blue) - Good",257.0,799.0,Free shipping,https://www.ebay.com/itm/375369057245?_trkparms=5373%3A5000006400%7C5374%3ATech%7C5079%3A5000006400,542.0,67.83
2026-03-29 15:39:32,Apple iPhone 14 Pro Max 128/256/512GB/1TB Unlocked Very Good All Colors,472.96,472.96,Free shipping,https://www.ebay.com/itm/127568923109?_trkparms=5373%3A5000006400%7C5374%3ATech%7C5079%3A5000006400,0.0,0.0
2026-03-29 15:39:32,"Bose TV Speaker Home Theater Soundbar, Certified Refurbished",159.0,279.0,Free shipping,https://www.ebay.com/itm/184706040293?_trkparms=5373%3A5000006400%7C5374%3ATech%7C5079%3A5000006400,120.0,43.01
2026-03-29 15:39:32,Sony BRAVIA 7 K65XR70 65 inch 4K HDR Smart QLED Mini-LED TV (2024),969.99,1999.99,Free shipping,https://www.ebay.com/itm/318063084657?_trkparms=5373%3A5000006400%7C5374%3ATech%7C5079%3A5000006400,1030.0,51.5
2026-03-29 15:39:32,"HP OmniBook 7 Laptop Computer 14"" 2K Intel Core Ultra 5 16 GB memory;512 GB SSD",749.99,1199.99,Free shipping,https://www.ebay.com/itm/157646043303?_trkparms=5373%3A5000006400%7C5374%3ATech%7C5079%3A5000006400,450.0,37.5
2026-03-30 16:09:41,Soundcore Select 4 Go Portable Bluetooth Shower Speaker Floatable IP67 Outdoor,19.99,29.99,Shipping info unavailable,https://www.ebay.com/itm/383909697597?_trkparms=5373%3A5000006400%7C5374%3ATech%7C5079%3A5000006400,10.0,33.34
2026-03-30 16:09:42,"Bose SoundLink Flex Outdoor Bluetooth Waterproof Speaker, Certified Refurbished",89.0,89.0,Free shipping,https://www.ebay.com/itm/154969394937?_trkparms=5373%3A5000006400%7C5374%3ATech%7C5079%3A5000006400,0.0,0.0
2026-03-30 16:09:42,Samsung Galaxy S23 128GB S911U Unlocked - Good,199.99,199.99,Free shipping,https://www.ebay.com/itm/256372465052?_trkparms=5373%3A5000006400%7C5374%3ATech%7C5079%3A5000006400,0.0,0.0
2026-03-30 16:09:42,Apple Watch Series 4 40mm 44mm GPS + WiFi + Cellular Pink Gold Space Gray Silver,69.99,69.99,Free shipping,https://www.ebay.com/itm/313937850044?_trkparms=5373%3A5000006400%7C5374%3ATech%7C5079%3A5000006400,0.0,0.0
2026-03-30 16:09:42,"Apple iPhone 13 6.1"" A2482 Unlocked w/128GB (Blue) - Good",257.0,799.0,Free shipping,https://www.ebay.com/itm/375369057245?_trkparms=5373%3A5000006400%7C5374%3ATech%7C5079%3A5000006423,542.0,67.83
2026-03-30 16:09:42,Samsung Galaxy S22 Ultra 128GB S908U Unlocked - Good,279.99,279.99,Free shipping,https://www.ebay.com/itm/256412927142?_trkparms=5373%3A5000006400%7C5374%3ATech%7C5079%3A5000006423,0.0,0.0
2026-03-30 16:09:42,Apple iPhone 17 Pro Max 256GB Unlocked Very Good All Colors,1146.59,1146.59,Free shipping,https://www.ebay.com/itm/127693928934?_trkparms=5373%3A5000006400%7C5374%3ATech%7C5079%3A5000006423,0.0,0.0
2026-03-30 16:09:43,"HP 15-FD0083WM 15.6"" HD Pentium N200 1.8GHz Intel UHD Graphics 4GB RAM 128GB SSD",185.0,219.0,Free shipping,https://www.ebay.com/itm/126010593848?_trkparms=5373%3A5000006400%7C5374%3ATech%7C5079%3A5000006407,34.0,15.53
2026-03-30 16:09:44,DJI Osmo Action 5 Pro Standard Combo (Certified Refurbished),249.0,249.0,Free shipping,https://www.ebay.com/itm/306791886107?_trkparms=5373%3A5000006400%7C5374%3ATech%7C5079%3A5000006430,0.0,0.0
2026-03-30 16:09:44,Logitech G923 TRUEFORCE Sim Racing Wheel - 996-000374,319.99,319.99,Free shipping,https://www.ebay.com/itm/167172666516?_trkparms=5373%3A5000006400%7C5374%3ATech%7C5079%3A5000006401,0.0,0.0
2026-03-30 16:09:44,Apple iPad 9th Gen 2021 (Wi-Fi) 64GB Silver (Excellent),175.49,429.0,Free shipping,https://www.ebay.com/itm/286883437603?_trkparms=5373%3A5000006400%7C5374%3ATech%7C5079%3A5000006415,253.51,59.09
2026-03-30 16:09:45,Samsung Galaxy Tab S10 Ultra 14.6 - 256GB - Wi-Fi - Moonstone Gray - SM-X920NZAA,599.99,599.99,Free shipping,https://www.ebay.com/itm/187390269896?_trkparms=5373%3A5000006400%7C5374%3ATech%7C5079%3A5000006415,0.0,0.0
2026-03-30 16:09:45,SAMSUNG Galaxy Buds2 Pro True Wireless Bluetooth Earbuds  R510 - Good,57.99,57.99,Free shipping,https://www.ebay.com/itm/187968307126?_trkparms=5373%3A5000006400%7C5374%3ATech%7C5079%3A5000006419,0.0,0.0
2026-03-30 16:09:45,Anker Power Bank PowerCore Slim 10000mAh Battery Pack 20W USB-C Charging |Refurb,18.99,27.99,Free shipping,https://www.ebay.com/itm/383724592442?_trkparms=5373%3A5000006400%7C5374%3ATech%7C5079%3A5000006419,9.0,32.15
2026-03-30 16:09:45,"JBL Tour Pro 3, True Wireless Noise Cancelling earbuds with Smart Charging Case™",247.95,247.95,Free shipping,https://www.ebay.com/itm/205699501156?_trkparms=5373%3A5000006400%7C5374%3ATech%7C5079%3A5000006419,0.0,0.0
2026-03-30 16:09:45,"Seagate Exos ST28000NM001C 28TB  7200RPM SATA 6.0Gb/s 3.5"" Enterprise HDD",639.95,639.95,Free shipping,https://www.ebay.com/itm/227206181286?_trkparms=5373%3A5000006400%7C5374%3ATech%7C5079%3A5000006421,0.0,0.0
2026-03-30 16:09:45,"Seagate Exos 28TB 7.2K RPM SATA 6Gb/s 3.5"" Enterprise HDD - ST28000NM000C",579.0,579.0,Free shipping,https://www.ebay.com/itm/296879436001?_trkparms=5373%3A5000006400%7C5374%3ATech%7C5079%3A5000006421,0.0,0.0
2026-03-30 16:09:45,Seagate ST24000NM000H 24TB 7200RPM SATA 6Gb/s 256MB 3.5in Enterprise Hard Drive,559.99,559.99,Free shipping,https://www.ebay.com/itm/157069093432?_trkparms=5373%3A5000006400%7C5374%3ATech%7C5079%3A5000006421,0.0,0.0
2026-03-30 16:09:45,"MDD 24TB 7200RPM 512MB SATA 6Gb/s 3.5"" Internal Surveillance HDD MDD24TS51272DVR",479.95,479.95,Free shipping,https://www.ebay.com/itm/177472082957?_trkparms=5373%3A5000006400%7C5374%3ATech%7C5079%3A5000006421,0.0,0.0
2026-03-30 16:09:46,HP OfficeJet Pro 9135e Wireless All-in-One Color Inkjet Printer-Pro. Refurbished,169.0,187.78,Free shipping,https://www.ebay.com/itm/336348226493?_trkparms=5373%3A5000006400%7C5374%3ATech%7C5079%3A5000006417,18.78,10.0
2026-03-30 16:09:46,HP LaserJet Pro M234sdw All-In-One Monochrome  Laser Printer 6GX01F,142.49,142.49,Free shipping,https://www.ebay.com/itm/306313523028?_trkparms=5373%3A5000006400%7C5374%3ATech%7C5079%3A5000006417,0.0,0.0
2026-03-30 16:09:46,"4x DS18 PRO-X6.4BM 6.5"" Midrange Speakers 500W Max Loudspeaker With Bullet 4 Ohm",157.0,157.0,Free shipping,https://www.ebay.com/itm/306337207441?_trkparms=5373%3A5000006400%7C5374%3ATech%7C5079%3A5000006432,0.0,0.0
2026-03-30 16:09:47,Cobra RAD 480i Radar/Laser Detector Updateable BLUETOOTH Certified Refurbished,119.99,149.99,Free shipping,https://www.ebay.com/itm/114899621461?_trkparms=5373%3A5000006400%7C5374%3ATech%7C5079%3A5000006432,30.000000000000014,20.0
2026-03-30 16:09:48,Anker Prime Docking Station 14-in-1 160W 10Gbps Data Transfer Dual 4K |Refurbish,155.99,249.99,Free shipping,https://www.ebay.com/itm/385840469475?_trkparms=5373%3A5000006400%7C5374%3ATech%7C5079%3A5000006427,94.0,37.6
2026-03-30 16:09:48,Apple Pencil 2nd Generation for iPad Pro Stylus MU8F2AM/A with Wireless Charging,69.95,69.95,Free shipping,https://www.ebay.com/itm/283418233310?_trkparms=5373%3A5000006400%7C5374%3ATech%7C5079%3A5000006427,0.0,0.0
2026-03-30 16:09:48,"Apple iPhone 13 6.1"" A2482 Unlocked w/128GB (Blue) - Good",257.0,799.0,Free shipping,https://www.ebay.com/itm/375369057245?_trkparms=5373%3A5000006400%7C5374%3ATech%7C5079%3A5000006411,542.0,67.83
2026-03-30 16:09:48,Samsung Galaxy S22 Ultra 128GB S908U Unlocked - Good,279.99,279.99,Free shipping,https://www.ebay.com/itm/256412927142?_trkparms=5373%3A5000006400%7C5374%3ATech%7C5079%3A5000006411,0.0,0.0
2026-03-30 16:09:48,Samsung Galaxy Watch 7 SM-L300 | 40mm | GPS | Bluetooth - Multi Color SmartWatch,99.95,99.95,Free shipping,https://www.ebay.com/itm/186068206398?_trkparms=5373%3A5000006400%7C5374%3ATech%7C5079%3A5000006411,0.0,0.0
2026-03-30 16:09:49,ZOTAC GAMING GEFORCE RTX 4070 SUPER 12GB GDDR6X TWIN EDGE VIDEO Graphics CARD,559.0,799.0,Free shipping,https://www.ebay.com/itm/236264940903?_trkparms=5373%3A5000006400%7C5374%3ATech%7C5079%3A5000006405,240.0,30.04
2026-03-30 19:09:58,JBL JBLENDURACE Endurance Race Waterproof Sport Earbuds - Certified Refurbished,39.99,129.99,Shipping info unavailable,https://www.ebay.com/itm/134959037037?_trkparms=5373%3A5000006400%7C5374%3ATech%7C5079%3A5000006400,90.0,69.24
2026-03-31 13:49:11,"RB Microsoft Surface Pro 7 1866 12.3"" Intel i7-1065G7 16GB 256GB  Win11 -BLACK",429.99,999.99,Free shipping,https://www.ebay.com/itm/276057800053?_trkparms=5373%3A5000006400%7C5374%3ATech%7C5079%3A5000006415,570.0,57.0
2026-03-31 16:10:26,"Microsoft Surface Pro 7+ 12.3"" - i5 2.40GHz/8GB/128GB w/Type Cover - Warranty",419.0,419.0,Free shipping,https://www.ebay.com/itm/147221133696?_trkparms=5373%3A5000006400%7C5374%3ATech%7C5079%3A5000006400,0.0,0.0
2026-03-31 16:10:26,"Apple Watch Series 9 Aluminum 41mm (GPS Only, No Cellular) Midnight (Excellent)",199.99,499.0,Free shipping,https://www.ebay.com/itm/286894084915?_trkparms=5373%3A5000006400%7C5374%3ATech%7C5079%3A5000006400,299.01,59.92
2026-03-31 16:10:27,JBL JBLPARTYBOXULTAM-Z  PartyBox Ultimate Speaker - Certified Refurbished,1199.99,1899.95,Free shipping,https://www.ebay.com/itm/135712104253?_trkparms=5373%3A5000006400%7C5374%3ATech%7C5079%3A5000006400,699.96,36.84
2026-03-31 16:10:27,"Bose SoundLink Revolve+ II Outdoor Bluetooth Speaker, Certified Refurbished",179.0,229.0,Free shipping,https://www.ebay.com/itm/157291136102?_trkparms=5373%3A5000006400%7C5374%3ATech%7C5079%3A5000006400,50.0,21.83
2026-03-31 16:10:28,"MSI Katana 15 HX B14WEK-001US 15.6"" Gaming Laptop i7-14650HX 5050 16GB 512GB",809.0,1299.0,Free shipping,https://www.ebay.com/itm/257192042971?_trkparms=5373%3A5000006400%7C5374%3ATech%7C5079%3A5000006407,490.0,37.72
2026-03-31 19:12:08,"HP Chromebook 11MK G9 EE 11.6"" MediaTek 2GHz/4GB/32GB eMMC 349Y8UT - w/Warranty",84.0,160.0,Free shipping,https://www.ebay.com/itm/377008881386?_trkparms=5373%3A5000006400%7C5374%3ATech%7C5079%3A5000006400,76.0,47.5
2026-03-31 19:12:09,"HP EliteBook 840 G8 14"" 512GB i5-1145G7 WIN11P, Silver",300.0,1249.0,Free shipping,https://www.ebay.com/itm/366267984489?_trkparms=5373%3A5000006400%7C5374%3ATech%7C5079%3A5000006407,949.0,75.98
2026-03-31 19:12:12,Skullcandy SESH ANC Wireless In-ear Bluetooth Earbuds (Certified Refurb)-BLACK,18.99,59.99,Free shipping,https://www.ebay.com/itm/265983500898?_trkparms=5373%3A5000006400%7C5374%3ATech%7C5079%3A5000006403,41.0,68.34
2026-03-31 19:12:12,"Bose SoundLink Flex Outdoor Bluetooth Waterproof Speaker, Certified Refurbished",89.0,89.0,Free shipping,https://www.ebay.com/itm/154969394937?_trkparms=5373%3A5000006400%7C5374%3ATech%7C5079%3A5000006403,0.0,0.0
2026-03-31 19:12:14,Skullcandy SESH ANC Wireless In-ear Bluetooth Earbuds (Certified Refurb)-BLACK,18.99,59.99,Free shipping,https://www.ebay.com/itm/265983500898?_trkparms=5373%3A5000006400%7C5374%3ATech%7C5079%3A5000006413,41.0,68.34
2026-03-31 19:12:14,"Bose SoundLink Flex Outdoor Bluetooth Waterproof Speaker, Certified Refurbished",89.0,89.0,Free shipping,https://www.ebay.com/itm/154969394937?_trkparms=5373%3A5000006400%7C5374%3ATech%7C5079%3A5000006413,0.0,0.0
2026-04-01 07:44:30,ARRIS Surfboard G36 DOCSIS 3.1 Cable Modem Router - Certified Refurbished,179.39,340.0,Shipping info unavailable,https://www.ebay.com/itm/134660025278?_trkparms=5373%3A5000006400%7C5374%3ATech%7C5079%3A5000006400,160.61,47.24
2026-04-01 07:44:30,ARRIS SURFboard SBG7400AC2 DOCSIS 3 Cable Modem Router Certified Refurbished,68.99,150.0,Shipping info unavailable,https://www.ebay.com/itm/134661633547?_trkparms=5373%3A5000006400%7C5374%3ATech%7C5079%3A5000006400,81.01,54.01
2026-04-01 07:44:30,ARRIS SVG2482AC Surfboard 3.0 Modem & AC2350 Router - Certified Refurbished,91.99,220.0,Shipping info unavailable,https://www.ebay.com/itm/136345179091?_trkparms=5373%3A5000006400%7C5374%3ATech%7C5079%3A5000006400,128.01,58.19
2026-04-01 07:44:30,HP 8122e Wireless All-in-One Color Inkjet Printer - Certified Refurbished,103.95,169.0,Shipping info unavailable,https://www.ebay.com/itm/136882016544?_trkparms=5373%3A5000006400%7C5374%3ATech%7C5079%3A5000006400,65.05,38.49
2026-04-01 07:44:30,HP HP-OJPRO8135E-RB OfficeJet Pro 8135e All-in-One Printer Certified Refurbished,110.39,150.0,Shipping info unavailable,https://www.ebay.com/itm/135524295719?_trkparms=5373%3A5000006400%7C5374%3ATech%7C5079%3A5000006400,39.61,26.41
2026-04-01 07:44:30,HP OfficeJet Pro 8138e Wireless All-in-One Printer - Certified Refurbished,101.19,199.0,Shipping info unavailable,https://www.ebay.com/itm/136714547928?_trkparms=5373%3A5000006400%7C5374%3ATech%7C5079%3A5000006400,97.81,49.15
2026-04-01 07:44:30,Mobile Pixels MPDUEXMAXDS-RB 14'' DuexMax Portable Monitor Certified Refurbished,149.03,300.0,Shipping info unavailable,https://www.ebay.com/itm/135600785679?_trkparms=5373%3A5000006400%7C5374%3ATech%7C5079%3A5000006400,150.97,50.32
2026-04-01 07:44:31,"Mobile Pixels MPDUEXPLUS-RB Duex Lite 12.5"" Portable Monitor - Certified",156.39,463.5,Shipping info unavailable,https://www.ebay.com/itm/136244199216?_trkparms=5373%3A5000006400%7C5374%3ATech%7C5079%3A5000006400,307.11,66.26
2026-04-01 07:44:31,"Mobile Pixels MPTRIO2-RB 13.3"" Trio Portable Monitor - Certified Refurbished",358.79,550.0,Shipping info unavailable,https://www.ebay.com/itm/135600785757?_trkparms=5373%3A5000006400%7C5374%3ATech%7C5079%3A5000006400,191.20999999999998,34.77
2026-04-01 07:44:31,"Mobile Pixels MPTRIOMAX2-RB 14"" Trio Max Portable Monitor Certified Refurbished",386.39,650.0,Shipping info unavailable,https://www.ebay.com/itm/135600785795?_trkparms=5373%3A5000006400%7C5374%3ATech%7C5079%3A5000006400,263.61,40.56
2026-04-01 07:44:31,"ViewSonic CDE5512-R 55"" 4K Wireless Presentation Display - Certified Refurbished",579.59,750.0,Shipping info unavailable,https://www.ebay.com/itm/136439169609?_trkparms=5373%3A5000006400%7C5374%3ATech%7C5079%3A5000006400,170.40999999999997,22.72
2026-04-01 07:44:31,"ViewSonic CDE6502-S 65"" Full HD Commercial Display - Certified Refurbished",809.59,2099.0,Shipping info unavailable,https://www.ebay.com/itm/135213517939?_trkparms=5373%3A5000006400%7C5374%3ATech%7C5079%3A5000006400,1289.4099999999999,61.43
2026-04-01 07:44:31,"ViewSonic CDM5500R-S 55"" LED Commercial Display - Certified Refurbished",625.59,1800.0,Shipping info unavailable,https://www.ebay.com/itm/134307444134?_trkparms=5373%3A5000006400%7C5374%3ATech%7C5079%3A5000006400,1174.4099999999999,65.24
2026-04-01 07:44:31,"ViewSonic TD1656-2K-S 16"" WQXGA 1600p IPS Touchscreen Monitor, Black-Refurbished",257.59,299.99,Shipping info unavailable,https://www.ebay.com/itm/135656718201?_trkparms=5373%3A5000006400%7C5374%3ATech%7C5079%3A5000006400,42.400000000000034,14.13
2026-04-01 07:44:31,"ViewSonic VA1655-R 16"" 1080p Portable IPS Monitor - Certified Refurbished",74.51,89.99,Shipping info unavailable,https://www.ebay.com/itm/134544459951?_trkparms=5373%3A5000006400%7C5374%3ATech%7C5079%3A5000006400,15.47999999999999,17.2
2026-04-01 07:44:32,"ViewSonic VA2456-MHD_H-S 24"" 16:9 IPS Head Only Monitor - Certified Refurbished",91.99,129.99,Shipping info unavailable,https://www.ebay.com/itm/135201916321?_trkparms=5373%3A5000006400%7C5374%3ATech%7C5079%3A5000006400,38.000000000000014,29.23
2026-04-01 07:44:32,"ViewSonic VA2756-4K-MHD-S 27"" 4K Monitor Ultra-Thin Bezels Certified Refurbished",206.99,249.99,Shipping info unavailable,https://www.ebay.com/itm/135656646552?_trkparms=5373%3A5000006400%7C5374%3ATech%7C5079%3A5000006400,43.0,17.2
2026-04-01 07:44:32,"ViewSonic VG1655-R 15.6"" 16:9 Portable IPS Monitor - Certified Refurbished",124.19,199.99,Shipping info unavailable,https://www.ebay.com/itm/133902294268?_trkparms=5373%3A5000006400%7C5374%3ATech%7C5079%3A5000006400,75.80000000000001,37.9
2026-04-01 07:44:32,"ViewSonic VG1655-S 15.6"" 16:9 Portable IPS Monitor - Certified Refurbished",119.59,260.0,Shipping info unavailable,https://www.ebay.com/itm/136475541903?_trkparms=5373%3A5000006400%7C5374%3ATech%7C5079%3A5000006400,140.41,54.0
2026-04-01 07:44:32,"Apple iPhone 14 6.1"" Unlocked 128GB (Yellow) - A2649 w/1 Year Warranty",303.69,799.0,Shipping info unavailable,https://www.ebay.com/itm/376116214035?_trkparms=5373%3A5000006400%7C5374%3ATech%7C5079%3A5000006400,495.31,61.99
2026-04-01 07:44:32,Apple iPhone 16 Plus 128GB Unlocked 90%+ Battery (Ultramarine) A3082 w/Warranty,623.56,899.0,Shipping info unavailable,https://www.ebay.com/itm/147109208142?_trkparms=5373%3A5000006400%7C5374%3ATech%7C5079%3A5000006400,275.44000000000005,30.64
2026-04-01 07:44:32,"ViewSonic VG1656N-S 16"" 1200p IPS Portable Monitor Black - Certified Refurbished",197.79,219.99,Shipping info unavailable,https://www.ebay.com/itm/135656531782?_trkparms=5373%3A5000006400%7C5374%3ATech%7C5079%3A5000006400,22.200000000000017,10.09
2026-04-01 07:44:32,"2025 Apple iPad 11 128GB Cellular 90%+ Battery 10.9"" (Silver) A3355 w/Warranty",365.49,499.0,Shipping info unavailable,https://www.ebay.com/itm/357687352193?_trkparms=5373%3A5000006400%7C5374%3ATech%7C5079%3A5000006400,133.51,26.76
2026-04-01 07:44:33,"Apple iPhone 16 Pro Max 256GB Unlocked 6.9"" - (Natural Titanium) A3084 w/Warrant",746.37,1199.0,Shipping info unavailable,https://www.ebay.com/itm/357924217511?_trkparms=5373%3A5000006400%7C5374%3ATech%7C5079%3A5000006400,452.63,37.75
2026-04-01 07:44:33,"2019 Apple MacBook Pro 16"" i9 2.30GHz/16GB/1TB (Space Gray) A2696 - w/Warranty",496.62,2799.0,Shipping info unavailable,https://www.ebay.com/itm/355658455984?_trkparms=5373%3A5000006400%7C5374%3ATech%7C5079%3A5000006400,2302.38,82.26
2026-04-01 07:44:33,"2020 Apple M1 MacBook Air 13"" 8GB/256GB 90%+ Battery (Gray) A2337 w/Warranty",480.81,999.0,Shipping info unavailable,https://www.ebay.com/itm/146877436351?_trkparms=5373%3A5000006400%7C5374%3ATech%7C5079%3A5000006400,518.19,51.87
2026-04-01 07:44:33,"HP Chromebook 11 G8 EE 11.6"" Cel 1.10GHz/4GB/32GB SSD 1A762UT (Skin) w/Warranty",54.87,160.0,Shipping info unavailable,https://www.ebay.com/itm/147221505844?_trkparms=5373%3A5000006400%7C5374%3ATech%7C5079%3A5000006400,105.13,65.71
2026-04-01 07:44:33,"2019 Apple iPad 7 10.2"" 32GB WiFi Only (Space Gray) A2197 - w/1 Year Warranty",112.53,329.0,Shipping info unavailable,https://www.ebay.com/itm/353906160420?_trkparms=5373%3A5000006400%7C5374%3ATech%7C5079%3A5000006400,216.47,65.8
2026-04-01 07:44:34,Google Pixel 8 - 8 Pro - 128/256 GB - Unlocked/T-Mobile/AT&T/Verizon - Good,219.99,219.99,Free shipping,https://www.ebay.com/itm/176566107239?_trkparms=5373%3A5000006400%7C5374%3ATech%7C5079%3A5000006423,0.0,0.0
2026-04-01 07:44:34,Apple iPhone 15 Pro Max 256/512GB/1TB Unlocked Very Good All Colors,572.86,572.86,Free shipping,https://www.ebay.com/itm/127560658037?_trkparms=5373%3A5000006400%7C5374%3ATech%7C5079%3A5000006423,0.0,0.0
2026-04-01 07:44:35,"Microsoft Xbox Wireless Controller For Xbox Series X / S, Xbox One & Windows PC",45.95,80.0,Free shipping,https://www.ebay.com/itm/275287871839?_trkparms=5373%3A5000006400%7C5374%3ATech%7C5079%3A5000006401,34.05,42.56
2026-04-01 07:44:36,Logitech G PRO X Wired Lightspeed Gaming Headset - 981-000906,60.0,129.99,Free shipping,https://www.ebay.com/itm/167017920309?_trkparms=5373%3A5000006400%7C5374%3ATech%7C5079%3A5000006401,69.99000000000001,53.84
2026-04-01 07:44:36,Logitech G PRO X Wireless Lightspeed Gaming Headset - 981-000906,75.0,179.99,Free shipping,https://www.ebay.com/itm/167017920270?_trkparms=5373%3A5000006400%7C5374%3ATech%7C5079%3A5000006401,104.99000000000001,58.33
2026-04-01 07:44:36,Belkin BoostCharge Pro 2-in-1 Wireless Charging Dock with MagSafe 15W - Sand,58.79,83.99,Free shipping,https://www.ebay.com/itm/127462404551?_trkparms=5373%3A5000006400%7C5374%3ATech%7C5079%3A5000006419,25.199999999999996,30.0
2026-04-01 07:44:37,"Apple AirPods Pro 2 (2nd Gen) - Right, Left or Charging Case - For Replacement",32.75,32.75,Free shipping,https://www.ebay.com/itm/256747468274?_trkparms=5373%3A5000006400%7C5374%3ATech%7C5079%3A5000006419,0.0,0.0
2026-04-01 07:44:38,"The Magic Box 2.0, Wireless CarPlay/Android Auto Adapter, Wireless Auto",159.99,183.99,Free shipping,https://www.ebay.com/itm/296829846990?_trkparms=5373%3A5000006400%7C5374%3ATech%7C5079%3A5000006432,24.0,13.04
2026-04-01 07:44:40,Apple iPhone 17 Pro Max 256GB Unlocked Very Good All Colors,1142.03,1142.03,Free shipping,https://www.ebay.com/itm/127693928934?_trkparms=5373%3A5000006400%7C5374%3ATech%7C5079%3A5000006411,0.0,0.0
2026-04-01 07:44:40,Google Pixel 8 - 8 Pro - 128/256 GB - Unlocked/T-Mobile/AT&T/Verizon - Good,219.99,219.99,Free shipping,https://www.ebay.com/itm/176566107239?_trkparms=5373%3A5000006400%7C5374%3ATech%7C5079%3A5000006411,0.0,0.0
2026-04-01 10:11:37,Sony INZONE H9 Wireless Noise Cancelling Gaming Headset; White - WHG900N/W - Ope,166.0,299.99,Free shipping,https://www.ebay.com/itm/325585043677?_trkparms=5373%3A5000006400%7C5374%3ATech%7C5079%3A5000006401,133.99,44.66
2026-04-01 10:11:39,Deco Home 9.6KW Level 2 EV Charging Station with SAE J1772 and Tesla Plug - Open,135.0,699.99,Free shipping,https://www.ebay.com/itm/335594993785?_trkparms=5373%3A5000006400%7C5374%3ATech%7C5079%3A5000006432,564.99,80.71
2026-04-01 10:11:40,Sony SAL50F14Z Carl Zeiss Planar T 50mm f/1.4 Lens - Open Box,1219.0,1499.99,Free shipping,https://www.ebay.com/itm/336099346974?_trkparms=5373%3A5000006400%7C5374%3ATech%7C5079%3A5000006425,280.99,18.73
2026-04-01 10:11:40,Tamron 11-20mm F/2.8 Di III-A RXD for FUJIFILM X APS-C Mirrorless Cameras - Open,515.0,515.0,Free shipping,https://www.ebay.com/itm/317130768232?_trkparms=5373%3A5000006400%7C5374%3ATech%7C5079%3A5000006425,0.0,0.0
2026-04-01 10:11:40,Olympus Super Wide Angle 9-18mm f/4-5.6 ED Zuiko Zoom Lens for Olympus D.SLR,279.0,279.0,Free shipping,https://www.ebay.com/itm/314944750081?_trkparms=5373%3A5000006400%7C5374%3ATech%7C5079%3A5000006425,0.0,0.0
2026-04-01 10:11:40,Sony FE 24-70mm F2.8 GM E-Mount Lens,1329.0,2199.99,Free shipping,https://www.ebay.com/itm/313166764335?_trkparms=5373%3A5000006400%7C5374%3ATech%7C5079%3A5000006425,870.9899999999998,39.59
2026-04-01 10:11:41,"Bose Videobar VB-S, All-in-One USB Conferencing Device, 4K Camera, Mics Open Box",147.0,349.0,Free shipping,https://www.ebay.com/itm/326658396180?_trkparms=5373%3A5000006400%7C5374%3ATech%7C5079%3A5000006427,202.0,57.88
2026-04-01 10:11:42,PNY DUAL FAN OC GeForce RTX 5060 Ti 16GB GDDR7 PCI Express 5.0 x8 Graphics Card,502.99,552.99,Free shipping,https://www.ebay.com/itm/306615032407?_trkparms=5373%3A5000006400%7C5374%3ATech%7C5079%3A5000006405,50.0,9.04
2026-04-01 16:10:10,"Apple iPhone 14 Plus 6.7"" Unlocked 256GB - (Midnight) A2632 w/1 Year Warranty",305.59,999.0,Shipping info unavailable,https://www.ebay.com/itm/356455335481?_trkparms=5373%3A5000006400%7C5374%3ATech%7C5079%3A5000006400,693.4100000000001,69.41
2026-04-01 16:10:11,"HP Chromebook 11 G8 EE 11.6"" Celeron 1.10GHz/4GB/32GB 1A762UT - w/Warranty",51.15,200.0,Shipping info unavailable,https://www.ebay.com/itm/376819117426?_trkparms=5373%3A5000006400%7C5374%3ATech%7C5079%3A5000006400,148.85,74.42
2026-04-01 16:10:11,"Apple iPhone 14 512GB Unlocked 6.1"" - (Blue) A2649 w/1 Year Warranty",332.25,1099.0,Shipping info unavailable,https://www.ebay.com/itm/146923570558?_trkparms=5373%3A5000006400%7C5374%3ATech%7C5079%3A5000006400,766.75,69.77
2026-04-01 16:10:11,"Acer TravelMate B311-31 11.6"" N100 3.40GHz/8GB/128GB - (Black) N23C1 w/Warranty",92.07,600.0,Shipping info unavailable,https://www.ebay.com/itm/376913227157?_trkparms=5373%3A5000006400%7C5374%3ATech%7C5079%3A5000006400,507.93,84.66
2026-04-01 16:10:11,"Apple iPhone 15 Pro 6.1"" Unlocked 128GB - (Blue Titanium) A2848 w/Warranty",438.87,999.0,Shipping info unavailable,https://www.ebay.com/itm/146550002738?_trkparms=5373%3A5000006400%7C5374%3ATech%7C5079%3A5000006400,560.13,56.07
2026-04-01 16:10:12,"Seagate ST26000NM000C 26TB 256MB 7200RPM 3.5"" SATA 6.0Gb/s Enterprise Hard Drive",559.99,559.99,Free shipping,https://www.ebay.com/itm/177822694301?_trkparms=5373%3A5000006400%7C5374%3ATech%7C5079%3A5000006400,0.0,0.0
2026-04-01 16:10:12,Sonos Sub Gen3 Black Certified Refurbished - Premium Wireless Subwoofer,639.0,799.0,Free shipping,https://www.ebay.com/itm/386838198102?_trkparms=5373%3A5000006400%7C5374%3ATech%7C5079%3A5000006400,160.0,20.03
2026-04-01 16:10:13,"Apple iPhone 14 128GB Unlocked 6.1"" - (Midnight) A2649 w/1 Year Warranty",261.8,799.0,Free shipping,https://www.ebay.com/itm/375369082679?_trkparms=5373%3A5000006400%7C5374%3ATech%7C5079%3A5000006400,537.2,67.23
2026-04-01 16:10:13,"Acer Swift Go 14"" Laptop Intel Core Ultra 7 155H 16GB RAM 1TB SSD Refurbished",399.99,799.99,Free shipping,https://www.ebay.com/itm/276709583737?_trkparms=5373%3A5000006400%7C5374%3ATech%7C5079%3A5000006400,400.0,50.0
2026-04-01 16:10:15,Canon AE-1 35mm SLR Film Camera with Canon 50mm f/1.8 FD Lens - WORKING PERFECT!,289.99,289.99,Free shipping,https://www.ebay.com/itm/174871946683?_trkparms=5373%3A5000006400%7C5374%3ATech%7C5079%3A5000006430,0.0,0.0
2026-04-01 19:13:26,ARRIS S33 Surfboard DOCSIS 3.1 Multi-Gig Cable Modem - Certified Refurbished,105.79,250.0,Shipping info unavailable,https://www.ebay.com/itm/134585920085?_trkparms=5373%3A5000006400%7C5374%3ATech%7C5079%3A5000006400,144.20999999999998,57.68
2026-04-01 19:13:26,"Apple iPad Pro (2016) 9.7"" 128GB Silver (WiFi) Tablet - Very Good",103.99,103.99,Free shipping,https://www.ebay.com/itm/157778791211?_trkparms=5373%3A5000006400%7C5374%3ATech%7C5079%3A5000006400,0.0,0.0
2026-04-01 19:13:26,ARRIS SB6183 Cable Modem DOCSIS 3.0 16x4 Gigabit 1 Gbps Port 400 Mbps Max Speed,33.11,55.0,Shipping info unavailable,https://www.ebay.com/itm/135881717248?_trkparms=5373%3A5000006400%7C5374%3ATech%7C5079%3A5000006400,21.89,39.8
2026-04-01 19:13:26,ARRIS SB6190 Cable Modem DOCSIS 3.0 32x8 Gigabit 1 Gbps Port 800 Mbps Max Speed,28.52,70.0,Shipping info unavailable,https://www.ebay.com/itm/135881717344?_trkparms=5373%3A5000006400%7C5374%3ATech%7C5079%3A5000006400,41.480000000000004,59.26
2026-04-01 19:13:26,Inseego M3000 Mifi X Pro 5G Hotspot T-Mobile Hotspot - Excellent,130.99,130.99,Free shipping,https://www.ebay.com/itm/157540899133?_trkparms=5373%3A5000006400%7C5374%3ATech%7C5079%3A5000006400,0.0,0.0
2026-04-01 19:13:26,ARRIS SB8200 Surfboard DOCSIS 3.1 Cable Modem - Certified Refurbished,95.68,170.0,Shipping info unavailable,https://www.ebay.com/itm/134578530195?_trkparms=5373%3A5000006400%7C5374%3ATech%7C5079%3A5000006400,74.32,43.72
2026-04-01 19:13:27,Netgear Nighthawk M6 5G MR6110 WiFi 6 Mobile Router (AT&T) - Very Good,105.99,105.99,Free shipping,https://www.ebay.com/itm/167999424444?_trkparms=5373%3A5000006400%7C5374%3ATech%7C5079%3A5000006400,0.0,0.0
2026-04-01 19:13:27,ARRIS Surfboard G34 AX3000 DOCSIS3.1 Cable Modem Router Certified Refurbished,115.91,199.99,Shipping info unavailable,https://www.ebay.com/itm/134660025086?_trkparms=5373%3A5000006400%7C5374%3ATech%7C5079%3A5000006400,84.08000000000001,42.04
2026-04-01 19:13:27,Netgear NightHawk M6 ProMR6500 WiFi Mobile Hotspot Router Black (AT&T)-Excellent,134.99,134.99,Free shipping,https://www.ebay.com/itm/167508551252?_trkparms=5373%3A5000006400%7C5374%3ATech%7C5079%3A5000006400,0.0,0.0
2026-04-01 19:13:27,Netgear NightHawk M6 Pro MR6500 Mobile Hotspot Router AT&T Unlocked  - Very Good,178.99,178.99,Free shipping,https://www.ebay.com/itm/156640484566?_trkparms=5373%3A5000006400%7C5374%3ATech%7C5079%3A5000006400,0.0,0.0
2026-04-01 19:13:27,Netgear Nighthawk M7 PRO MR7400 Black (AT&T ) - Very Good,251.99,251.99,Free shipping,https://www.ebay.com/itm/157540775861?_trkparms=5373%3A5000006400%7C5374%3ATech%7C5079%3A5000006400,0.0,0.0
2026-04-01 19:13:28,Netgear Nighthawk M7 Pro MR7400 Black Hotspot (AT&T Locked) - Excellent,255.99,255.99,Free shipping,https://www.ebay.com/itm/167999424836?_trkparms=5373%3A5000006400%7C5374%3ATech%7C5079%3A5000006400,0.0,0.0
2026-04-01 19:13:28,Netgear Nighthawk M7 Pro MR7400 Black Hotspot (AT&T + Unlocked) - Good,236.99,236.99,Free shipping,https://www.ebay.com/itm/167999425196?_trkparms=5373%3A5000006400%7C5374%3ATech%7C5079%3A5000006400,0.0,0.0
2026-04-01 19:13:28,Netgear Nighthawk M7 PRO MR7400 Black (AT&T + Unlocked) - Excellent,279.99,279.99,Free shipping,https://www.ebay.com/itm/156891425011?_trkparms=5373%3A5000006400%7C5374%3ATech%7C5079%3A5000006400,0.0,0.0
2026-04-01 19:13:28,"Orbic Tab8 5G UW ORB8L5T-BVZ 8"" 128GB Black (Verizon) Tablet  - Very Good",51.99,51.99,Free shipping,https://www.ebay.com/itm/168092223441?_trkparms=5373%3A5000006400%7C5374%3ATech%7C5079%3A5000006400,0.0,0.0
2026-04-01 19:13:28,"Samsung Galaxy Tab A P550 9.7"" 16GB Gray (WiFi)Tablet with Stylus  - Excellent",65.99,65.99,Free shipping,https://www.ebay.com/itm/157666328181?_trkparms=5373%3A5000006400%7C5374%3ATech%7C5079%3A5000006400,0.0,0.0
2026-04-01 19:13:28,"Samsung Galaxy Tab A7 Lite T225N 8.7"" 32GB Gray (Unlocked) Android Tablet - Good",61.99,61.99,Free shipping,https://www.ebay.com/itm/168222861879?_trkparms=5373%3A5000006400%7C5374%3ATech%7C5079%3A5000006400,0.0,0.0
2026-04-01 19:13:30,Sonos Sub Gen3 Black Certified Refurbished - Premium Wireless Subwoofer,639.0,799.0,Free shipping,https://www.ebay.com/itm/386838198102?_trkparms=5373%3A5000006400%7C5374%3ATech%7C5079%3A5000006409,160.0,20.03
2026-04-01 19:13:32,"Bose SoundLink Revolve+ II Outdoor Bluetooth Speaker, Certified Refurbished",229.0,229.0,Free shipping,https://www.ebay.com/itm/157291136102?_trkparms=5373%3A5000006400%7C5374%3ATech%7C5079%3A5000006403,0.0,0.0
2026-04-01 19:13:32,Apple AirPods 4 White with ANC In Ear Headphones MXP93LL/A,95.0,129.0,Free shipping,https://www.ebay.com/itm/116380691284?_trkparms=5373%3A5000006400%7C5374%3ATech%7C5079%3A5000006403,34.0,26.36
2026-04-01 19:13:34,"Bose SoundLink Revolve+ II Outdoor Bluetooth Speaker, Certified Refurbished",229.0,229.0,Free shipping,https://www.ebay.com/itm/157291136102?_trkparms=5373%3A5000006400%7C5374%3ATech%7C5079%3A5000006413,0.0,0.0
2026-04-01 19:13:34,JBL JBLPARTYBOXULTAM-Z  PartyBox Ultimate Speaker - Certified Refurbished,1199.99,1899.95,Free shipping,https://www.ebay.com/itm/135712104253?_trkparms=5373%3A5000006400%7C5374%3ATech%7C5079%3A5000006413,699.96,36.84
2026-04-01 19:13:34,Sonos Sub Gen3 Black Certified Refurbished - Premium Wireless Subwoofer,639.0,799.0,Free shipping,https://www.ebay.com/itm/386838198102?_trkparms=5373%3A5000006400%7C5374%3ATech%7C5079%3A5000006413,160.0,20.03
2026-04-01 19:13:34,Apple AirPods 4 White with ANC In Ear Headphones MXP93LL/A,95.0,129.0,Free shipping,https://www.ebay.com/itm/116380691284?_trkparms=5373%3A5000006400%7C5374%3ATech%7C5079%3A5000006413,34.0,26.36
2026-04-02 05:09:15,Sony VCLHG1730A 1.7x High Grade Telephoto Conversion Lens for 30mm,106.0,199.99,Free shipping,https://www.ebay.com/itm/335160947274?_trkparms=5373%3A5000006400%7C5374%3ATech%7C5079%3A5000006430,93.99000000000001,47.0
2026-04-02 07:23:31,"Apple iPad Pro 13"" 2024 M4 Unlocked WiFi + Cell 512GB Black Good Refurbished",815.0,815.0,Free shipping,https://www.ebay.com/itm/227036521366?_trkparms=5373%3A5000006400%7C5374%3ATech%7C5079%3A5000006415,0.0,0.0
2026-04-02 16:05:14,Apple iPhone 17 256GB Unlocked Very Good All Colors,699.99,699.99,Free shipping,https://www.ebay.com/itm/127693791764?_trkparms=5373%3A5000006400%7C5374%3ATech%7C5079%3A5000006400,0.0,0.0
2026-04-02 16:05:14,Apple iPhone 14 128/256/512GB Unlocked Good All Colors,242.23,242.23,Free shipping,https://www.ebay.com/itm/127566082117?_trkparms=5373%3A5000006400%7C5374%3ATech%7C5079%3A5000006400,0.0,0.0
2026-04-02 16:05:14,Apple AirPods Pro 3 White In Ear Headphones MFHP4LL/A,179.0,229.0,Free shipping,https://www.ebay.com/itm/136679326760?_trkparms=5373%3A5000006400%7C5374%3ATech%7C5079%3A5000006400,50.0,21.83
2026-04-02 16:05:14,"AOSU Solar Security Cameras Outdoor Wireless,4 Cam-Kit,2K Color Night Vision",217.92,396.21,Free shipping,https://www.ebay.com/itm/389024896967?_trkparms=5373%3A5000006400%7C5374%3ATech%7C5079%3A5000006400,178.29,45.0
2026-04-02 16:05:14,Samsung Galaxy S25 Ultra 512GB S938U Unlocked - Excellent,856.99,1419.99,Free shipping,https://www.ebay.com/itm/257189836660?_trkparms=5373%3A5000006400%7C5374%3ATech%7C5079%3A5000006400,563.0,39.65
2026-04-02 16:05:14,"HP EliteBook 845 G8 14"" FHD IPS AMD Ryzen 5 PRO 5650U 32GB 256GB SSD W11P Laptop",340.0,799.99,Free shipping,https://www.ebay.com/itm/376992070203?_trkparms=5373%3A5000006400%7C5374%3ATech%7C5079%3A5000006400,459.99,57.5
2026-04-02 16:05:19,SP 150-600mm F/5-6.3 Di VC USD Lens for Nikon - OPEN BOX,865.0,1069.0,Free shipping,https://www.ebay.com/itm/327060853749?_trkparms=5373%3A5000006400%7C5374%3ATech%7C5079%3A5000006425,204.0,19.08
2026-04-02 19:09:17,Sony WH-1000XM6 The Best Wireless Noise Canceling Bluetooth Headphones,299.99,299.99,Free shipping,https://www.ebay.com/itm/267320613152?_trkparms=5373%3A5000006400%7C5374%3ATech%7C5079%3A5000006400,0.0,0.0
2026-04-02 19:09:21,MSI Nvidia GeForce RTX 5070 Ti 16G GAMING TRIO OC Graphic Card PCIE Gen 5,964.99,1199.99,Free shipping,https://www.ebay.com/itm/147172523267?_trkparms=5373%3A5000006400%7C5374%3ATech%7C5079%3A5000006400,235.0,19.58
2026-04-02 19:09:21,Google Nest Cam Outdoor or Indoor Battery G3AL10 Excellent Condition,64.99,179.99,Free shipping,https://www.ebay.com/itm/388951969977?_trkparms=5373%3A5000006400%7C5374%3ATech%7C5079%3A5000006400,115.00000000000001,63.89
2026-04-02 19:09:22,"Apple iPhone 14 128GB Unlocked 6.1"" - (Midnight) A2649 w/1 Year Warranty",261.8,799.0,Free shipping,https://www.ebay.com/itm/375369082679?_trkparms=5373%3A5000006400%7C5374%3ATech%7C5079%3A5000006423,537.2,67.23
2026-04-02 19:09:28,"Apple iPhone 14 128GB Unlocked 6.1"" - (Midnight) A2649 w/1 Year Warranty",261.8,799.0,Free shipping,https://www.ebay.com/itm/375369082679?_trkparms=5373%3A5000006400%7C5374%3ATech%7C5079%3A5000006411,537.2,67.23
2026-04-03 02:54:22,Apple iPhone 17  256GB  E -SIM  US Version - Unlocked -  Good,742.99,742.99,Free shipping,https://www.ebay.com/itm/168137627247?_trkparms=5373%3A5000006400%7C5374%3ATech%7C5079%3A5000006400,0.0,0.0
2026-04-03 02:54:22,Apple Watch Ultra 2 2nd Gen 49MM GPS & Cellular Finish Black Titanium -Excellent,379.99,379.99,Free shipping,https://www.ebay.com/itm/156653678440?_trkparms=5373%3A5000006400%7C5374%3ATech%7C5079%3A5000006400,0.0,0.0
2026-04-03 02:54:22,Sony Compact Digital Vlogging 4K Video Camera for Vloggers Bundle,756.0,756.0,Free shipping,https://www.ebay.com/itm/335752648109?_trkparms=5373%3A5000006400%7C5374%3ATech%7C5079%3A5000006400,0.0,0.0
2026-04-03 02:54:22,Samsung Q Series Soundbar 11.1.4 ch Subwoofer + Rear Speaker 2025,988.0,1597.99,Shipping info unavailable,https://www.ebay.com/itm/326607787034?_trkparms=5373%3A5000006400%7C5374%3ATech%7C5079%3A5000006400,609.99,38.17
2026-04-03 02:54:23,Samsung Galaxy S25 Ultra  256GB AI Smartphone Unlocked - Excellent,805.99,805.99,Free shipping,https://www.ebay.com/itm/157705508304?_trkparms=5373%3A5000006400%7C5374%3ATech%7C5079%3A5000006400,0.0,0.0
2026-04-03 02:54:23,"Wacom Intuos Pro Digital Graphic Drawing Tablet Mac/PC, Small (PTH460K0A)",146.0,299.95,Shipping info unavailable,https://www.ebay.com/itm/336246804119?_trkparms=5373%3A5000006400%7C5374%3ATech%7C5079%3A5000006400,153.95,51.33
2026-04-03 02:54:23,Apple Watch SE 3 40MM  [GPS + Cellular ] Aluminum Case - Smartwatch - Good,159.99,159.99,Free shipping,https://www.ebay.com/itm/188170629992?_trkparms=5373%3A5000006400%7C5374%3ATech%7C5079%3A5000006400,0.0,0.0
2026-04-03 02:54:23,"Samsung Galaxy  Tab S10 Ultra SM-X920 14.6"" 256GB  WiFi - Good",682.99,1199.99,Shipping info unavailable,https://www.ebay.com/itm/187837277255?_trkparms=5373%3A5000006400%7C5374%3ATech%7C5079%3A5000006400,517.0,43.08
2026-04-03 02:54:23,"Samsung Galaxy  Tab S10 Ultra SM-X920 14.6"" 1TB  WiFi -  Good",740.99,1619.99,Shipping info unavailable,https://www.ebay.com/itm/187837309127?_trkparms=5373%3A5000006400%7C5374%3ATech%7C5079%3A5000006400,879.0,54.26
2026-04-03 02:54:23,Samsung HW-Q600F 3.1.2ch Soundbar and Subwoofer with Dolby Audio,394.0,394.0,Free shipping,https://www.ebay.com/itm/326607844864?_trkparms=5373%3A5000006400%7C5374%3ATech%7C5079%3A5000006400,0.0,0.0
2026-04-03 02:54:23,Samsung Galaxy Buds True Wireless Earbuds SM-R170 - Excellent,37.99,37.99,Free shipping,https://www.ebay.com/itm/157623862561?_trkparms=5373%3A5000006400%7C5374%3ATech%7C5079%3A5000006400,0.0,0.0
2026-04-03 02:54:23,Sony SRSRA3000/H WiFi Enabled 360 Reality Audio Wireless Speaker (Gray),204.99,417.2,Shipping info unavailable,https://www.ebay.com/itm/297701870636?_trkparms=5373%3A5000006400%7C5374%3ATech%7C5079%3A5000006400,212.20999999999998,50.87
2026-04-03 02:54:23,"Samsung Galaxy  Tab S10 Ultra SM-X920 14.6"" 256GB  WiFi - Excellent",696.99,1199.99,Shipping info unavailable,https://www.ebay.com/itm/187650788074?_trkparms=5373%3A5000006400%7C5374%3ATech%7C5079%3A5000006400,503.0,41.92
2026-04-03 02:54:24,"Lenovo IdeaPad Slim 5 Laptop 16"" WUXGA Touch Ryzen AI 7 350 16GB 1TB SSD 860M",549.0,899.0,Shipping info unavailable,https://www.ebay.com/itm/326805807725?_trkparms=5373%3A5000006400%7C5374%3ATech%7C5079%3A5000006400,350.0,38.93
2026-04-03 02:54:24,"LENOVO X1 Carbon 8th Gen 14"" FHD TS Laptop Intel i7-10610 16GB 256GB W11P",314.99,1499.99,Shipping info unavailable,https://www.ebay.com/itm/168264265080?_trkparms=5373%3A5000006400%7C5374%3ATech%7C5079%3A5000006400,1185.0,79.0
2026-04-03 02:54:24,Apple 2024 MacBook Air with Apple M3  13'' 512GB - Midnight  - Excellent,799.99,799.99,Free shipping,https://www.ebay.com/itm/157664480178?_trkparms=5373%3A5000006400%7C5374%3ATech%7C5079%3A5000006400,0.0,0.0
2026-04-03 02:54:24,Nikon 7x35 Action Extreme ATB Waterproof Porro Prism Binoculars (Black),92.99,99.99,Shipping info unavailable,https://www.ebay.com/itm/297684811826?_trkparms=5373%3A5000006400%7C5374%3ATech%7C5079%3A5000006400,7.0,7.0
2026-04-03 02:54:24,Sony SEL24F28G FE 24mm f/2.8 G Full Frame Ultra Compact G Series Lens,728.99,798.0,Free shipping,https://www.ebay.com/itm/286840427602?_trkparms=5373%3A5000006400%7C5374%3ATech%7C5079%3A5000006400,69.00999999999999,8.65
2026-04-03 02:54:24,Linksys MR6350 Wireless Wifi 5 AC1300 Dual-Band Mesh Router,20.71,39.95,Shipping info unavailable,https://www.ebay.com/itm/325992173517?_trkparms=5373%3A5000006400%7C5374%3ATech%7C5079%3A5000006400,19.240000000000002,48.16
2026-04-03 02:54:24,Apple Watch SE 3 40MM  [GPS + Cellular ] Aluminum Case - Smartwatch - Very Good,168.99,168.99,Free shipping,https://www.ebay.com/itm/188170624861?_trkparms=5373%3A5000006400%7C5374%3ATech%7C5079%3A5000006400,0.0,0.0
2026-04-03 02:54:24,Sony SRS-XB100 Wireless Bluetooth Portable Lightweight Travel Speaker Black,39.99,79.99,Shipping info unavailable,https://www.ebay.com/itm/297778685100?_trkparms=5373%3A5000006400%7C5374%3ATech%7C5079%3A5000006400,39.99999999999999,50.01
2026-04-03 02:54:25,Nikon 16734B Aculon T02 8x21 Binoculars (White),45.99,89.99,Shipping info unavailable,https://www.ebay.com/itm/286696307253?_trkparms=5373%3A5000006400%7C5374%3ATech%7C5079%3A5000006400,43.99999999999999,48.89
2026-04-03 02:54:25,"Hisense 55"" A7 Series 4K UHD Smart Fire TV - 55A7NF",332.0,332.0,Free shipping,https://www.ebay.com/itm/317411074120?_trkparms=5373%3A5000006400%7C5374%3ATech%7C5079%3A5000006400,0.0,0.0
2026-04-03 02:54:25,Apple iPhone 17  256GB  E -SIM  US Version - Unlocked -  Very Good,750.99,750.99,Free shipping,https://www.ebay.com/itm/157664366218?_trkparms=5373%3A5000006400%7C5374%3ATech%7C5079%3A5000006400,0.0,0.0
2026-04-03 02:54:27,Sonos Era100 Black Certified Refurbished - Smart Speaker - Bluetooth - AirPlay2,179.0,199.0,Free shipping,https://www.ebay.com/itm/387118823866?_trkparms=5373%3A5000006400%7C5374%3ATech%7C5079%3A5000006409,20.0,10.05
2026-04-03 02:54:27,Sonos Arc White Certified Refurbished - Premium Smart Soundbar,549.0,899.0,Free shipping,https://www.ebay.com/itm/385697244623?_trkparms=5373%3A5000006400%7C5374%3ATech%7C5079%3A5000006409,350.0,38.93
2026-04-03 02:54:27,Sony Compact Digital Vlogging 4K Video Camera for Vloggers Bundle,756.0,756.0,Free shipping,https://www.ebay.com/itm/335752648109?_trkparms=5373%3A5000006400%7C5374%3ATech%7C5079%3A5000006430,0.0,0.0
2026-04-03 02:54:27,"ASUS ROG Ally 7"" 120Hz FHD 1080p Gaming Handheld AMD Ryzen Z1 512GB White",399.0,599.0,Free shipping,https://www.ebay.com/itm/326277344220?_trkparms=5373%3A5000006400%7C5374%3ATech%7C5079%3A5000006401,200.0,33.39
2026-04-03 02:54:27,"Lenovo Legion Go 8.8"" Gaming Handheld AMD Ryzen Z1 Extreme 16GB 1TB SSD Windows",549.0,899.0,Free shipping,https://www.ebay.com/itm/227026844468?_trkparms=5373%3A5000006400%7C5374%3ATech%7C5079%3A5000006401,350.0,38.93
2026-04-03 02:54:27,Audio-Technica High-Fidelity Closed-Back Wired Gaming Headset - Black,93.16,109.0,Free shipping,https://www.ebay.com/itm/188029897877?_trkparms=5373%3A5000006400%7C5374%3ATech%7C5079%3A5000006401,15.840000000000003,14.53
2026-04-03 02:54:27,Nintendo Switch OLED - HEG-001 - 64GB - Red & Blue Joy Con (Excellent),264.99,399.99,Free shipping,https://www.ebay.com/itm/287237742903?_trkparms=5373%3A5000006400%7C5374%3ATech%7C5079%3A5000006401,135.0,33.75
2026-04-03 02:54:29,DS18 MRX150 3” Marine & Powersports Color Display Head Unit Receiver,239.0,389.95,Free shipping,https://www.ebay.com/itm/187588606479?_trkparms=5373%3A5000006400%7C5374%3ATech%7C5079%3A5000006432,150.95,38.71
2026-04-03 02:54:30,Sony SEL24F28G FE 24mm f/2.8 G Full Frame Ultra Compact G Series Lens,728.99,798.0,Free shipping,https://www.ebay.com/itm/286840427602?_trkparms=5373%3A5000006400%7C5374%3ATech%7C5079%3A5000006425,69.00999999999999,8.65
2026-04-03 02:54:30,Panasonic LUMIX S Series PRO 70-200mm F4 L Mount Telephoto Lens (Black) PRO,1193.99,2099.99,Free shipping,https://www.ebay.com/itm/297126502270?_trkparms=5373%3A5000006400%7C5374%3ATech%7C5079%3A5000006425,905.9999999999998,43.14
2026-04-03 02:54:30,Sony FE 85mm f/1.4 GM E-mount Lens Prime,1209.99,1498.0,Free shipping,https://www.ebay.com/itm/297637173318?_trkparms=5373%3A5000006400%7C5374%3ATech%7C5079%3A5000006425,288.01,19.23
2026-04-03 02:54:30,Sony E 70-350mm f/4.5-6.3 G OSS E-mount Lens PRO Telephoto Zoom,1088.99,1198.0,Free shipping,https://www.ebay.com/itm/376575743073?_trkparms=5373%3A5000006400%7C5374%3ATech%7C5079%3A5000006425,109.00999999999999,9.1
2026-04-03 02:54:30,Kanto YU2 Powered Desktop Computer Speakers - Matte Black - Pair,217.0,299.99,Free shipping,https://www.ebay.com/itm/167509923919?_trkparms=5373%3A5000006400%7C5374%3ATech%7C5079%3A5000006427,82.99000000000001,27.66
2026-04-03 02:54:31,SteelSeries Alias USB Mic Shock Mount Certified Refurbished (Black) PRO,101.99,179.99,Free shipping,https://www.ebay.com/itm/296586761802?_trkparms=5373%3A5000006400%7C5374%3ATech%7C5079%3A5000006427,78.00000000000001,43.34
2026-04-03 02:54:31,Kanto Living ORA 2-Way Active Wireless Reference Desktop Speakers (Pair) - White,259.0,349.99,Free shipping,https://www.ebay.com/itm/167509883634?_trkparms=5373%3A5000006400%7C5374%3ATech%7C5079%3A5000006427,90.99000000000001,26.0
2026-04-03 02:54:31,Apple iPhone 15 Pro Max A2849 256GB Unlocked Very Good,568.99,576.99,Free shipping,https://www.ebay.com/itm/356227859677?_trkparms=5373%3A5000006400%7C5374%3ATech%7C5079%3A5000006411,8.0,1.39
2026-04-03 05:11:33,Nintendo Switch - HAC-001 - 32GB - Red & Blue Joy Con (Excellent),229.99,399.99,Free shipping,https://www.ebay.com/itm/287124558404?_trkparms=5373%3A5000006400%7C5374%3ATech%7C5079%3A5000006401,170.0,42.5
2026-04-03 18:57:39,iPhone 16 Pro 128GB 256GB 512GB 1TB Verizon AT&T T-Mobile Unlocked (Excellent),650.69,722.99,Free shipping,https://www.ebay.com/itm/287096035895?_trkparms=5373%3A5000006400%7C5374%3ATech%7C5079%3A5000006400,72.29999999999995,10.0
2026-04-03 18:57:39,"Apple iPad 8 10.2"" 32GB 128GB Gray Silver Gold Tablet WiFi or Cellular - Good",117.99,117.99,Free shipping,https://www.ebay.com/itm/154854304863?_trkparms=5373%3A5000006400%7C5374%3ATech%7C5079%3A5000006400,0.0,0.0
2026-04-03 18:57:39,"HP Chromebook 11MK G9 EE 11.6"" MediaTek 2GHz/4GB/32GB eMMC 349Y8UT - w/Warranty",74.4,160.0,Free shipping,https://www.ebay.com/itm/377008881386?_trkparms=5373%3A5000006400%7C5374%3ATech%7C5079%3A5000006407,85.6,53.5
2026-04-03 18:57:40,"HP EliteBook 845 G8 14"" FHD IPS AMD Ryzen 5 PRO 5650U 32GB 256GB SSD W11P Laptop",340.0,799.99,Free shipping,https://www.ebay.com/itm/376992070203?_trkparms=5373%3A5000006400%7C5374%3ATech%7C5079%3A5000006407,459.99,57.5
2026-04-03 18:57:42,Apple AirPods Pro 3 White In Ear Headphones MFHP4LL/A,179.0,229.0,Free shipping,https://www.ebay.com/itm/136679326760?_trkparms=5373%3A5000006400%7C5374%3ATech%7C5079%3A5000006403,50.0,21.83
2026-04-03 18:57:43,"AOSU Solar Security Cameras Outdoor Wireless,4 Cam-Kit,2K Color Night Vision",217.92,396.21,Free shipping,https://www.ebay.com/itm/389024896967?_trkparms=5373%3A5000006400%7C5374%3ATech%7C5079%3A5000006413,178.29,45.0
2026-04-03 18:57:43,Apple AirPods Pro 3 White In Ear Headphones MFHP4LL/A,179.0,229.0,Free shipping,https://www.ebay.com/itm/136679326760?_trkparms=5373%3A5000006400%7C5374%3ATech%7C5079%3A5000006413,50.0,21.83
2026-04-03 18:57:44,MSI Nvidia GeForce RTX 5070 Ti 16G GAMING TRIO OC Graphic Card PCIE Gen 5,964.99,1199.99,Free shipping,https://www.ebay.com/itm/147172523267?_trkparms=5373%3A5000006400%7C5374%3ATech%7C5079%3A5000006405,235.0,19.58
2026-04-03 21:41:06,"Apple iPad Mini 6 8.3"" 64GB 256GB All Colors WiFi or Cellular - Good",273.99,273.99,Free shipping,https://www.ebay.com/itm/165578060001?_trkparms=5373%3A5000006400%7C5374%3ATech%7C5079%3A5000006415,0.0,0.0
2026-04-04 02:44:57,"Dell 7490 14"" Light Gaming Laptop Intel Core i7 16GB RAM 512GB SSD Windows11 Pro",369.99,369.99,Free shipping,https://www.ebay.com/itm/334384327563?_trkparms=5373%3A5000006400%7C5374%3ATech%7C5079%3A5000006400,0.0,0.0
2026-04-04 02:44:57,"Dell 5520 15.6"" Touchscreen Intel Core i5 4.40 GHz 16GB RAM 512GB SSD Win 11 Pro",429.99,429.99,Free shipping,https://www.ebay.com/itm/336430088615?_trkparms=5373%3A5000006400%7C5374%3ATech%7C5079%3A5000006400,0.0,0.0
2026-04-04 02:44:57,"Dell Precision 5540 15.6"" Laptop Intel Core i7 NVIDIA 16GB RAM 1TB SSD Win11 Pro",679.99,679.99,Free shipping,https://www.ebay.com/itm/336509088105?_trkparms=5373%3A5000006400%7C5374%3ATech%7C5079%3A5000006400,0.0,0.0
2026-04-04 02:44:57,"Dell 5520 15.6"" Touch Light Gaming Laptop Intel Core i5 4.40GHz 64GB RAM 4TB SSD",279.99,279.99,Free shipping,https://www.ebay.com/itm/335353706306?_trkparms=5373%3A5000006400%7C5374%3ATech%7C5079%3A5000006400,0.0,0.0
2026-04-04 02:44:57,Nintendo Switch Console with Neon Blue and Neon Red Joy Cons 32GB,229.99,299.99,Shipping info unavailable,https://www.ebay.com/itm/195302472644?_trkparms=5373%3A5000006400%7C5374%3ATech%7C5079%3A5000006400,70.0,23.33
2026-04-04 02:44:57,Nintendo Switch Console Gray RETRO 🚀 Bundle +3Month Membership 100+ Games +16GB,249.99,459.99,Shipping info unavailable,https://www.ebay.com/itm/196195843077?_trkparms=5373%3A5000006400%7C5374%3ATech%7C5079%3A5000006400,210.0,45.65
2026-04-04 02:44:58,Apple MacBook Pro 2024 A3112 14in M4 10 Core CPU 16GB RAM 512GB SSD Very Good,1234.95,1234.95,Free shipping,https://www.ebay.com/itm/298183622769?_trkparms=5373%3A5000006400%7C5374%3ATech%7C5079%3A5000006400,0.0,0.0
2026-04-04 02:44:58,Leica 19188 Sofort 2 Instant Film Camera (Instax Film) White #Q,283.0,399.0,Shipping info unavailable,https://www.ebay.com/itm/406719638323?_trkparms=5373%3A5000006400%7C5374%3ATech%7C5079%3A5000006400,116.0,29.07
2026-04-04 02:44:58,Apple MacBook Air 2024 A3113 13in M3 10 Core GPU 16GB RAM 1TB SSD Very Good,949.95,949.95,Free shipping,https://www.ebay.com/itm/298182710350?_trkparms=5373%3A5000006400%7C5374%3ATech%7C5079%3A5000006400,0.0,0.0
2026-04-04 02:44:58,⭐Limited Edition Nintendo Switch OLED Special Limited RED Super Mario Edition⭐,279.99,429.99,Shipping info unavailable,https://www.ebay.com/itm/196060248633?_trkparms=5373%3A5000006400%7C5374%3ATech%7C5079%3A5000006400,150.0,34.88
2026-04-04 02:44:58,Nintendo Switch OLED 64GB WHITE Joy Cons Console + Assorted Case,284.99,369.99,Shipping info unavailable,https://www.ebay.com/itm/197052221722?_trkparms=5373%3A5000006400%7C5374%3ATech%7C5079%3A5000006400,85.0,22.97
2026-04-04 02:44:58,"Dell Latitude 7490 14"" FHD Intel Core i7 Laptop Win 11 | Up To 64GB RAM 2TB SSD",228.99,228.99,Free shipping,https://www.ebay.com/itm/336429989177?_trkparms=5373%3A5000006400%7C5374%3ATech%7C5079%3A5000006400,0.0,0.0
2026-04-04 02:44:58,Apple MacBook Air 2022 A2681 13in M2 8 Core GPU 8GB RAM 512GB SSD Excellent,721.95,1399.0,Shipping info unavailable,https://www.ebay.com/itm/298180250813?_trkparms=5373%3A5000006400%7C5374%3ATech%7C5079%3A5000006400,677.05,48.4
2026-04-04 02:44:58,🔥 Nintendo Switch OLED 64GB WHITE Joy Cons Newest Game Console + 2 Day SHIP! 🔥,259.99,369.99,Shipping info unavailable,https://www.ebay.com/itm/194991515485?_trkparms=5373%3A5000006400%7C5374%3ATech%7C5079%3A5000006400,110.0,29.73
2026-04-04 02:44:58,"Dell 15.6"" NVIDIA Gaming Laptop - Intel Hexa Core i7 64GB RAM 4TB SSD Windows 11",299.99,299.99,Free shipping,https://www.ebay.com/itm/335333304416?_trkparms=5373%3A5000006400%7C5374%3ATech%7C5079%3A5000006400,0.0,0.0
2026-04-04 02:44:59,Apple MacBook Pro 2024 A3112 14in M4 10 Core CPU 16GB RAM 1TB SSD Good,1224.95,1224.95,Free shipping,https://www.ebay.com/itm/306855387494?_trkparms=5373%3A5000006400%7C5374%3ATech%7C5079%3A5000006400,0.0,0.0
2026-04-04 02:44:59,🌟Nintendo Switch Lite + FREE Mario Game + BONUS! - PICK YOUR COLOR🌟,199.99,289.99,Shipping info unavailable,https://www.ebay.com/itm/195951595431?_trkparms=5373%3A5000006400%7C5374%3ATech%7C5079%3A5000006400,90.0,31.04
2026-04-04 02:44:59,"Dell 15.6"" Touchscreen Light Gaming Laptop Core i5 16GB RAM 512GB SSD Win 11 Pro",438.99,438.99,Free shipping,https://www.ebay.com/itm/336463442113?_trkparms=5373%3A5000006400%7C5374%3ATech%7C5079%3A5000006400,0.0,0.0
2026-04-04 02:44:59,"Dell 14"" FHD Laptop Intel Quad Core i7 4.20GHz 64GB RAM 2TB SSD Windows 11 Pro",217.99,217.99,Free shipping,https://www.ebay.com/itm/335762770305?_trkparms=5373%3A5000006400%7C5374%3ATech%7C5079%3A5000006400,0.0,0.0
2026-04-04 02:44:59,Apple MacBook Air 2022 A2681 13in M2 10 Core GPU 8GB RAM 1TB SSD Very Good,721.95,721.95,Free shipping,https://www.ebay.com/itm/298182709880?_trkparms=5373%3A5000006400%7C5374%3ATech%7C5079%3A5000006400,0.0,0.0
2026-04-04 02:44:59,Apple MacBook Pro 2021 A2442 14in M1 Pro 8 CPU 14 GPU 16GB RAM 1TB SSD Excellent,864.95,2199.0,Shipping info unavailable,https://www.ebay.com/itm/306095260616?_trkparms=5373%3A5000006400%7C5374%3ATech%7C5079%3A5000006400,1334.05,60.67
2026-04-04 02:45:00,Apple MacBook Air 2022 A2681 13in M2 10 Core GPU 8GB RAM 1TB SSD Good,702.95,1699.0,Shipping info unavailable,https://www.ebay.com/itm/306853944464?_trkparms=5373%3A5000006400%7C5374%3ATech%7C5079%3A5000006400,996.05,58.63
2026-04-04 02:45:00,Samsung Galaxy Watch Ultra Marine Band Replacement Strap One Size Offical OEM,19.95,60.0,Free shipping,https://www.ebay.com/itm/296817459139?_trkparms=5373%3A5000006400%7C5374%3ATech%7C5079%3A5000006400,40.05,66.75
2026-04-04 02:45:00,"Apple iPad 10.9"" 10th Generation 256GB Wi-Fi + Cell Silver MQ6T3LL/A • Very Good",316.29,316.29,Free shipping,https://www.ebay.com/itm/306697419503?_trkparms=5373%3A5000006400%7C5374%3ATech%7C5079%3A5000006400,0.0,0.0
2026-04-04 02:45:00,"Samsung Galaxy Tab A T307U 8.4"" 32GB Mocha (Verizon) Android Tablet  - Excellent",65.99,65.99,Free shipping,https://www.ebay.com/itm/157449640744?_trkparms=5373%3A5000006400%7C5374%3ATech%7C5079%3A5000006400,0.0,0.0
2026-04-04 02:45:01,"Apple iPad Air 4 (2020) 10.9"" 64GB 256GB All Colors (WiFi or Cellular) - Good",221.99,274.34,Free shipping,https://www.ebay.com/itm/155362615474?_trkparms=5373%3A5000006400%7C5374%3ATech%7C5079%3A5000006400,52.349999999999966,19.08
2026-04-04 02:45:01,Apple MacBook Air 2025 M4 10CoreCPU/10CoreGPU 16GB 15.3in 256GB SSD,879.0,1250.0,Free shipping,https://www.ebay.com/itm/168245171118?_trkparms=5373%3A5000006400%7C5374%3ATech%7C5079%3A5000006400,371.0,29.68
2026-04-04 02:45:02,Apple iPad 9th Gen 2021 (Wi-Fi) 64GB Silver (Very Good),160.99,429.0,Free shipping,https://www.ebay.com/itm/286883440197?_trkparms=5373%3A5000006400%7C5374%3ATech%7C5079%3A5000006400,268.01,62.47
2026-04-04 02:45:02,"2022 Apple iPad Air 5 256GB WiFi/Unlocked 10.9"" - (Space Gray) A2589 w/Warranty",342.24,749.0,Free shipping,https://www.ebay.com/itm/146954130393?_trkparms=5373%3A5000006400%7C5374%3ATech%7C5079%3A5000006400,406.76,54.31
2026-04-04 02:45:03,Nintendo Switch Console with Neon Blue and Neon Red Joy Cons 32GB,229.99,299.99,Free shipping,https://www.ebay.com/itm/195302472644?_trkparms=5373%3A5000006400%7C5374%3ATech%7C5079%3A5000006401,70.0,23.33
2026-04-04 02:45:03,Nintendo Switch Console Gray RETRO 🚀 Bundle +3Month Membership 100+ Games +16GB,249.99,459.99,Free shipping,https://www.ebay.com/itm/196195843077?_trkparms=5373%3A5000006400%7C5374%3ATech%7C5079%3A5000006401,210.0,45.65
2026-04-04 02:45:03,⭐Limited Edition Nintendo Switch OLED Special Limited RED Super Mario Edition⭐,279.99,429.99,Free shipping,https://www.ebay.com/itm/196060248633?_trkparms=5373%3A5000006400%7C5374%3ATech%7C5079%3A5000006401,150.0,34.88
2026-04-04 02:45:03,Nintendo Switch OLED 64GB WHITE Joy Cons Console + Assorted Case,284.99,369.99,Free shipping,https://www.ebay.com/itm/197052221722?_trkparms=5373%3A5000006400%7C5374%3ATech%7C5079%3A5000006401,85.0,22.97
2026-04-04 02:45:06,Olympus M.Zuiko Digital 14-42mm f/3.5-5.6 II R Lens (Black),118.0,128.88,Free shipping,https://www.ebay.com/itm/147075471561?_trkparms=5373%3A5000006400%7C5374%3ATech%7C5079%3A5000006425,10.879999999999995,8.44
2026-04-04 02:45:06,Olympus M.Zuiko Digital 14-42mm f/3.5-5.6 II R Lens (Silver),118.0,128.88,Free shipping,https://www.ebay.com/itm/147075468448?_trkparms=5373%3A5000006400%7C5374%3ATech%7C5079%3A5000006425,10.879999999999995,8.44
2026-04-04 02:45:07,Apple Watch SE 40mm 44mm GPS + WiFi + Cellular Pink Gold Gray Silver - Good,97.59,299.99,Free shipping,https://www.ebay.com/itm/314285776503?_trkparms=5373%3A5000006400%7C5374%3ATech%7C5079%3A5000006411,202.4,67.47
2026-04-04 07:10:09,"Microsoft Surface Pro 7+ 12.3"" i5 2.40GHz/8GB/128GB SSD (Platinum) - w/Warranty",315.27,1199.0,Free shipping,https://www.ebay.com/itm/358374572161?_trkparms=5373%3A5000006400%7C5374%3ATech%7C5079%3A5000006400,883.73,73.71
2026-04-04 13:10:59,Epson EcoTank ET-15000 All-in-One Cartridge-Free Supertank Printer,439.99,439.99,Free shipping,https://www.ebay.com/itm/198170303842?_trkparms=5373%3A5000006400%7C5374%3ATech%7C5079%3A5000006417,0.0,0.0
2026-04-04 15:39:28,DJI Osmo Pocket 3 Creator Combo (Certified Refurbished),529.0,529.0,Free shipping,https://www.ebay.com/itm/306788661226?_trkparms=5373%3A5000006400%7C5374%3ATech%7C5079%3A5000006400,0.0,0.0
2026-04-04 15:39:29,"Seagate Exos ST26000NM000C 26TB CMR 7200RPM SATA6Gb/s 3.5"" Enterprise Hard Drive",509.99,509.99,Free shipping,https://www.ebay.com/itm/226536553768?_trkparms=5373%3A5000006400%7C5374%3ATech%7C5079%3A5000006400,0.0,0.0
2026-04-04 15:39:29,MDD 18TB (2X18 MACH.2 Dual Actuator) 7200RPM 512MB SAS 12Gb/s Enterprise HDD,339.95,369.95,Free shipping,https://www.ebay.com/itm/177790530564?_trkparms=5373%3A5000006400%7C5374%3ATech%7C5079%3A5000006400,30.0,8.11
2026-04-04 15:39:29,"Samsung Galaxy Tab S10 FE 10.9"" Tablet 128GB WiFi with S-Pen Gray SM-X520NZALXAR",291.0,499.99,Free shipping,https://www.ebay.com/itm/365906040509?_trkparms=5373%3A5000006400%7C5374%3ATech%7C5079%3A5000006400,208.99,41.8
2026-04-04 15:39:32,"Apple iPad 8 10.2"" 32GB 128GB Gray Silver Gold Tablet WiFi or Cellular - Good",117.99,117.99,Free shipping,https://www.ebay.com/itm/154854304863?_trkparms=5373%3A5000006400%7C5374%3ATech%7C5079%3A5000006415,0.0,0.0
2026-04-04 15:39:32,"Samsung Galaxy Tab A T307U 8.4"" 32GB Mocha (Verizon) Android Tablet  - Excellent",65.99,65.99,Free shipping,https://www.ebay.com/itm/157449640744?_trkparms=5373%3A5000006400%7C5374%3ATech%7C5079%3A5000006415,0.0,0.0
2026-04-05 18:55:33,Apple MacBook Air 2025 M4 10CoreCPU/10CoreGPU 16GB 15.3in 256GB SSD,879.0,1250.0,Free shipping,https://www.ebay.com/itm/168245171118?_trkparms=5373%3A5000006400%7C5374%3ATech%7C5079%3A5000006407,371.0,29.68
2026-04-05 18:55:34,"Apple iPad Air 4 (2020) 10.9"" 64GB 256GB All Colors (WiFi or Cellular) - Good",221.99,274.34,Free shipping,https://www.ebay.com/itm/155362615474?_trkparms=5373%3A5000006400%7C5374%3ATech%7C5079%3A5000006415,52.349999999999966,19.08
2026-04-06 03:24:31,DJI Osmo Pocket 3 Creator Combo (Certified Refurbished),529.0,529.0,Free shipping,https://www.ebay.com/itm/306788661226?_trkparms=5373%3A5000006400%7C5374%3ATech%7C5079%3A5000006430,0.0,0.0
2026-04-06 03:24:33,Fujitsu Fi-6130 Color Duplex Sheet-Fed Scanner with Adapter USB Setup Drivers,130.63,145.15,Free shipping,https://www.ebay.com/itm/303281182146?_trkparms=5373%3A5000006400%7C5374%3ATech%7C5079%3A5000006417,14.52000000000001,10.0
2026-04-06 15:55:39,LiTime 16V 70Ah/100Ah Bluetooth LowTemp Fish Finder Lithium Battery LiFePO4 IP65,189.99,189.99,Free shipping,https://www.ebay.com/itm/358312759287?_trkparms=5373%3A5000006400%7C5374%3ATech%7C5079%3A5000006400,0.0,0.0
2026-04-06 15:55:40,"HP - Victus 15.6"" 144Hz Full HD Gaming Laptop - Intel Core i5 13420H 2023 - 8...",1019.99,1019.99,Free shipping,https://www.ebay.com/itm/198009519465?_trkparms=5373%3A5000006400%7C5374%3ATech%7C5079%3A5000006400,0.0,0.0
2026-04-06 15:55:40,"Apple iPad (11th generation) A3354 256 GB, Wi-Fi, 11 inch Yellow",450.0,450.0,Free shipping,https://www.ebay.com/itm/336168839690?_trkparms=5373%3A5000006400%7C5374%3ATech%7C5079%3A5000006400,0.0,0.0
2026-04-06 15:55:40,New 2025 Apple iPad 11-inch (A16) 11th Gen Wi-Fi - 128GB 256GB 512GB,355.0,355.0,Free shipping,https://www.ebay.com/itm/187290513658?_trkparms=5373%3A5000006400%7C5374%3ATech%7C5079%3A5000006400,0.0,0.0
2026-04-06 15:55:40,"New Apple iPad mini 8.3"" A17 Pro 7th Gen Wi-Fi Tablet 128GB - Purple - SEALED",450.0,450.0,Free shipping,https://www.ebay.com/itm/336170707008?_trkparms=5373%3A5000006400%7C5374%3ATech%7C5079%3A5000006400,0.0,0.0
2026-04-06 15:55:40,💥NEW💥 Acer Nitro V  RTX 5050/165Hz Gaming Laptop 16GB RAM/512 SSD Ships Fast,798.95,798.95,Free shipping,https://www.ebay.com/itm/126016006986?_trkparms=5373%3A5000006400%7C5374%3ATech%7C5079%3A5000006400,0.0,0.0
2026-04-06 15:55:40,SuperBox S6 Pro 24/7 Support Authorized Distributor Shipped Out Same Day,269.0,269.0,Free shipping,https://www.ebay.com/itm/187119193360?_trkparms=5373%3A5000006400%7C5374%3ATech%7C5079%3A5000006400,0.0,0.0
2026-04-06 15:55:41,SuperBox S6 Max 24/7 Support Authorized Distributor Same Day Shipping,296.0,296.0,Free shipping,https://www.ebay.com/itm/187119196009?_trkparms=5373%3A5000006400%7C5374%3ATech%7C5079%3A5000006400,0.0,0.0
2026-04-06 15:55:41,"2021 Apple iPad 9th Gen 64/256GB WiFi 10.2"" SHIPS SAME DAY FREE AND FAST!!!",300.0,300.0,Free shipping,https://www.ebay.com/itm/334421041833?_trkparms=5373%3A5000006400%7C5374%3ATech%7C5079%3A5000006400,0.0,0.0
2026-04-06 15:55:41,"New 2024 Apple iPad mini (A17 Pro) 7th Gen, Choose Color, Storage, Connectivity",500.0,500.0,Free shipping,https://www.ebay.com/itm/335685696683?_trkparms=5373%3A5000006400%7C5374%3ATech%7C5079%3A5000006400,0.0,0.0
2026-04-06 15:55:41,"New 2025 Apple - iPad Air 11-inch (M3), Choose Color, Storage, Connectivity",600.0,600.0,Free shipping,https://www.ebay.com/itm/335860271072?_trkparms=5373%3A5000006400%7C5374%3ATech%7C5079%3A5000006400,0.0,0.0
2026-04-06 15:55:41,"2026 HP Laptop Computer 17.3"" 10-Core Intel i7 Upto 64GB RAM 2TB SSD Office 2024",599.0,599.0,Free shipping,https://www.ebay.com/itm/117032328995?_trkparms=5373%3A5000006400%7C5374%3ATech%7C5079%3A5000006400,0.0,0.0
2026-04-06 15:55:41,"2022 Apple iPad 10th Gen 64/256GB WiFi 10.9"" Latest Model SHIPS SAME DAY!!!",400.0,400.0,Free shipping,https://www.ebay.com/itm/334610464416?_trkparms=5373%3A5000006400%7C5374%3ATech%7C5079%3A5000006400,0.0,0.0
2026-04-06 15:55:41,Meta Quest 3 512GB,499.99,499.99,Free shipping,https://www.ebay.com/itm/406085701462?_trkparms=5373%3A5000006400%7C5374%3ATech%7C5079%3A5000006400,0.0,0.0
2026-04-06 15:55:42,NEW RELEASE 2026 SUPERBOX S7 PRO - Same Day Shipping Match/Beat Anyone's Price.,359.0,359.0,Free shipping,https://www.ebay.com/itm/317797890397?_trkparms=5373%3A5000006400%7C5374%3ATech%7C5079%3A5000006400,0.0,0.0
2026-04-06 15:55:42,QS1132-840 - Qolsys IQ Wireless S-Line Micro Door/Window Alarm Contact - 10 P...,69.99,69.99,Free shipping,https://www.ebay.com/itm/236117373748?_trkparms=5373%3A5000006400%7C5374%3ATech%7C5079%3A5000006400,0.0,0.0
2026-04-06 15:55:42,"LG 34"" WFHD UltraWide IPS Monitor 100Hz 5ms DisplayHDR 400",229.99,299.99,Free shipping,https://www.ebay.com/itm/197735813774?_trkparms=5373%3A5000006400%7C5374%3ATech%7C5079%3A5000006400,70.0,23.33
2026-04-06 15:55:42,"2026 Lenovo IdeaPad Laptop Notebook 15.6"" Intel Processor Up to 20GB RAM 1TB SSD",289.0,289.0,Free shipping,https://www.ebay.com/itm/116992612970?_trkparms=5373%3A5000006400%7C5374%3ATech%7C5079%3A5000006400,0.0,0.0
2026-04-06 15:55:42,SUPERBOX S7 PRO Streaming Media Player,359.0,359.0,Free shipping,https://www.ebay.com/itm/136667562824?_trkparms=5373%3A5000006400%7C5374%3ATech%7C5079%3A5000006400,0.0,0.0
2026-04-06 15:55:42,"2026 HP Laptop Computer 15.6"" Touch 10-Core Intel i5 Up 64GB RAM 2TB SSD Win Pro",479.0,479.0,Free shipping,https://www.ebay.com/itm/127641279064?_trkparms=5373%3A5000006400%7C5374%3ATech%7C5079%3A5000006400,0.0,0.0
2026-04-06 15:55:42,Apple iPad Mini 6th Generation 64GB / 256GB WiFi - BRAND NEW SEALED,500.0,500.0,Free shipping,https://www.ebay.com/itm/335492771096?_trkparms=5373%3A5000006400%7C5374%3ATech%7C5079%3A5000006400,0.0,0.0
2026-04-06 15:55:43,Apple iPad Pro M4 Chip 13inch OLED Display 256GB Wi-Fi Space Black 3M780LL/A,777.99,1299.99,Free shipping,https://www.ebay.com/itm/397658263890?_trkparms=5373%3A5000006400%7C5374%3ATech%7C5079%3A5000006400,522.0,40.15
2026-04-06 15:55:44,"Acer Aspire AI 14"" Laptop WUXGA Intel Ultra 5 226V 16GB RAM 1TB SSD Refurbished",371.99,579.99,Free shipping,https://www.ebay.com/itm/256960845305?_trkparms=5373%3A5000006400%7C5374%3ATech%7C5079%3A5000006407,208.0,35.86
2026-04-06 15:55:44,SuperBox S6 Pro 24/7 Support Authorized Distributor Shipped Out Same Day,269.0,269.0,Free shipping,https://www.ebay.com/itm/187119193360?_trkparms=5373%3A5000006400%7C5374%3ATech%7C5079%3A5000006409,0.0,0.0
2026-04-06 15:55:45,SuperBox S6 Max 24/7 Support Authorized Distributor Same Day Shipping,296.0,296.0,Free shipping,https://www.ebay.com/itm/187119196009?_trkparms=5373%3A5000006400%7C5374%3ATech%7C5079%3A5000006409,0.0,0.0
2026-04-06 15:55:45,NEW RELEASE 2026 SUPERBOX S7 PRO - Same Day Shipping Match/Beat Anyone's Price.,359.0,359.0,Free shipping,https://www.ebay.com/itm/317797890397?_trkparms=5373%3A5000006400%7C5374%3ATech%7C5079%3A5000006409,0.0,0.0
2026-04-06 15:55:45,Canon EOS R100 Mirrorless Camera + RF-S 18-45mm F4.5-6.3 IS STM Lens Kit Bundle,559.0,599.99,Free shipping,https://www.ebay.com/itm/335025554967?_trkparms=5373%3A5000006400%7C5374%3ATech%7C5079%3A5000006430,40.99000000000001,6.83
2026-04-06 15:55:45,Canon EOS R10 Mirrorless Camera w/RF-S18-45mm f/4.5-6.3 is STM Lens Kit,959.95,1487.99,Free shipping,https://www.ebay.com/itm/197866114417?_trkparms=5373%3A5000006400%7C5374%3ATech%7C5079%3A5000006430,528.04,35.49
2026-04-06 15:55:45,"Nintendo Wii Console HD + Pick 1-4 Voomwa Remotes, Wii Sports, Mario & More",99.99,99.99,Free shipping,https://www.ebay.com/itm/315495126777?_trkparms=5373%3A5000006400%7C5374%3ATech%7C5079%3A5000006401,0.0,0.0
2026-04-06 15:55:45,Nintendo 3DS & 3DS XL LL | Charger + 64GB SD Card | USA Seller | Tested Working,184.99,184.99,Free shipping,https://www.ebay.com/itm/204545143346?_trkparms=5373%3A5000006400%7C5374%3ATech%7C5079%3A5000006401,0.0,0.0
2026-04-06 15:55:45,"Nintendo Wii Game Console + Pick 1-4 Remotes, Wii Sports, Mario Kart & More, USA",94.99,94.99,Free shipping,https://www.ebay.com/itm/314387992124?_trkparms=5373%3A5000006400%7C5374%3ATech%7C5079%3A5000006401,0.0,0.0
2026-04-06 15:55:46,Sony PlayStation PSP 1000/2000/3000 Console with Charger/New Battery Region Free,119.99,119.99,Free shipping,https://www.ebay.com/itm/204309390922?_trkparms=5373%3A5000006400%7C5374%3ATech%7C5079%3A5000006401,0.0,0.0
2026-04-06 15:55:46,Apple iPad Pro 12.9″ (6th Gen 2022) Wi-Fi M2 Excellent Condition 1 Year Warranty,619.95,619.95,Free shipping,https://www.ebay.com/itm/227211924673?_trkparms=5373%3A5000006400%7C5374%3ATech%7C5079%3A5000006415,0.0,0.0
2026-04-06 15:55:46,OEM Samsung Galaxy Buds+ Plus True Wireless Earbuds SM-R175 Replacement PARTS,19.95,19.95,Free shipping,https://www.ebay.com/itm/185275016927?_trkparms=5373%3A5000006400%7C5374%3ATech%7C5079%3A5000006419,0.0,0.0
2026-04-06 15:55:46,Anker MagGo Power Bank 10000mAh 15W Wireless Magnetic Charger for iPhone|Refurb,44.99,74.99,Free shipping,https://www.ebay.com/itm/386984137518?_trkparms=5373%3A5000006400%7C5374%3ATech%7C5079%3A5000006419,29.999999999999993,40.01
2026-04-06 15:55:46,"Seagate Exos X22 ST28000NM000C 28TB CMR SATA 6Gb/s 3.5"" Enterprise Hard Drive",569.99,569.99,Free shipping,https://www.ebay.com/itm/226536548299?_trkparms=5373%3A5000006400%7C5374%3ATech%7C5079%3A5000006421,0.0,0.0
2026-04-06 15:55:47,SSS0L25041 00UP433 SSDPEKKF256G7L GENUINE LENOVO SSD 256GB,30.99,36.79,Free shipping,https://www.ebay.com/itm/306820049687?_trkparms=5373%3A5000006400%7C5374%3ATech%7C5079%3A5000006421,5.800000000000001,15.77
2026-04-06 15:55:47,"1TB ValueTech Pro SATA 2.5"" SSD",140.99,165.59,Free shipping,https://www.ebay.com/itm/306826091035?_trkparms=5373%3A5000006400%7C5374%3ATech%7C5079%3A5000006421,24.599999999999994,14.86
2026-04-06 15:55:47,SSSTC 256GB PCIe 3.0 NVMe SSD 2230 Model: CL1-3D256-Q11 / 0TN2CC,46.99,55.19,Free shipping,https://www.ebay.com/itm/298131630187?_trkparms=5373%3A5000006400%7C5374%3ATech%7C5079%3A5000006421,8.199999999999996,14.86
2026-04-06 15:55:47,Canon MAXIFY GX2020 Wireless MegaTank All-In-One Color Printer + More,409.99,635.99,Free shipping,https://www.ebay.com/itm/198082267124?_trkparms=5373%3A5000006400%7C5374%3ATech%7C5079%3A5000006417,226.0,35.54
2026-04-06 15:55:47,"Canon MegaTank MAXIFY GX2020 All-in-One Wireless Color Printer - Print, Copy,",409.99,635.99,Free shipping,https://www.ebay.com/itm/206051516288?_trkparms=5373%3A5000006400%7C5374%3ATech%7C5079%3A5000006417,226.0,35.54
2026-04-06 15:55:48,Genuine Lexmark X792X1YG Yellow High Yield Return Program Cartridge 20K Page NEW,79.0,129.0,Free shipping,https://www.ebay.com/itm/305593023560?_trkparms=5373%3A5000006400%7C5374%3ATech%7C5079%3A5000006417,50.0,38.76
2026-04-06 15:55:48,Rockville RockMat 37-25 37 Sq Ft 2.5MM 100 MIL Sound Vibration Deadener Car Kit,74.95,159.99,Free shipping,https://www.ebay.com/itm/306089233806?_trkparms=5373%3A5000006400%7C5374%3ATech%7C5079%3A5000006432,85.04,53.15
2026-04-06 15:55:48,Rockville RockMat 37-15 37 Sq Ft 1.5MM 60 MIL Sound Vibration Deadener Car Kit,57.95,129.99,Free shipping,https://www.ebay.com/itm/356498043676?_trkparms=5373%3A5000006400%7C5374%3ATech%7C5079%3A5000006432,72.04,55.42
2026-04-06 15:55:48,Rockville RockMat 50-15 50 Sq Ft 1.5MM 60 MIL Sound Vibration Deadener Car Kit,69.95,149.99,Free shipping,https://www.ebay.com/itm/356534333142?_trkparms=5373%3A5000006400%7C5374%3ATech%7C5079%3A5000006432,80.04,53.36
2026-04-06 15:55:48,"Rockville RDF-4 2800W Peak 700w RMS 4-Channel Car Amplifier, Compact, Efficient",99.95,249.99,Free shipping,https://www.ebay.com/itm/306672930973?_trkparms=5373%3A5000006400%7C5374%3ATech%7C5079%3A5000006432,150.04000000000002,60.02
2026-04-06 15:55:48,Canon RF16-28mm F2.8 is STM,1009.95,1565.99,Free shipping,https://www.ebay.com/itm/205923529753?_trkparms=5373%3A5000006400%7C5374%3ATech%7C5079%3A5000006425,556.04,35.51
2026-04-06 15:55:48,RF28-70mm F2.8 is STM (International Model),1099.95,1704.99,Free shipping,https://www.ebay.com/itm/326989592304?_trkparms=5373%3A5000006400%7C5374%3ATech%7C5079%3A5000006425,605.04,35.49
2026-04-06 15:55:48,Olympus MZ 60mm Macro Lens,385.49,597.99,Free shipping,https://www.ebay.com/itm/206051351263?_trkparms=5373%3A5000006400%7C5374%3ATech%7C5079%3A5000006425,212.5,35.54
2026-04-06 15:55:48,Fujifilm XC13-33mmF3.5-6.3 OIS Lens,534.95,829.99,Free shipping,https://www.ebay.com/itm/206048953937?_trkparms=5373%3A5000006400%7C5374%3ATech%7C5079%3A5000006425,295.03999999999996,35.55
2026-04-06 15:55:49,Samsung Book Cover Keyboard for Samsung Galaxy Tab S7+ Plus - Black,79.99,229.99,Free shipping,https://www.ebay.com/itm/145574570182?_trkparms=5373%3A5000006400%7C5374%3ATech%7C5079%3A5000006427,150.0,65.22
2026-04-06 15:55:49,Logitech Crayon Digital Pencil for iPad Pro - Orange  -  Lightning,29.99,69.99,Free shipping,https://www.ebay.com/itm/146972628127?_trkparms=5373%3A5000006400%7C5374%3ATech%7C5079%3A5000006427,40.0,57.15
2026-04-06 15:55:49,Logitech Crayon Digital Pencil for All Apple iPad Pros (2018 Or Later) - Orange,29.95,69.99,Free shipping,https://www.ebay.com/itm/365999710529?_trkparms=5373%3A5000006400%7C5374%3ATech%7C5079%3A5000006427,40.03999999999999,57.21
2026-04-06 15:55:49,Apple Pencil 2nd Generation for iPad Pro MU8F2AM/A with Wireless Charging,63.96,149.0,Free shipping,https://www.ebay.com/itm/144303724744?_trkparms=5373%3A5000006400%7C5374%3ATech%7C5079%3A5000006427,85.03999999999999,57.07
2026-04-06 15:55:49,Samsung Galaxy Z Fold6 512GB F956U Unlocked - Excellent,618.99,2000.0,Free shipping,https://www.ebay.com/itm/256905122037?_trkparms=5373%3A5000006400%7C5374%3ATech%7C5079%3A5000006411,1381.01,69.05
2026-04-06 15:55:50,Apple Watch Ultra GPS & Cellular Unlocked 49mm Titanium - US Version . Excellent,289.99,289.99,Free shipping,https://www.ebay.com/itm/406318312547?_trkparms=5373%3A5000006400%7C5374%3ATech%7C5079%3A5000006411,0.0,0.0
2026-04-06 15:55:50,"Acer XV270 X1 27"" IPS Gaming Monitor FHD 400nits 180Hz 1ms Refurbished",79.04,199.99,Free shipping,https://www.ebay.com/itm/257213431940?_trkparms=5373%3A5000006400%7C5374%3ATech%7C5079%3A5000006405,120.95,60.48
2026-04-06 15:55:50,"MSI MAG 271QPX QD-OLED E2 27"" WQHD Gaming Monitor, 240Hz/0.03ms HDR 400",369.99,699.99,Free shipping,https://www.ebay.com/itm/146400024938?_trkparms=5373%3A5000006400%7C5374%3ATech%7C5079%3A5000006405,330.0,47.14
2026-04-06 19:11:45,"Lenovo IdeaPad 5 16IRU9 16"" Touch Ultra 7 150U 16GB 1TB SSD W11H(French/English)",489.99,773.99,Free shipping,https://www.ebay.com/itm/157480602782?_trkparms=5373%3A5000006400%7C5374%3ATech%7C5079%3A5000006400,284.0,36.69
2026-04-06 19:11:45,Samsung Galaxy Z Fold6 1TB F956U Unlocked - Good,620.99,2259.99,Free shipping,https://www.ebay.com/itm/257067135641?_trkparms=5373%3A5000006400%7C5374%3ATech%7C5079%3A5000006400,1638.9999999999998,72.52
2026-04-06 19:11:45,"Samsung QN55LS03FA The Frame 55"" QLED 4K UHD HDR Smart TV – 2025 Model",719.0,897.99,Free shipping,https://www.ebay.com/itm/187293719341?_trkparms=5373%3A5000006400%7C5374%3ATech%7C5079%3A5000006400,178.99,19.93
2026-04-06 19:11:45,"Toshiba 14TB MG07ACA14TE 256MB 7200RPM SATA 6.0Gb/s 3.5"" Internal Enterprise HDD",299.99,299.99,Free shipping,https://www.ebay.com/itm/157723881636?_trkparms=5373%3A5000006400%7C5374%3ATech%7C5079%3A5000006400,0.0,0.0
2026-04-06 19:11:45,"Anpviz 8MP 4K PoE IP Camera, Wired Outdoor  Security Cam with Color Night Vision",37.99,54.27,Free shipping,https://www.ebay.com/itm/127512886447?_trkparms=5373%3A5000006400%7C5374%3ATech%7C5079%3A5000006400,16.28,30.0
2026-04-06 19:11:46,"LG 9.1.5 Channel  Atmos Soundbar with Rear Speakers and Subwoofer, - Scuffed Box",619.99,1599.99,Free shipping,https://www.ebay.com/itm/335734838156?_trkparms=5373%3A5000006400%7C5374%3ATech%7C5079%3A5000006400,980.0,61.25
2026-04-06 19:11:51,Canon EF-S 18-135mm f/3.5-5.6 IS STM Lens Certified Refurbished,356.49,552.99,Free shipping,https://www.ebay.com/itm/198178985495?_trkparms=5373%3A5000006400%7C5374%3ATech%7C5079%3A5000006425,196.5,35.53
2026-04-06 21:44:06,Apple AirPods 2nd Gen Genuine Replacement Right or Left or Charging Case,15.49,15.49,Free shipping,https://www.ebay.com/itm/115878536964?_trkparms=5373%3A5000006400%7C5374%3ATech%7C5079%3A5000006400,0.0,0.0
2026-04-06 21:44:06,Samsung Galaxy S22 128GB 5G SM-S901U1 FACTORY UNLOCKED CDMA + GSM- EXCELLENT,159.48,159.48,Free shipping,https://www.ebay.com/itm/115990092373?_trkparms=5373%3A5000006400%7C5374%3ATech%7C5079%3A5000006400,0.0,0.0
2026-04-06 21:44:06,Samsung Galaxy S9 G960U1 64GB FACTORY UNLOCKED CDMA + GSM - EXCELLENT,94.48,94.48,Free shipping,https://www.ebay.com/itm/125570215345?_trkparms=5373%3A5000006400%7C5374%3ATech%7C5079%3A5000006400,0.0,0.0
2026-04-06 21:44:06,Samsung Galaxy S21 S991U 5G SM- G991U1 - 128GB - FACTORY UNLOCKED - EXCELLENT,139.48,139.48,Free shipping,https://www.ebay.com/itm/125641047454?_trkparms=5373%3A5000006400%7C5374%3ATech%7C5079%3A5000006400,0.0,0.0
2026-04-06 21:44:06,Genuine Apple AirPods Pro (1st Gen) Replacement Parts Right Left AirPods or Case,27.89,27.89,Free shipping,https://www.ebay.com/itm/126039275830?_trkparms=5373%3A5000006400%7C5374%3ATech%7C5079%3A5000006400,0.0,0.0
2026-04-06 21:44:06,Samsung Galaxy S21 + PLUS G996U1 5G 128GB UNLOCKED VERIZON ATT TMOBILE EXCELLENT,159.48,159.48,Free shipping,https://www.ebay.com/itm/126101442124?_trkparms=5373%3A5000006400%7C5374%3ATech%7C5079%3A5000006400,0.0,0.0
2026-04-06 21:44:06,Apple AirPods 3rd Gen Genuine Replacement Right or Left or Charging Case,32.49,32.49,Free shipping,https://www.ebay.com/itm/126693283302?_trkparms=5373%3A5000006400%7C5374%3ATech%7C5079%3A5000006400,0.0,0.0
2026-04-06 21:44:06,Apple iPhone 12 - 5G - 64GB Factory Unlocked GSM + CDMA - EXCELLENT,169.48,169.48,Free shipping,https://www.ebay.com/itm/126715943830?_trkparms=5373%3A5000006400%7C5374%3ATech%7C5079%3A5000006400,0.0,0.0
2026-04-06 21:44:06,Samsung Galaxy S23+ PLUS 256GB 5G SM-916U1 Factory Unlocked  - EXCELLENT,289.48,289.48,Free shipping,https://www.ebay.com/itm/127077515331?_trkparms=5373%3A5000006400%7C5374%3ATech%7C5079%3A5000006400,0.0,0.0
2026-04-06 21:44:07,Apple iPhone SE 3rd Gen (2022) 64GB Factory Unlocked - EXCELLENT,119.48,119.48,Free shipping,https://www.ebay.com/itm/127478754499?_trkparms=5373%3A5000006400%7C5374%3ATech%7C5079%3A5000006400,0.0,0.0
2026-04-06 21:44:07,Apple iPhone 13 Pro 128/256/512GB/1TB Unlocked Good All Colors,289.22,289.22,Free shipping,https://www.ebay.com/itm/127580023074?_trkparms=5373%3A5000006400%7C5374%3ATech%7C5079%3A5000006400,0.0,0.0
2026-04-06 21:44:07,Apple iPhone 14 Pro Max 128/256/512GB/1TB Unlocked Good All Colors,444.86,444.86,Free shipping,https://www.ebay.com/itm/127582341745?_trkparms=5373%3A5000006400%7C5374%3ATech%7C5079%3A5000006400,0.0,0.0
2026-04-06 21:44:07,Apple iPhone 13 Pro Max 128/256/512GB/1TB Unlocked Good All Colors,408.86,408.86,Free shipping,https://www.ebay.com/itm/127610110800?_trkparms=5373%3A5000006400%7C5374%3ATech%7C5079%3A5000006400,0.0,0.0
2026-04-06 21:44:07,Apple iPhone 13 128/256/512GB Unlocked Good All Colors,225.86,225.86,Free shipping,https://www.ebay.com/itm/127610111041?_trkparms=5373%3A5000006400%7C5374%3ATech%7C5079%3A5000006400,0.0,0.0
2026-04-06 21:44:07,Apple iPhone 13 Pro 128/256/512GB/1TB Unlocked Very Good All Colors,310.19,310.19,Free shipping,https://www.ebay.com/itm/127610119948?_trkparms=5373%3A5000006400%7C5374%3ATech%7C5079%3A5000006400,0.0,0.0
2026-04-06 21:44:07,Apple iPhone 13 128/256/512GB Unlocked Very Good All Colors,244.86,244.86,Free shipping,https://www.ebay.com/itm/127610125314?_trkparms=5373%3A5000006400%7C5374%3ATech%7C5079%3A5000006400,0.0,0.0
2026-04-06 21:44:07,Apple iPhone 17 256GB Unlocked Good All Colors,677.99,677.99,Free shipping,https://www.ebay.com/itm/127693798903?_trkparms=5373%3A5000006400%7C5374%3ATech%7C5079%3A5000006400,0.0,0.0
2026-04-06 21:44:08,Apple iPhone 17 Pro Max 512GB Unlocked Very Good All Colors,1289.99,1289.99,Free shipping,https://www.ebay.com/itm/127693916152?_trkparms=5373%3A5000006400%7C5374%3ATech%7C5079%3A5000006400,0.0,0.0
2026-04-06 21:44:08,Apple iPhone 13 A2482 128GB Starlight Unlocked Excellent Condition,290.02,799.99,Shipping info unavailable,https://www.ebay.com/itm/127706691279?_trkparms=5373%3A5000006400%7C5374%3ATech%7C5079%3A5000006400,509.97,63.75
2026-04-06 21:44:08,Samsung Galaxy S10e 128gb G970U SM-G970U1  FACTORY UNLOCKED CDMA + GSM EXCELLENT,139.48,139.48,Free shipping,https://www.ebay.com/itm/133604085756?_trkparms=5373%3A5000006400%7C5374%3ATech%7C5079%3A5000006400,0.0,0.0
2026-04-06 21:44:08,Samsung S10+ Plus Factory Unlocked AT&T Verizon T-Mobile Straight Talk Metro (E),199.0,199.0,Free shipping,https://www.ebay.com/itm/133859686542?_trkparms=5373%3A5000006400%7C5374%3ATech%7C5079%3A5000006400,0.0,0.0
2026-04-06 21:44:08,Apple iPhone 15 128GB Factory Unlocked CDMA + GSM - EXCELLENT,369.48,369.48,Free shipping,https://www.ebay.com/itm/136481493388?_trkparms=5373%3A5000006400%7C5374%3ATech%7C5079%3A5000006400,0.0,0.0
2026-04-06 21:44:08,OtterBox DEFENDER SERIES Case & Holster for iPhone X / iPhone XS - Black,19.95,59.95,Shipping info unavailable,https://www.ebay.com/itm/144405937054?_trkparms=5373%3A5000006400%7C5374%3ATech%7C5079%3A5000006400,40.0,66.72
2026-04-06 21:44:09,OtterBox SYMMETRY SERIES Case for Apple iPhone 11 - Black,19.95,49.95,Shipping info unavailable,https://www.ebay.com/itm/144546739716?_trkparms=5373%3A5000006400%7C5374%3ATech%7C5079%3A5000006400,30.000000000000004,60.06
2026-04-06 21:44:09,OtterBox DEFENDER SERIES Case & Holster for Apple iPhone 12 Mini/13 Mini - Black,24.95,59.95,Shipping info unavailable,https://www.ebay.com/itm/146184301947?_trkparms=5373%3A5000006400%7C5374%3ATech%7C5079%3A5000006400,35.0,58.38
2026-04-06 21:44:09,Apple Watch Series 10 (GPS + LTE) 46MM Slate Titanium Case Black Sport Band,329.95,729.0,Shipping info unavailable,https://www.ebay.com/itm/146311887196?_trkparms=5373%3A5000006400%7C5374%3ATech%7C5079%3A5000006400,399.05,54.74
2026-04-06 21:44:09,Apple Replacement Qi Charging Case A2190 for AirPods Pro (1st Gen),32.95,32.95,Free shipping,https://www.ebay.com/itm/146505232942?_trkparms=5373%3A5000006400%7C5374%3ATech%7C5079%3A5000006400,0.0,0.0
2026-04-06 21:44:09,Samsung Galaxy Z Flip 6 Fully Unlocked - 256GB - 6.7in - Very Good,332.0,332.0,Free shipping,https://www.ebay.com/itm/147046016508?_trkparms=5373%3A5000006400%7C5374%3ATech%7C5079%3A5000006400,0.0,0.0
2026-04-07 02:57:07,Samsung Galaxy S10+ Plus 128GB SM-G975U1 -  Factory Unlocked - Open Box,152.48,152.48,Free shipping,https://www.ebay.com/itm/114789287210?_trkparms=5373%3A5000006400%7C5374%3ATech%7C5079%3A5000006400,0.0,0.0
2026-04-07 02:57:07,Samsung S10+ Plus G975U1 128gb Fully UNLOCKED AT&T Verizon T-Mobile EXCELLENT,179.99,179.99,Free shipping,https://www.ebay.com/itm/124482516629?_trkparms=5373%3A5000006400%7C5374%3ATech%7C5079%3A5000006400,0.0,0.0
2026-04-07 02:57:07,Apple iPhone 8 Factory Unlocked AT&T Tmobile Verizon Excellent - 1 Year Warranty,145.99,145.99,Free shipping,https://www.ebay.com/itm/125723883320?_trkparms=5373%3A5000006400%7C5374%3ATech%7C5079%3A5000006400,0.0,0.0
2026-04-07 02:57:07,Apple iPhone 7 Unlocked 32GB 128GB 256GB ATT Tmobile EXCELLENT - 1 Year Warranty,79.99,79.99,Free shipping,https://www.ebay.com/itm/125881309694?_trkparms=5373%3A5000006400%7C5374%3ATech%7C5079%3A5000006400,0.0,0.0
2026-04-07 02:57:08,Apple  iPhone 12 Pro Max 5G 128GB Factory Unlocked CDMA + GSM - EXCELLENT,324.48,324.48,Free shipping,https://www.ebay.com/itm/126285256277?_trkparms=5373%3A5000006400%7C5374%3ATech%7C5079%3A5000006400,0.0,0.0
2026-04-07 02:57:08,Samsung Galaxy Z Fold 4 5G F936U1 512GB FACTORY UNLOCKED GSM + CDMA - EXCELLENT,409.48,409.48,Free shipping,https://www.ebay.com/itm/126551979023?_trkparms=5373%3A5000006400%7C5374%3ATech%7C5079%3A5000006400,0.0,0.0
2026-04-07 02:57:08,Samsung Galaxy S23 128GB - 5G SM-S911U1 - FACTORY UNLOCKED - EXCELLENT,226.48,226.48,Free shipping,https://www.ebay.com/itm/126995399789?_trkparms=5373%3A5000006400%7C5374%3ATech%7C5079%3A5000006400,0.0,0.0
2026-04-07 02:57:09,Apple iPhone 15 Pro Max 256/512GB/1TB Unlocked Very Good All Colors,574.86,574.86,Free shipping,https://www.ebay.com/itm/127560658037?_trkparms=5373%3A5000006400%7C5374%3ATech%7C5079%3A5000006400,0.0,0.0
2026-04-07 02:57:09,Apple iPhone 14 128/256/512GB Unlocked Very Good All Colors,292.86,292.86,Free shipping,https://www.ebay.com/itm/127610119910?_trkparms=5373%3A5000006400%7C5374%3ATech%7C5079%3A5000006400,0.0,0.0
2026-04-07 02:57:16,Compatible Replacement for HP CB387A Magenta Drum Unit 35K CP6015 CM6030 MFP NEW,65.0,109.0,Free shipping,https://www.ebay.com/itm/296511925317?_trkparms=5373%3A5000006400%7C5374%3ATech%7C5079%3A5000006417,44.0,40.37
2026-04-07 13:46:19,Canon MAXIFY GX2020 All-in-One Wireless Color Inkjet MegaTank Printer,307.49,476.99,Free shipping,https://www.ebay.com/itm/206131749263?_trkparms=5373%3A5000006400%7C5374%3ATech%7C5079%3A5000006417,169.5,35.54
2026-04-07 19:15:14,"Apple 2020 MacBook Air 13.3"" IPS Retina Intel Core i7 16GB RAM 256GB SSD",314.0,1249.0,Shipping info unavailable,https://www.ebay.com/itm/176990508015?_trkparms=5373%3A5000006400%7C5374%3ATech%7C5079%3A5000006400,935.0,74.86
2026-04-07 19:15:14,"Dell Pro 14 Plus PB14255 14"" WUXGA Ryzen AI 7 PRO 350 32GB RAM 512GB SSD WIN11P",936.0,1269.0,Shipping info unavailable,https://www.ebay.com/itm/178007828522?_trkparms=5373%3A5000006400%7C5374%3ATech%7C5079%3A5000006400,333.0,26.24
2026-04-07 19:15:16,"JBL Tune 510BT, Wireless on-ear headphones",19.46,37.46,Free shipping,https://www.ebay.com/itm/204884851600?_trkparms=5373%3A5000006400%7C5374%3ATech%7C5079%3A5000006400,18.0,48.05
2026-04-07 19:15:16,"Acer Aspire AI 14"" Laptop WUXGA Intel Ultra 5 226V 16GB RAM 1TB SSD Refurbished",371.99,579.99,Free shipping,https://www.ebay.com/itm/256960845305?_trkparms=5373%3A5000006400%7C5374%3ATech%7C5079%3A5000006400,208.0,35.86
2026-04-07 19:15:16,Apple iPhone 15 Pro Max A2849 512GB Unlocked Excellent Condition,654.24,654.24,Free shipping,https://www.ebay.com/itm/357482540114?_trkparms=5373%3A5000006400%7C5374%3ATech%7C5079%3A5000006400,0.0,0.0
2026-04-07 19:15:16,"Microsoft Surface Pro 7+ 12.3"" i5 2.40GHz/8GB/128GB SSD (Platinum) - w/Warranty",315.27,1199.0,Free shipping,https://www.ebay.com/itm/358374572161?_trkparms=5373%3A5000006400%7C5374%3ATech%7C5079%3A5000006407,883.73,73.71
2026-04-07 19:15:16,"Lenovo IdeaPad 5 16IRU9 16"" Touch Ultra 7 150U 16GB 1TB SSD W11H(French/English)",489.99,773.99,Free shipping,https://www.ebay.com/itm/157480602782?_trkparms=5373%3A5000006400%7C5374%3ATech%7C5079%3A5000006407,284.0,36.69
2026-04-07 19:15:17,"Samsung QN55LS03FA The Frame 55"" QLED 4K UHD HDR Smart TV – 2025 Model",719.0,897.99,Free shipping,https://www.ebay.com/itm/187293719341?_trkparms=5373%3A5000006400%7C5374%3ATech%7C5079%3A5000006409,178.99,19.93
2026-04-07 19:15:17,"LG 9.1.5 Channel  Atmos Soundbar with Rear Speakers and Subwoofer, - Scuffed Box",619.99,1599.99,Free shipping,https://www.ebay.com/itm/335734838156?_trkparms=5373%3A5000006400%7C5374%3ATech%7C5079%3A5000006409,980.0,61.25
2026-04-07 19:15:18,Apple iPad Pro M4 Chip 13inch OLED Display 256GB Wi-Fi Space Black 3M780LL/A,777.99,1299.99,Free shipping,https://www.ebay.com/itm/397658263890?_trkparms=5373%3A5000006400%7C5374%3ATech%7C5079%3A5000006415,522.0,40.15
2026-04-07 19:15:18,"Samsung Galaxy Tab S10 FE 10.9"" Tablet 128GB WiFi with S-Pen Gray SM-X520NZALXAR",291.0,499.99,Free shipping,https://www.ebay.com/itm/365906040509?_trkparms=5373%3A5000006400%7C5374%3ATech%7C5079%3A5000006415,208.99,41.8
2026-04-07 19:15:18,"2022 Apple iPad Air 5 256GB WiFi/Unlocked 10.9"" - (Space Gray) A2589 w/Warranty",342.24,749.0,Free shipping,https://www.ebay.com/itm/146954130393?_trkparms=5373%3A5000006400%7C5374%3ATech%7C5079%3A5000006415,406.76,54.31
2026-04-07 19:15:18,MDD 18TB (2X18 MACH.2 Dual Actuator) 7200RPM 512MB SAS 12Gb/s Enterprise HDD,319.95,369.95,Free shipping,https://www.ebay.com/itm/177790530564?_trkparms=5373%3A5000006400%7C5374%3ATech%7C5079%3A5000006421,50.0,13.52
2026-04-07 19:15:18,"Toshiba 14TB MG07ACA14TE 256MB 7200RPM SATA 6.0Gb/s 3.5"" Internal Enterprise HDD",279.99,299.99,Free shipping,https://www.ebay.com/itm/157723881636?_trkparms=5373%3A5000006400%7C5374%3ATech%7C5079%3A5000006421,20.0,6.67
2026-04-07 19:15:19,"Seagate Exos ST26000NM000C 26TB CMR 7200RPM SATA6Gb/s 3.5"" Enterprise Hard Drive",509.99,509.99,Free shipping,https://www.ebay.com/itm/226536553768?_trkparms=5373%3A5000006400%7C5374%3ATech%7C5079%3A5000006421,0.0,0.0
2026-04-07 19:15:19,Canon PIXMA TS8820 Wireless All-In-One Inkjet Printer + More,265.95,412.99,Free shipping,https://www.ebay.com/itm/206051516318?_trkparms=5373%3A5000006400%7C5374%3ATech%7C5079%3A5000006417,147.04000000000002,35.6
2026-04-07 19:15:20,"Samsung QN55LS03FA The Frame 55"" QLED 4K UHD HDR Smart TV – 2025 Model",719.0,897.99,Free shipping,https://www.ebay.com/itm/187293719341?_trkparms=5373%3A5000006400%7C5374%3ATech%7C5079%3A5000006413,178.99,19.93
2026-04-07 19:15:20,"LG 9.1.5 Channel  Atmos Soundbar with Rear Speakers and Subwoofer, - Scuffed Box",619.99,1599.99,Free shipping,https://www.ebay.com/itm/335734838156?_trkparms=5373%3A5000006400%7C5374%3ATech%7C5079%3A5000006413,980.0,61.25
2026-04-07 19:15:20,"Anpviz 8MP 4K PoE IP Camera, Wired Outdoor  Security Cam with Color Night Vision",37.99,54.27,Free shipping,https://www.ebay.com/itm/127512886447?_trkparms=5373%3A5000006400%7C5374%3ATech%7C5079%3A5000006413,16.28,30.0
2026-04-07 19:15:21,Apple iPhone 17 Pro 256GB Unlocked Very Good All Colors,954.99,1299.99,Free shipping,https://www.ebay.com/itm/127693872113?_trkparms=5373%3A5000006400%7C5374%3ATech%7C5079%3A5000006411,345.0,26.54
2026-04-08 16:19:39,JBL Bar 500MK2 750W Peak 5.1-Ch Dolby Atmos Soundbar w/ Wireless Subwoofer,367.0,649.95,Free shipping,https://www.ebay.com/itm/187656775430?_trkparms=5373%3A5000006400%7C5374%3ATech%7C5079%3A5000006400,282.95000000000005,43.53
2026-04-08 16:19:39,Hisense R652 5.1 Ch Soundbar with Subwoofer & Rear Surround Speakers 440W Dolby,87.2,103.77,Free shipping,https://www.ebay.com/itm/306492922628?_trkparms=5373%3A5000006400%7C5374%3ATech%7C5079%3A5000006400,16.569999999999993,15.97
2026-04-08 16:19:39,"Apple iPad Air 10.9"" 4th Gen, 64GB, Wi-Fi - Gray - Very Good - 1 YEAR WARRANTY",239.85,699.0,Free shipping,https://www.ebay.com/itm/184843233675?_trkparms=5373%3A5000006400%7C5374%3ATech%7C5079%3A5000006400,459.15,65.69
2026-04-08 16:19:39,Apple iPhone 17 Pro 512GB Unlocked Very Good All Colors,1143.99,1399.99,Free shipping,https://www.ebay.com/itm/127693908303?_trkparms=5373%3A5000006400%7C5374%3ATech%7C5079%3A5000006400,256.0,18.29
2026-04-08 16:19:40,"Acer Nitro V 15.6"" Laptop i5-13420H 16GB RAM 512GB SSD RTX 5050 8GB Refurbished",650.99,898.99,Free shipping,https://www.ebay.com/itm/257313224756?_trkparms=5373%3A5000006400%7C5374%3ATech%7C5079%3A5000006400,248.0,27.59
2026-04-08 16:19:40,Arlo VMS5340-100NAR Ultra 4K UHD WiFi 3 Camera System Certified Refurbished,199.99,879.99,Free shipping,https://www.ebay.com/itm/133805012612?_trkparms=5373%3A5000006400%7C5374%3ATech%7C5079%3A5000006400,680.0,77.27
2026-04-08 19:27:05,"JBL Tune 510BT, Wireless on-ear headphones",19.46,37.46,Free shipping,https://www.ebay.com/itm/204884851600?_trkparms=5373%3A5000006400%7C5374%3ATech%7C5079%3A5000006403,18.0,48.05
2026-04-08 21:51:23,"HP EliteBook 8 G1i 14"" 2.5K Intel Ultra 7 255U 16GB RAM 512GB SSD W11P Laptop SL",759.05,799.0,Shipping info unavailable,https://www.ebay.com/itm/377074592194?_trkparms=5373%3A5000006400%7C5374%3ATech%7C5079%3A5000006400,39.950000000000045,5.0
2026-04-08 21:51:23,"HP EliteBook 8 G1i 14"" WUXGA Intel Ultra 7 265U 16GB DDR5 512GB SSD W11P Laptop",777.1,818.0,Shipping info unavailable,https://www.ebay.com/itm/377074591132?_trkparms=5373%3A5000006400%7C5374%3ATech%7C5079%3A5000006400,40.89999999999998,5.0
2026-04-08 21:51:23,"HP EliteBook 8 G1i 16"" Touch Intel Ultra 7 255U 16GB 512GB SSD W11P Laptop SL",750.5,790.0,Shipping info unavailable,https://www.ebay.com/itm/377074592255?_trkparms=5373%3A5000006400%7C5374%3ATech%7C5079%3A5000006400,39.5,5.0
2026-04-08 21:51:23,"HP EliteBook 6 G1i 13.3"" WUXGA Intel Ultra 5 235U 16GB RAM 256GB SSD W11P Laptop",573.8,604.0,Shipping info unavailable,https://www.ebay.com/itm/377074601980?_trkparms=5373%3A5000006400%7C5374%3ATech%7C5079%3A5000006400,30.200000000000045,5.0
2026-04-08 21:51:23,"HP EliteBook 6 G1i 14"" WUXGA Touch Intel Ultra 5 235U 16GB 512GB SSD W11P Laptop",582.35,959.99,Shipping info unavailable,https://www.ebay.com/itm/377029874800?_trkparms=5373%3A5000006400%7C5374%3ATech%7C5079%3A5000006400,377.64,39.34
2026-04-08 21:51:23,"HP EliteBook 6 G1i 14"" Touch Intel Ultra 5 235U 16GB DDR5 256GB SSD W11P Laptop",608.95,641.0,Shipping info unavailable,https://www.ebay.com/itm/377074602138?_trkparms=5373%3A5000006400%7C5374%3ATech%7C5079%3A5000006400,32.049999999999955,5.0
2026-04-08 21:51:23,"HP EliteBook 6 G1i 14"" WUXGA Touch Intel Ultra 5 235H 16GB 256GB SSD W11P Laptop",573.8,1149.99,Shipping info unavailable,https://www.ebay.com/itm/168228068573?_trkparms=5373%3A5000006400%7C5374%3ATech%7C5079%3A5000006400,576.19,50.1
2026-04-08 21:51:23,"HP EliteBook 6 G1i 14"" WUXGA Intel Ultra 5 235H 16GB DDR5 512GB SSD W11P Laptop",591.85,623.0,Shipping info unavailable,https://www.ebay.com/itm/377074602051?_trkparms=5373%3A5000006400%7C5374%3ATech%7C5079%3A5000006400,31.149999999999977,5.0
2026-04-08 21:51:23,"HP EliteBook 6 G1i 14"" WUXGA Touch Intel Ultra 7 265U 16GB 1TB SSD W11P Laptop",1007.0,1499.99,Shipping info unavailable,https://www.ebay.com/itm/377029822279?_trkparms=5373%3A5000006400%7C5374%3ATech%7C5079%3A5000006400,492.99,32.87
2026-04-08 21:51:23,"HP EliteBook 6 G1i 14"" WUXGA Touch Intel Ultra 7 265U 16GB 512GB SSD W11P Laptop",970.9,1399.99,Shipping info unavailable,https://www.ebay.com/itm/168228033602?_trkparms=5373%3A5000006400%7C5374%3ATech%7C5079%3A5000006400,429.09000000000003,30.65
2026-04-08 21:51:24,"HP EliteBook 6 G1i 14"" WUXGA Intel Ultra 7 265U 16GB 512GB SSD W11P Laptop SL",856.9,902.0,Shipping info unavailable,https://www.ebay.com/itm/168274596260?_trkparms=5373%3A5000006400%7C5374%3ATech%7C5079%3A5000006400,45.10000000000002,5.0
2026-04-08 21:51:24,"HP EliteBook 6 G1i 14.0"" WUXGA Touch Intel Ultra 7 265U 64GB 1TB SSD W11P Laptop",1147.6,1599.99,Shipping info unavailable,https://www.ebay.com/itm/377029822358?_trkparms=5373%3A5000006400%7C5374%3ATech%7C5079%3A5000006400,452.3900000000001,28.27
2026-04-08 21:51:24,"HP EliteBook 6 G1i 16.0"" WUXGA Intel Ultra 7 255U 16GB 512GB SSD W11P Laptop SL",794.2,1199.99,Shipping info unavailable,https://www.ebay.com/itm/168222037798?_trkparms=5373%3A5000006400%7C5374%3ATech%7C5079%3A5000006400,405.78999999999996,33.82
2026-04-08 21:51:24,"HP EliteBook 6 G1i 16"" WUXGA IPS Intel Ultra 7 255U 32GB 1TB SSD W11P Laptop SL",1059.25,1499.99,Shipping info unavailable,https://www.ebay.com/itm/168222037826?_trkparms=5373%3A5000006400%7C5374%3ATech%7C5079%3A5000006400,440.74,29.38
2026-04-08 21:51:24,"HP EliteBook 6 G1i 16"" WUXGA Intel Core Ultra 7 255U 32GB 1TB SSD W11P Laptop SL",1059.25,1115.0,Shipping info unavailable,https://www.ebay.com/itm/168274010097?_trkparms=5373%3A5000006400%7C5374%3ATech%7C5079%3A5000006400,55.75,5.0
2026-04-08 21:51:24,"HP EliteBook 6 G1i 16"" WUXGA Touch Intel Ultra 7 265U 16GB 512GB SSD W11P Laptop",929.0,1299.99,Shipping info unavailable,https://www.ebay.com/itm/377024313853?_trkparms=5373%3A5000006400%7C5374%3ATech%7C5079%3A5000006400,370.99,28.54
2026-04-08 21:51:24,"HP EliteBook 6 G1i 16"" WUXGA Touch Intel Ultra 7 265U 16GB 512GB SSD W11P Laptop",847.4,892.0,Shipping info unavailable,https://www.ebay.com/itm/377074019423?_trkparms=5373%3A5000006400%7C5374%3ATech%7C5079%3A5000006400,44.60000000000002,5.0
2026-04-08 21:51:24,"HP EliteBook 6 G1i 16"" WUXGA Touch Intel Ultra 7 265U 16GB 512GB SSD W11P Laptop",794.2,836.0,Shipping info unavailable,https://www.ebay.com/itm/168274596496?_trkparms=5373%3A5000006400%7C5374%3ATech%7C5079%3A5000006400,41.799999999999955,5.0
2026-04-08 21:51:24,"HP 14-em0000 14"" FHD IPS AMD Ryzen 5 7530U 2.0 GHz 8GB RAM 256GB SSD W11P Laptop",282.15,297.0,Shipping info unavailable,https://www.ebay.com/itm/168274603167?_trkparms=5373%3A5000006400%7C5374%3ATech%7C5079%3A5000006400,14.850000000000023,5.0
2026-04-08 21:51:25,"HP EliteBook 8 G1a 14"" WUXGA AMD Ryzen AI 7 PRO 350 32GB 512GB SSD W11P Laptop",794.2,836.0,Shipping info unavailable,https://www.ebay.com/itm/168274603284?_trkparms=5373%3A5000006400%7C5374%3ATech%7C5079%3A5000006400,41.799999999999955,5.0
2026-04-08 21:51:25,"HP EliteBook 8 G1a 14"" WUXGA AMD Ryzen 7 250 32GB DDR5 256GB SSD W11P Laptop SL",705.85,1099.99,Shipping info unavailable,https://www.ebay.com/itm/168228022678?_trkparms=5373%3A5000006400%7C5374%3ATech%7C5079%3A5000006400,394.14,35.83
2026-04-08 21:51:25,"HP EliteBook 8 G1a 14"" WUXGA AMD Ryzen 7 PRO 250 32GB DDR5 512GB SSD W11P Laptop",794.2,1199.99,Shipping info unavailable,https://www.ebay.com/itm/168228033839?_trkparms=5373%3A5000006400%7C5374%3ATech%7C5079%3A5000006400,405.78999999999996,33.82
2026-04-08 21:51:25,"HP EliteBook 8 G1a 14.0"" WUXGA AMD Ryzen 7 PRO 250 32GB 256GB SSD W11P Laptop SL",768.55,809.0,Shipping info unavailable,https://www.ebay.com/itm/168274603365?_trkparms=5373%3A5000006400%7C5374%3ATech%7C5079%3A5000006400,40.450000000000045,5.0
2026-04-08 21:51:25,"HP EliteBook 8 G1a 14.0"" Touch AMD Ryzen 7 PRO 250 32GB 512GB SSD W11P Laptop SL",820.8,864.0,Shipping info unavailable,https://www.ebay.com/itm/377074609078?_trkparms=5373%3A5000006400%7C5374%3ATech%7C5079%3A5000006400,43.200000000000045,5.0
2026-04-08 21:51:25,"HP EliteBook 6 G1ah 14"" WUXGA IPS AMD Ryzen 5 220 32GB 256GB SSD W11P Laptop SL",653.6,1049.99,Shipping info unavailable,https://www.ebay.com/itm/377032728439?_trkparms=5373%3A5000006400%7C5374%3ATech%7C5079%3A5000006400,396.39,37.75
2026-04-08 21:51:25,"HP EliteBook 6 G1ah 14"" WUXGA IPS AMD Ryzen 5 220 32GB DDR5 1TB SSD W11P Laptop",617.5,650.0,Shipping info unavailable,https://www.ebay.com/itm/168274603191?_trkparms=5373%3A5000006400%7C5374%3ATech%7C5079%3A5000006400,32.5,5.0
2026-04-08 21:51:25,"HP EliteBook 660 G11 16"" WUXGA Intel Ultra 5 135U 16GB  512GB SSD W11P Laptop SL",573.8,604.0,Shipping info unavailable,https://www.ebay.com/itm/377074019341?_trkparms=5373%3A5000006400%7C5374%3ATech%7C5079%3A5000006400,30.200000000000045,5.0
2026-04-08 21:51:25,"HP EliteBook 8 G1i 14"" WUXGA Intel Ultra 7 268V 32GB 512GB SSD W11P Laptop SL",820.8,864.0,Shipping info unavailable,https://www.ebay.com/itm/168274603143?_trkparms=5373%3A5000006400%7C5374%3ATech%7C5079%3A5000006400,43.200000000000045,5.0
2026-04-08 21:51:26,"HP EliteBook Ultra G1q8 14"" Touch Snapdragon X Plus X1P-42-100 16GB 512GBSSD W11",529.15,899.99,Shipping info unavailable,https://www.ebay.com/itm/168228068779?_trkparms=5373%3A5000006400%7C5374%3ATech%7C5079%3A5000006400,370.84000000000003,41.2
2026-04-08 21:51:26,"HP EliteBook 6 G1a 14"" WUXGA AMD Ryzen AI 7 PRO 350 32GB 512GB SSD W11P Laptop",794.2,836.0,Shipping info unavailable,https://www.ebay.com/itm/377074616553?_trkparms=5373%3A5000006400%7C5374%3ATech%7C5079%3A5000006400,41.799999999999955,5.0
2026-04-08 21:51:31,Acer D501 - ADK020 USB Type-C Dock Station RJ45 connector,104.62,299.99,Free shipping,https://www.ebay.com/itm/256483282450?_trkparms=5373%3A5000006400%7C5374%3ATech%7C5079%3A5000006427,195.37,65.13
2026-04-08 21:51:31,Acer USB 3.0 Dock II - U301 Docking Station HDMI RJ-45 Headphone,58.58,129.99,Free shipping,https://www.ebay.com/itm/275343494303?_trkparms=5373%3A5000006400%7C5374%3ATech%7C5079%3A5000006427,71.41000000000001,54.93
2026-04-08 21:51:32,Acer 65W Adapter with Power Cord,18.59,29.99,Free shipping,https://www.ebay.com/itm/266151308350?_trkparms=5373%3A5000006400%7C5374%3ATech%7C5079%3A5000006427,11.399999999999999,38.01
2026-04-08 21:51:32,Acer M501 - Dock Station 3.1 USB Type-C 4096x2160 Resolution HDMI DisplayPort,115.31,239.99,Free shipping,https://www.ebay.com/itm/256491677037?_trkparms=5373%3A5000006400%7C5374%3ATech%7C5079%3A5000006427,124.68,51.95
2026-04-09 16:22:00,Apple iPad 11-inch  (A16) A3355 128GB Wi-Fi +5G Cellular- Unlocked - Excellent,332.49,499.0,Shipping info unavailable,https://www.ebay.com/itm/167717241246?_trkparms=5373%3A5000006400%7C5374%3ATech%7C5079%3A5000006400,166.51,33.37
2026-04-09 16:22:00,Samsung Galaxy Z Fold 6 5G US Version F956U - 512GB  (Unlocked) - Excellent,622.24,1999.99,Shipping info unavailable,https://www.ebay.com/itm/157738060011?_trkparms=5373%3A5000006400%7C5374%3ATech%7C5079%3A5000006400,1377.75,68.89
2026-04-09 16:22:00,Samsung Galaxy Z Fold 6 5G US Version F956U - 512GB  (Unlocked) - Good,612.74,1999.99,Shipping info unavailable,https://www.ebay.com/itm/168230534707?_trkparms=5373%3A5000006400%7C5374%3ATech%7C5079%3A5000006400,1387.25,69.36
2026-04-09 16:22:00,Apple iPhone 16e 128GB Unlocked Good Condition,368.0,501.0,Shipping info unavailable,https://www.ebay.com/itm/227235154705?_trkparms=5373%3A5000006400%7C5374%3ATech%7C5079%3A5000006400,133.0,26.55
2026-04-09 16:22:00,Samsung Galaxy Z Fold 6 5G US Version F956U - 512GB  (Unlocked) - Very Good,617.49,1999.99,Shipping info unavailable,https://www.ebay.com/itm/168230534685?_trkparms=5373%3A5000006400%7C5374%3ATech%7C5079%3A5000006400,1382.5,69.13
2026-04-09 16:22:00,Apple iPhone 16e 128GB Unlocked Excellent Condition,386.0,529.0,Shipping info unavailable,https://www.ebay.com/itm/227273246661?_trkparms=5373%3A5000006400%7C5374%3ATech%7C5079%3A5000006400,143.0,27.03
2026-04-09 16:22:00,Apple iPhone 16e 128GB Unlocked Very Good Condition,377.0,515.0,Shipping info unavailable,https://www.ebay.com/itm/226982908921?_trkparms=5373%3A5000006400%7C5374%3ATech%7C5079%3A5000006400,138.0,26.8
2026-04-09 16:22:04,Apple iPhone 16 Pro Max A3084 (Fully Unlocked) 512GB Desert Titanium (Excellent),823.99,1500.0,Free shipping,https://www.ebay.com/itm/287105055547?_trkparms=5373%3A5000006400%7C5374%3ATech%7C5079%3A5000006400,676.01,45.07
2026-04-09 19:18:34,Apple AirPods Pro 2 Active Noise Cancelling Earbuds w/ Hearing Aid Feature White,109.99,249.99,Free shipping,https://www.ebay.com/itm/396232767039?_trkparms=5373%3A5000006400%7C5374%3ATech%7C5079%3A5000006400,140.0,56.0
2026-04-09 19:18:35,"Lenovo Legion Go 2 Handheld Gaming PC AMD Ryzen Z2 32GB RAM 1TB SSD 8.8"" OLED",1299.0,1299.0,Free shipping,https://www.ebay.com/itm/236631062029?_trkparms=5373%3A5000006400%7C5374%3ATech%7C5079%3A5000006400,0.0,0.0
2026-04-09 19:18:36,JBL Bar 500MK2 750W Peak 5.1-Ch Dolby Atmos Soundbar w/ Wireless Subwoofer,367.0,649.95,Free shipping,https://www.ebay.com/itm/187656775430?_trkparms=5373%3A5000006400%7C5374%3ATech%7C5079%3A5000006409,282.95000000000005,43.53
2026-04-09 19:18:37,"Apple iPad Air 10.9"" 4th Gen, 64GB, Wi-Fi - Gray - Very Good - 1 YEAR WARRANTY",239.85,699.0,Free shipping,https://www.ebay.com/itm/184843233675?_trkparms=5373%3A5000006400%7C5374%3ATech%7C5079%3A5000006415,459.15,65.69
2026-04-09 19:18:40,JBL Bar 500MK2 750W Peak 5.1-Ch Dolby Atmos Soundbar w/ Wireless Subwoofer,367.0,649.95,Free shipping,https://www.ebay.com/itm/187656775430?_trkparms=5373%3A5000006400%7C5374%3ATech%7C5079%3A5000006413,282.95000000000005,43.53
2026-04-10 16:00:58,"Refurbished Ray-Ban Meta Wayfarer (Gen 1), Matte Black / Gradient Graphite Polar",263.0,329.0,Free shipping,https://www.ebay.com/itm/406015557587?_trkparms=5373%3A5000006400%7C5374%3ATech%7C5079%3A5000006400,66.0,20.06
2026-04-10 16:00:58,1TB WD Green SN3000 NVMe SSD (Recertified) - A196-WDS100T4G0E,122.99,122.99,Free shipping,https://www.ebay.com/itm/287245300272?_trkparms=5373%3A5000006400%7C5374%3ATech%7C5079%3A5000006400,0.0,0.0
2026-04-10 16:01:01,Apple iPhone SE 2nd Gen 256GB - Unlocked - BLACK,150.0,150.0,Free shipping,https://www.ebay.com/itm/389775443654?_trkparms=5373%3A5000006400%7C5374%3ATech%7C5079%3A5000006400,0.0,0.0
2026-04-10 16:01:01,"Dell Latitude 5520 15.6"", 16GB 512GB SSD, i7-1185G7 4.4GHz, Windows 11 Pro",425.52,425.52,Free shipping,https://www.ebay.com/itm/389356286677?_trkparms=5373%3A5000006400%7C5374%3ATech%7C5079%3A5000006400,0.0,0.0
2026-04-10 16:01:01,"Acer Nitro KG270 P6bi 27"" Gaming Monitor Full HD 1920 x 1080 IPS 144Hz 1ms",74.39,199.99,Free shipping,https://www.ebay.com/itm/277623093445?_trkparms=5373%3A5000006400%7C5374%3ATech%7C5079%3A5000006400,125.60000000000001,62.8
2026-04-10 16:01:01,"Apple iPhone 17 Pro, US Version - 256GB - E -SIM - Unlocked - Excellent",1089.99,1089.99,Free shipping,https://www.ebay.com/itm/168174191234?_trkparms=5373%3A5000006400%7C5374%3ATech%7C5079%3A5000006400,0.0,0.0
2026-04-10 16:01:01,Samsung Galaxy S25+ Plus 256GB SM-S936U1 Factory Unlocked US Version - Navy,749.99,899.99,Free shipping,https://www.ebay.com/itm/227250293821?_trkparms=5373%3A5000006400%7C5374%3ATech%7C5079%3A5000006400,150.0,16.67
2026-04-10 16:01:02,2TB WD_BLACK SN770 NVMe SSD (Recertified) - A196-WDBBDL0020BNC,372.99,372.99,Free shipping,https://www.ebay.com/itm/287245300286?_trkparms=5373%3A5000006400%7C5374%3ATech%7C5079%3A5000006400,0.0,0.0
2026-04-10 16:01:02,Samsung The Freestyle Projector 2nd Gen with Gaming Hub - SP-LFF3CLAXXZA,289.0,899.99,Free shipping,https://www.ebay.com/itm/335592840277?_trkparms=5373%3A5000006400%7C5374%3ATech%7C5079%3A5000006400,610.99,67.89
2026-04-10 16:01:02,"Acer Aspire 14"" AI Copilot+PC Laptop Core Ultra 5 226V Gen 4 ARC 16GB 1TB Refurb",459.99,799.99,Free shipping,https://www.ebay.com/itm/257213743386?_trkparms=5373%3A5000006400%7C5374%3ATech%7C5079%3A5000006400,340.0,42.5
2026-04-10 16:01:05,1TB WD Green SN3000 NVMe SSD (Recertified) - A196-WDS100T4G0E,122.99,122.99,Free shipping,https://www.ebay.com/itm/287245300272?_trkparms=5373%3A5000006400%7C5374%3ATech%7C5079%3A5000006421,0.0,0.0
2026-04-10 16:01:07,Samsung Q990F 11.1.4ch Q Series Soundbar Wireless Dolby Atmos,879.99,879.99,Free shipping,https://www.ebay.com/itm/306378300516?_trkparms=5373%3A5000006400%7C5374%3ATech%7C5079%3A5000006413,0.0,0.0
2026-04-10 19:04:08,"JLab JBuds Lux Active Noise Cancelling Bluetooth Headphones, (Refurbished)",49.49,54.99,Shipping info unavailable,https://www.ebay.com/itm/235918853472?_trkparms=5373%3A5000006400%7C5374%3ATech%7C5079%3A5000006400,5.5,10.0
2026-04-10 19:04:08,"Apple iPad 9th Gen 10.2"" 64GB Wi-Fi Only Silver • MK2L3LL/A Very Good Condition",159.0,159.0,Free shipping,https://www.ebay.com/itm/306671246538?_trkparms=5373%3A5000006400%7C5374%3ATech%7C5079%3A5000006400,0.0,0.0
2026-04-10 19:04:08,"Dell Pro Max 16"" MC16250 FHD+ 2.2GHz Ultra 7 265H 32GB RAM 512GB SSD • Excellent",1249.0,1249.0,Free shipping,https://www.ebay.com/itm/298206390305?_trkparms=5373%3A5000006400%7C5374%3ATech%7C5079%3A5000006400,0.0,0.0
2026-04-10 19:04:08,"Apple iPad Pro 11"" M4 (2024) 256GB Wi-Fi Cell Standard Space Black • Excellent",749.0,749.0,Free shipping,https://www.ebay.com/itm/127795377932?_trkparms=5373%3A5000006400%7C5374%3ATech%7C5079%3A5000006400,0.0,0.0
2026-04-10 19:04:08,Apple iPhone 16 Pro 128GB Desert Titanium MYMC3LL/A Fully Unlocked • Good,599.0,599.0,Free shipping,https://www.ebay.com/itm/306867239124?_trkparms=5373%3A5000006400%7C5374%3ATech%7C5079%3A5000006400,0.0,0.0
2026-04-10 19:04:08,"JLab Go Tones+ Bluetooth Earbuds, True Wireless, In-Ear Headphones, Refurbished",18.89,20.99,Shipping info unavailable,https://www.ebay.com/itm/235927161795?_trkparms=5373%3A5000006400%7C5374%3ATech%7C5079%3A5000006400,2.099999999999998,10.0
2026-04-10 19:04:08,"JLab Epic Lab Edition Hybrid ANC True Wireless Bluetooth Earbuds, Refurbished",142.49,149.99,Shipping info unavailable,https://www.ebay.com/itm/235925610690?_trkparms=5373%3A5000006400%7C5374%3ATech%7C5079%3A5000006400,7.5,5.0
2026-04-10 19:04:08,"HP 15-FD0153WM 15.6"" FHD i5-1334U 1.3GHz Intel Iris Xe 8GB RAM 512GB • Good Cond",279.0,279.0,Free shipping,https://www.ebay.com/itm/127797324789?_trkparms=5373%3A5000006400%7C5374%3ATech%7C5079%3A5000006400,0.0,0.0
2026-04-10 19:04:09,"Apple MacBook Air 13"" 2018 1.6GHz Intel i5 8GB RAM 512GB SSD A1932 • Good Cond.",279.0,279.0,Free shipping,https://www.ebay.com/itm/127799010120?_trkparms=5373%3A5000006400%7C5374%3ATech%7C5079%3A5000006400,0.0,0.0
2026-04-10 19:04:09,"Apple MacBook Pro 16"" M2 Pro 19-Core GPU A2780 16GB RAM 1TB SSD 2023 Gray • Good",1159.0,1159.0,Free shipping,https://www.ebay.com/itm/297436985388?_trkparms=5373%3A5000006400%7C5374%3ATech%7C5079%3A5000006400,0.0,0.0
2026-04-10 19:04:09,Apple iPhone XS 256GB Gray Fully Unlocked A1920 MT8X2LL/A • Excellent Condition,129.0,129.0,Free shipping,https://www.ebay.com/itm/127716282925?_trkparms=5373%3A5000006400%7C5374%3ATech%7C5079%3A5000006400,0.0,0.0
2026-04-10 19:04:09,Apple MacBook Air 13” 2020 A2337 M1 7-Core GPU 16GB RAM 256GB SSD Silver • Good,399.0,399.0,Free shipping,https://www.ebay.com/itm/297202318897?_trkparms=5373%3A5000006400%7C5374%3ATech%7C5079%3A5000006400,0.0,0.0
2026-04-10 19:04:09,"Dell Latitude 5520 i5 15.6"" Touchscreen Laptop 16GB 512GB SSD Win 11 Pro",349.99,349.99,Free shipping,https://www.ebay.com/itm/336517253224?_trkparms=5373%3A5000006400%7C5374%3ATech%7C5079%3A5000006400,0.0,0.0
2026-04-10 19:04:09,"JLab Go POP+ True Wireless Bluetooth Earbuds, In-Ear Headphones, Refurbished",18.89,20.99,Shipping info unavailable,https://www.ebay.com/itm/335251351456?_trkparms=5373%3A5000006400%7C5374%3ATech%7C5079%3A5000006400,2.099999999999998,10.0
2026-04-10 19:04:09,"Dell Latitude 5520 15.6"" FHD Touchscreen i5 11th Gen Laptop | NVMe SSD | Win 11",279.99,279.99,Free shipping,https://www.ebay.com/itm/336517068098?_trkparms=5373%3A5000006400%7C5374%3ATech%7C5079%3A5000006400,0.0,0.0
2026-04-10 19:04:10,"JLab GO Sport+ Bluetooth Earbuds, True Wireless, Gym Headphones, Refurbished",23.74,24.99,Shipping info unavailable,https://www.ebay.com/itm/335251374010?_trkparms=5373%3A5000006400%7C5374%3ATech%7C5079%3A5000006400,1.25,5.0
2026-04-10 19:04:10,"Dell Latitude 7490 i7 14"" FHD Laptop 16GB 512GB SSD Win 11 Pro",319.99,319.99,Free shipping,https://www.ebay.com/itm/334384327563?_trkparms=5373%3A5000006400%7C5374%3ATech%7C5079%3A5000006400,0.0,0.0
2026-04-10 19:04:10,"Dell 15.6"" FHD i7 Workstation Laptop | NVIDIA GPU | NVMe SSD | Win 11",349.99,349.99,Free shipping,https://www.ebay.com/itm/335333304416?_trkparms=5373%3A5000006400%7C5374%3ATech%7C5079%3A5000006400,0.0,0.0
2026-04-10 19:04:10,"Dell Latitude 5590 15.6"" FHD i7 Business Laptop | NVMe SSD | Win 11",279.99,279.99,Free shipping,https://www.ebay.com/itm/335333243508?_trkparms=5373%3A5000006400%7C5374%3ATech%7C5079%3A5000006400,0.0,0.0
2026-04-10 19:04:10,"Dell Latitude 5320 13"" Touchscreen i7 11th Gen | 4G LTE | SSD | Win 11",379.99,379.99,Free shipping,https://www.ebay.com/itm/336515442418?_trkparms=5373%3A5000006400%7C5374%3ATech%7C5079%3A5000006400,0.0,0.0
2026-04-10 19:04:10,"Dell Latitude 5320 i7 13.3"" FHD Touchscreen | 4G LTE | 16GB 256GB SSD Win 11 Pro",379.99,379.99,Free shipping,https://www.ebay.com/itm/336519144740?_trkparms=5373%3A5000006400%7C5374%3ATech%7C5079%3A5000006400,0.0,0.0
2026-04-10 19:04:10,"Dell Precision 5540 15.6"" FHD i7 Workstation | NVIDIA Quadro | NVMe SSD | Win 11",319.99,319.99,Free shipping,https://www.ebay.com/itm/336509450685?_trkparms=5373%3A5000006400%7C5374%3ATech%7C5079%3A5000006400,0.0,0.0
2026-04-10 19:04:11,"Dell Laptop 15.6"" FHD Touchscreen i5 11th Gen | NVMe SSD | Win 11",279.99,279.99,Free shipping,https://www.ebay.com/itm/335720448847?_trkparms=5373%3A5000006400%7C5374%3ATech%7C5079%3A5000006400,0.0,0.0
2026-04-10 19:04:11,"Dell Latitude 7490 i7 14"" FHD Laptop 8GB 256GB SSD Win 11 Home",249.99,249.99,Free shipping,https://www.ebay.com/itm/334480137378?_trkparms=5373%3A5000006400%7C5374%3ATech%7C5079%3A5000006400,0.0,0.0
2026-04-10 19:04:11,"Dell Latitude 5520 15.6"" FHD Touchscreen i5 11th Gen Laptop | NVMe SSD | Win 11",259.99,259.99,Free shipping,https://www.ebay.com/itm/335353706306?_trkparms=5373%3A5000006400%7C5374%3ATech%7C5079%3A5000006400,0.0,0.0
2026-04-10 19:04:11,"Dell Latitude 7490 14"" FHD i7 Laptop | NVMe SSD | Win 11",229.99,229.99,Free shipping,https://www.ebay.com/itm/336429989177?_trkparms=5373%3A5000006400%7C5374%3ATech%7C5079%3A5000006400,0.0,0.0
2026-04-10 19:04:11,"Dell Precision 5540 i7 15.6"" FHD Workstation | NVIDIA GPU | 16GB 512GB SSD Win11",399.99,399.99,Free shipping,https://www.ebay.com/itm/336519156458?_trkparms=5373%3A5000006400%7C5374%3ATech%7C5079%3A5000006400,0.0,0.0
2026-04-10 19:04:15,1TB WD_BLACK SN770 NVMe SSD (Recertified) - A196-WDBBDL0010BNC,188.99,188.99,Free shipping,https://www.ebay.com/itm/287245300283?_trkparms=5373%3A5000006400%7C5374%3ATech%7C5079%3A5000006421,0.0,0.0
2026-04-11 02:49:48,"Dell 14"" FHD i7 Business Laptop | NVMe SSD | Win 11",239.99,239.99,Free shipping,https://www.ebay.com/itm/335762770305?_trkparms=5373%3A5000006400%7C5374%3ATech%7C5079%3A5000006400,0.0,0.0
2026-04-11 02:49:48,"Dell Precision 5540 i7 15.6"" FHD Workstation | NVIDIA GPU | 8GB 256GB SSD Win 11",349.99,349.99,Free shipping,https://www.ebay.com/itm/336519433095?_trkparms=5373%3A5000006400%7C5374%3ATech%7C5079%3A5000006400,0.0,0.0
2026-04-11 02:49:48,"Dell 15.6"" NVIDIA Gaming Laptop - Intel Core i7 4.60GHz 32GB RAM 1TB SSD W11P",669.99,669.99,Free shipping,https://www.ebay.com/itm/335505237309?_trkparms=5373%3A5000006400%7C5374%3ATech%7C5079%3A5000006400,0.0,0.0
2026-04-11 13:13:49,"Dell Latitude 5590 14"" / 15.6"" FHD i7 Business Laptop | NVMe SSD | Win 11",239.99,239.99,Free shipping,https://www.ebay.com/itm/334703417715?_trkparms=5373%3A5000006400%7C5374%3ATech%7C5079%3A5000006400,0.0,0.0
2026-04-11 15:40:40,Refurbished Potensic ATOM 2 Drone 3-Axis Gimbal GPS FPV 4K Camera Under 249g,258.99,439.98,Shipping info unavailable,https://www.ebay.com/itm/286790941731?_trkparms=5373%3A5000006400%7C5374%3ATech%7C5079%3A5000006400,180.99,41.14
2026-04-11 15:40:40,1TB WD Blue SN5000 NVMe SSD (Recertified) - A196-WDS100T4B0E,174.99,174.99,Free shipping,https://www.ebay.com/itm/287245300280?_trkparms=5373%3A5000006400%7C5374%3ATech%7C5079%3A5000006400,0.0,0.0
2026-04-11 15:40:40,"Apple AirTag - White, 1-Pack - Loose Bulk Packaging - Data Wiped - Excellent",21.99,21.99,Free shipping,https://www.ebay.com/itm/165488313622?_trkparms=5373%3A5000006400%7C5374%3ATech%7C5079%3A5000006400,0.0,0.0
2026-04-11 15:40:44,"Apple MacBook Pro (14-inch, M1 Pro, 2021) 16GB RAM -512GB SSD - Good",649.0,1699.0,Free shipping,https://www.ebay.com/itm/366054102338?_trkparms=5373%3A5000006400%7C5374%3ATech%7C5079%3A5000006400,1050.0,61.8
2026-04-11 15:40:45,1TB WD_BLACK SN770 NVMe SSD (Recertified) - A196-WDBBDL0010BNC,188.99,188.99,Free shipping,https://www.ebay.com/itm/287245300283?_trkparms=5373%3A5000006400%7C5374%3ATech%7C5079%3A5000006400,0.0,0.0
2026-04-11 15:40:45,JBL PartyBox Stage 320 Illuminated LED Wireless Bluetooth Speaker - Black,387.95,387.95,Free shipping,https://www.ebay.com/itm/297978419004?_trkparms=5373%3A5000006400%7C5374%3ATech%7C5079%3A5000006400,0.0,0.0
2026-04-11 15:40:45,Apple iPhone 14 Pro Max 128GB Network Unlocked Excellent Condition,524.99,524.99,Free shipping,https://www.ebay.com/itm/356261055659?_trkparms=5373%3A5000006400%7C5374%3ATech%7C5079%3A5000006400,0.0,0.0
2026-04-11 15:40:48,1TB WD Blue SN5000 NVMe SSD (Recertified) - A196-WDS100T4B0E,174.99,174.99,Free shipping,https://www.ebay.com/itm/287245300280?_trkparms=5373%3A5000006400%7C5374%3ATech%7C5079%3A5000006421,0.0,0.0
2026-04-11 18:56:21,"Acer Nitro ED0 34"" UW-QHD Curved Gaming Monitor 3440x1440 200Hz 1ms Refurbished",171.11,449.99,Shipping info unavailable,https://www.ebay.com/itm/257255249841?_trkparms=5373%3A5000006400%7C5374%3ATech%7C5079%3A5000006400,278.88,61.97
2026-04-11 18:56:25,Samsung Galaxy S25+ Plus 256GB S936U1 US Version Factory Unlocked - Navy,684.99,900.0,Free shipping,https://www.ebay.com/itm/327053885430?_trkparms=5373%3A5000006400%7C5374%3ATech%7C5079%3A5000006400,215.01,23.89
2026-04-11 18:56:28,2TB WD_BLACK SN770 NVMe SSD (Recertified) - A196-WDBBDL0020BNC,372.99,372.99,Free shipping,https://www.ebay.com/itm/287245300286?_trkparms=5373%3A5000006400%7C5374%3ATech%7C5079%3A5000006421,0.0,0.0
2026-04-11 18:56:31,"Acer Nitro KG270 P6bi 27"" Gaming Monitor Full HD 1920 x 1080 IPS 144Hz 1ms",74.39,199.99,Free shipping,https://www.ebay.com/itm/277623093445?_trkparms=5373%3A5000006400%7C5374%3ATech%7C5079%3A5000006405,125.60000000000001,62.8
2026-04-12 19:00:23,Samsung The Freestyle Projector 2nd Gen with Gaming Hub - SP-LFF3CLAXXZA,289.0,899.99,Free shipping,https://www.ebay.com/itm/335592840277?_trkparms=5373%3A5000006400%7C5374%3ATech%7C5079%3A5000006409,610.99,67.89
2026-04-12 19:00:27,"Refurbished Ray-Ban Meta Wayfarer (Gen 1), Matte Black / Gradient Graphite Polar",197.0,263.0,Free shipping,https://www.ebay.com/itm/406015557587?_trkparms=5373%3A5000006400%7C5374%3ATech%7C5079%3A5000006413,66.0,25.1
2026-04-12 19:00:28,"JBL Tune 510BT, Wireless on-ear headphones",19.46,37.46,Free shipping,https://www.ebay.com/itm/204884851600?_trkparms=5373%3A5000006400%7C5374%3ATech%7C5079%3A5000006413,18.0,48.05
2026-04-13 08:14:35,Samsung The Freestyle Projector 2nd Gen with Gaming Hub - SP-LFF3CLAXXZA,289.0,899.99,Free shipping,https://www.ebay.com/itm/335592840277?_trkparms=5373%3A5000006400%7C5374%3ATech%7C5079%3A5000006413,610.99,67.89
2026-04-13 16:19:41,36V 100Ah Lithium Golf Cart Battery with 25A Charger BluetoothTrolling Motor RV,619.99,619.99,Free shipping,https://www.ebay.com/itm/146310617553?_trkparms=5373%3A5000006400%7C5374%3ATech%7C5079%3A5000006400,0.0,0.0
2026-04-13 16:19:42,DCHOUSE 48V 100Ah Lithium Golf Cart Battery + 48V 18A Charger Trolling Motor RV,839.99,839.99,Free shipping,https://www.ebay.com/itm/146069772228?_trkparms=5373%3A5000006400%7C5374%3ATech%7C5079%3A5000006400,0.0,0.0
2026-04-13 16:19:42,ECO-WORTHY 5120Wh 48V 100AH Cubix 100 LiFePO4 Lithium Battery UL1973 & UL9540A,819.99,1024.99,Free shipping,https://www.ebay.com/itm/126715493848?_trkparms=5373%3A5000006400%7C5374%3ATech%7C5079%3A5000006400,205.0,20.0
2026-04-13 16:19:42,"ASUS - Zenbook 14 14"" FHD+ OLED Touch Screen Laptop - Intel Core Ultra 7 - 16...",999.99,999.99,Free shipping,https://www.ebay.com/itm/198249941234?_trkparms=5373%3A5000006400%7C5374%3ATech%7C5079%3A5000006400,0.0,0.0
2026-04-13 16:19:43,"HP - Victus 15.6"" 144Hz Full HD Gaming Laptop - AMD Ryzen 7 7445HS 2023 - 16G...",1009.99,1009.99,Free shipping,https://www.ebay.com/itm/197526475368?_trkparms=5373%3A5000006400%7C5374%3ATech%7C5079%3A5000006400,0.0,0.0
2026-04-13 16:19:43,"Lenovo LOQ-E 15.6"" Ryzen 7 7735HS 16GB DDR5 512GB SSD NVIDIA GeForce RTX 4050",899.99,899.99,Free shipping,https://www.ebay.com/itm/127308419216?_trkparms=5373%3A5000006400%7C5374%3ATech%7C5079%3A5000006400,0.0,0.0
2026-04-13 16:19:44,48V 100Ah LiFePO4 Golf Cart Battery Sturdy Metal Case Club Car with 18A Charger,959.99,959.99,Free shipping,https://www.ebay.com/itm/146087940367?_trkparms=5373%3A5000006400%7C5374%3ATech%7C5079%3A5000006400,0.0,0.0
2026-04-13 16:19:45,SuperBOX S6 Max 4GB RAM 64GB ROM - Free Shipping - Authorized Dealer,296.1,296.1,Free shipping,https://www.ebay.com/itm/406591932449?_trkparms=5373%3A5000006400%7C5374%3ATech%7C5079%3A5000006400,0.0,0.0
2026-04-13 16:19:46,1TB WD Green SN350 NVMe SSD (Recertified) - A196-WDS100T3G0C,172.99,172.99,Free shipping,https://www.ebay.com/itm/287245300279?_trkparms=5373%3A5000006400%7C5374%3ATech%7C5079%3A5000006400,0.0,0.0
2026-04-13 16:19:46,Apple iPhone 14 Pro Max 128GB Unlocked - Good,405.99,405.99,Free shipping,https://www.ebay.com/itm/257062620069?_trkparms=5373%3A5000006400%7C5374%3ATech%7C5079%3A5000006423,0.0,0.0
2026-04-13 16:19:46,Apple iPhone 17 Pro 256GB Unlocked Good All Colors,934.99,934.99,Free shipping,https://www.ebay.com/itm/127693879565?_trkparms=5373%3A5000006400%7C5374%3ATech%7C5079%3A5000006423,0.0,0.0
2026-04-13 16:19:47,Canon EOS R50 Mirrorless Camera + RF-S 18-45mm Lens - Compact - NEW,699.99,799.99,Free shipping,https://www.ebay.com/itm/204958745448?_trkparms=5373%3A5000006400%7C5374%3ATech%7C5079%3A5000006430,100.0,12.5
2026-04-13 16:19:48,Canon PowerShot ELPH 360 HS A Digital Camera (Black),419.0,419.0,Free shipping,https://www.ebay.com/itm/357997696607?_trkparms=5373%3A5000006400%7C5374%3ATech%7C5079%3A5000006430,0.0,0.0
2026-04-13 16:19:48,New Insta360 Ace Pro 2 Action Camera - Xplorer Bundle - Dual Battery - SEALED,429.0,429.0,Free shipping,https://www.ebay.com/itm/277752670133?_trkparms=5373%3A5000006400%7C5374%3ATech%7C5079%3A5000006430,0.0,0.0
2026-04-13 16:19:48,"Gaming Travel Case for Nintendo Switch 2, Sage Green",29.99,29.99,Free shipping,https://www.ebay.com/itm/127701925210?_trkparms=5373%3A5000006400%7C5374%3ATech%7C5079%3A5000006401,0.0,0.0
2026-04-13 16:19:48,"Gaming Charging Case 20W for Nintendo Switch 2, Charcoal",69.99,69.99,Free shipping,https://www.ebay.com/itm/127701925683?_trkparms=5373%3A5000006400%7C5374%3ATech%7C5079%3A5000006401,0.0,0.0
2026-04-13 16:19:49,Skullcandy Dime 2 True Wireless In-Ear Earbuds - Black  (Certified Refurbished),13.45,29.99,Free shipping,https://www.ebay.com/itm/374589232533?_trkparms=5373%3A5000006400%7C5374%3ATech%7C5079%3A5000006419,16.54,55.15
2026-04-13 16:19:49,Belkin Apple Certified MagSafe 3-in-1 Wireless Charger Stand iPhone Watch AirPod,60.0,149.99,Free shipping,https://www.ebay.com/itm/127462277783?_trkparms=5373%3A5000006400%7C5374%3ATech%7C5079%3A5000006419,89.99000000000001,60.0
2026-04-13 16:19:49,Seagate Exos X18 12TB 256MB 7200RPM 3.5in SATA6Gb/s Enterprise HDD ST12000NM000J,328.88,328.88,Free shipping,https://www.ebay.com/itm/156793471343?_trkparms=5373%3A5000006400%7C5374%3ATech%7C5079%3A5000006421,0.0,0.0
2026-04-13 16:19:50,Canon PIXMA TS6420a Wireless Inkjet All-In-One Color Printer Black,69.95,140.0,Free shipping,https://www.ebay.com/itm/326841744317?_trkparms=5373%3A5000006400%7C5374%3ATech%7C5079%3A5000006417,70.05,50.04
2026-04-13 16:19:50,"DNP Print Media for DS-RX1HS High Speed Dye Sub Printer - 4x6"" 700 Prints Per Ro",199.75,199.75,Free shipping,https://www.ebay.com/itm/336238124594?_trkparms=5373%3A5000006400%7C5374%3ATech%7C5079%3A5000006417,0.0,0.0
2026-04-13 16:19:50,"DNP DS620A Dye Sub Professional Photo Printer, Print Sizes: 2x6"" to 6x8""",995.0,995.0,Free shipping,https://www.ebay.com/itm/374900160241?_trkparms=5373%3A5000006400%7C5374%3ATech%7C5079%3A5000006417,0.0,0.0
2026-04-13 16:19:50,"DNP 2x 4x6"" Dye Sub Media for DS620A Printer, 400 Prints Per Roll, 2 Piece",234.48,234.48,Free shipping,https://www.ebay.com/itm/335918159338?_trkparms=5373%3A5000006400%7C5374%3ATech%7C5079%3A5000006417,0.0,0.0
2026-04-13 16:19:50,MTX Terminator TNE212D 1200 Watt 2 Ohm Dual 12” Subwoofers/Subs + Sealed Sub Box,167.0,299.95,Free shipping,https://www.ebay.com/itm/306702151938?_trkparms=5373%3A5000006400%7C5374%3ATech%7C5079%3A5000006432,132.95,44.32
2026-04-13 16:19:50,"KICKER 46CWTB102 TB 10"" 800w Marine Loaded Subwoofer Enclosure+Passive Radiator",319.95,319.95,Free shipping,https://www.ebay.com/itm/397428415292?_trkparms=5373%3A5000006400%7C5374%3ATech%7C5079%3A5000006432,0.0,0.0
2026-04-13 16:19:51,MTX Terminator TNP212D2 1200 Watt 2 Ohm Dual 12” Subwoofers/Sub Box/Amp Package,285.92,599.99,Free shipping,https://www.ebay.com/itm/305646951546?_trkparms=5373%3A5000006400%7C5374%3ATech%7C5079%3A5000006432,314.07,52.35
2026-04-13 16:19:51,"Pair KICKER 48KMXL84 8"" 500 Watt Marine Boat Horn Loaded Speakers w/LED KMXL8",590.57,699.99,Free shipping,https://www.ebay.com/itm/397418822767?_trkparms=5373%3A5000006400%7C5374%3ATech%7C5079%3A5000006432,109.41999999999996,15.63
2026-04-13 16:19:51,Canon RF 75-300mm f/4-5.6 Lens,209.95,219.0,Free shipping,https://www.ebay.com/itm/336097346966?_trkparms=5373%3A5000006400%7C5374%3ATech%7C5079%3A5000006425,9.050000000000011,4.13
2026-04-13 16:19:51,Canon RF-S 18-150mm f/3.5-6.3 IS STM Lens,449.95,499.0,Free shipping,https://www.ebay.com/itm/226716463856?_trkparms=5373%3A5000006400%7C5374%3ATech%7C5079%3A5000006425,49.05000000000001,9.83
2026-04-13 16:19:52,Belkin Over-Ear Bluetooth Work Headphones w/ Boom Mic | MacBook Compatible | 65H,41.59,51.99,Free shipping,https://www.ebay.com/itm/127625193272?_trkparms=5373%3A5000006400%7C5374%3ATech%7C5079%3A5000006427,10.399999999999999,20.0
2026-04-13 16:19:52,"Belkin Always-On Laptop Case with Strap for up to 14"" Laptop, MacBook - Black",15.19,18.99,Free shipping,https://www.ebay.com/itm/127463190440?_trkparms=5373%3A5000006400%7C5374%3ATech%7C5079%3A5000006427,3.799999999999999,20.01
2026-04-13 16:19:52,Belkin 11-13in Laptop Sleeve Shoulder Strap Handle MacBook Pro Chromebook Case,15.99,19.99,Free shipping,https://www.ebay.com/itm/127378931082?_trkparms=5373%3A5000006400%7C5374%3ATech%7C5079%3A5000006427,3.9999999999999982,20.01
2026-04-13 16:19:52,"BoostCharge Pro 200W 4-Port USB-C GaN Charger, 1.5M Cord, White",129.99,129.99,Free shipping,https://www.ebay.com/itm/127695381361?_trkparms=5373%3A5000006400%7C5374%3ATech%7C5079%3A5000006427,0.0,0.0
2026-04-13 16:19:52,Samsung Galaxy Watch 7 40mm Aluminum Smartwatch Gold Cream 2024 SM-L300NZEAX/AA,125.98,349.99,Free shipping,https://www.ebay.com/itm/235790080739?_trkparms=5373%3A5000006400%7C5374%3ATech%7C5079%3A5000006411,224.01,64.0
2026-04-13 16:19:52,Apple Watch SE 3 40MM  [GPS + Cellular ] Aluminu Case - Smartwatch - Excellent,177.99,177.99,Free shipping,https://www.ebay.com/itm/157695402900?_trkparms=5373%3A5000006400%7C5374%3ATech%7C5079%3A5000006411,0.0,0.0
2026-04-13 19:22:57,Apple iPhone 16 A3081 256GB Unlocked Excellent Condition,616.99,899.99,Shipping info unavailable,https://www.ebay.com/itm/357482104749?_trkparms=5373%3A5000006400%7C5374%3ATech%7C5079%3A5000006400,283.0,31.44
2026-04-13 19:22:57,Apple iPhone 17 Air A3260 512GB Unlocked Excellent Condition,857.99,1499.99,Shipping info unavailable,https://www.ebay.com/itm/358166130105?_trkparms=5373%3A5000006400%7C5374%3ATech%7C5079%3A5000006400,642.0,42.8
2026-04-13 19:22:57,Apple iPhone 16+ A3082 256GB Unlocked Excellent Condition,649.99,999.99,Shipping info unavailable,https://www.ebay.com/itm/357482304356?_trkparms=5373%3A5000006400%7C5374%3ATech%7C5079%3A5000006400,350.0,35.0
2026-04-13 19:22:57,Apple iPhone 17 A3258 512GB Unlocked Excellent Condition,869.99,1099.99,Shipping info unavailable,https://www.ebay.com/itm/358162857236?_trkparms=5373%3A5000006400%7C5374%3ATech%7C5079%3A5000006400,230.0,20.91
2026-04-13 19:22:57,Apple iPhone 16 A3081 256GB Unlocked Very Good Condition,574.99,899.99,Shipping info unavailable,https://www.ebay.com/itm/357482099337?_trkparms=5373%3A5000006400%7C5374%3ATech%7C5079%3A5000006400,325.0,36.11
2026-04-13 19:22:58,Sony STR-AZ3000ES 9.2 Channel 8K Home Theater AV Receiver,950.0,1999.99,Shipping info unavailable,https://www.ebay.com/itm/275888493174?_trkparms=5373%3A5000006400%7C5374%3ATech%7C5079%3A5000006400,1049.99,52.5
2026-04-13 19:22:58,"Sony INZONE H9 Wireless Noise Canceling  Over-Ear Headphones, WH-G900N, Black",170.0,299.99,Shipping info unavailable,https://www.ebay.com/itm/267480816682?_trkparms=5373%3A5000006400%7C5374%3ATech%7C5079%3A5000006400,129.99,43.33
2026-04-13 19:22:58,Sony SEL16F28 16mm f/2.8 Wide-Angle Lens for NEX Series Cameras,161.0,249.99,Shipping info unavailable,https://www.ebay.com/itm/267380144680?_trkparms=5373%3A5000006400%7C5374%3ATech%7C5079%3A5000006400,88.99000000000001,35.6
2026-04-13 19:22:58,Sony WH-1000XM5/S Wireless Industry Leading Noise Canceling Bluetooth Headphones,191.0,399.99,Shipping info unavailable,https://www.ebay.com/itm/265781335780?_trkparms=5373%3A5000006400%7C5374%3ATech%7C5079%3A5000006400,208.99,52.25
2026-04-13 19:22:58,Sony - LinkBuds Open True Wireless Earbuds - White,95.99,229.99,Shipping info unavailable,https://www.ebay.com/itm/316187773726?_trkparms=5373%3A5000006400%7C5374%3ATech%7C5079%3A5000006400,134.0,58.26
2026-04-13 19:22:59,Marshall - MIDDLETON BLUETOOTH PORTABLE SPEAKER - BLACK AND BRASS,172.0,299.99,Shipping info unavailable,https://www.ebay.com/itm/315927845270?_trkparms=5373%3A5000006400%7C5374%3ATech%7C5079%3A5000006400,127.99000000000001,42.66
2026-04-13 19:23:00,Marshall - Heston Sub 200 Subwoofer with Deep Bass and Bluetooth,380.0,599.99,Shipping info unavailable,https://www.ebay.com/itm/277593936056?_trkparms=5373%3A5000006400%7C5374%3ATech%7C5079%3A5000006400,219.99,36.67
2026-04-13 19:23:00,Sony SA-RS3S Wireless Rear Speakers for HT-A7000/A5000,237.0,349.99,Shipping info unavailable,https://www.ebay.com/itm/267189757669?_trkparms=5373%3A5000006400%7C5374%3ATech%7C5079%3A5000006400,112.99000000000001,32.28
2026-04-13 19:23:00,Sony 35mm F2.8 Sonnar T* FE ZA Full Frame Prime Lens For E-mount Cameras,473.0,649.99,Shipping info unavailable,https://www.ebay.com/itm/277853836037?_trkparms=5373%3A5000006400%7C5374%3ATech%7C5079%3A5000006400,176.99,27.23
2026-04-13 19:23:00,Sony  SEL85F14GM FE 85mm f/1.4 GM E-Mount Lens/Full-Frame,1319.0,1319.0,Free shipping,https://www.ebay.com/itm/267586076228?_trkparms=5373%3A5000006400%7C5374%3ATech%7C5079%3A5000006400,0.0,0.0
2026-04-13 19:23:00,"Sony - 65"" Class BRAVIA 7 Mini LED QLED 4K UHD Smart Google TV - (2024)",1229.0,1699.99,Shipping info unavailable,https://www.ebay.com/itm/277734418980?_trkparms=5373%3A5000006400%7C5374%3ATech%7C5079%3A5000006400,470.99,27.71
2026-04-13 19:23:00,Sony NW-ZX707 Walkman 64GB Hi-Res Portable Digital Music Player,476.0,899.99,Shipping info unavailable,https://www.ebay.com/itm/267221655730?_trkparms=5373%3A5000006400%7C5374%3ATech%7C5079%3A5000006400,423.99,47.11
2026-04-13 19:23:00,Marshall Major V On-Ear Wireless Bluetooth Headphones (Brown),95.99,157.0,Shipping info unavailable,https://www.ebay.com/itm/267165724510?_trkparms=5373%3A5000006400%7C5374%3ATech%7C5079%3A5000006400,61.010000000000005,38.86
2026-04-13 19:23:00,"Bazooka BTA10100FHC Loaded 10"" Amplified Bass Tube with Harnes",275.99,349.99,Shipping info unavailable,https://www.ebay.com/itm/306505167202?_trkparms=5373%3A5000006400%7C5374%3ATech%7C5079%3A5000006400,74.0,21.14
2026-04-13 19:23:01,Marshall - Monitor III A.N.C. Wireless Noise Cancelling Over-the-Ear Headphones,220.0,349.99,Shipping info unavailable,https://www.ebay.com/itm/316075341823?_trkparms=5373%3A5000006400%7C5374%3ATech%7C5079%3A5000006400,129.99,37.14
2026-04-13 19:23:01,Sony ULT WEAR 900N Wireless Noise Canceling Bluetooth Headphones - White,134.0,249.99,Shipping info unavailable,https://www.ebay.com/itm/266908294279?_trkparms=5373%3A5000006400%7C5374%3ATech%7C5079%3A5000006400,115.99000000000001,46.4
2026-04-13 19:23:01,Marshall - Emberton III Portable Bluetooth Speaker - Cream,143.0,169.99,Shipping info unavailable,https://www.ebay.com/itm/267172729283?_trkparms=5373%3A5000006400%7C5374%3ATech%7C5079%3A5000006400,26.99000000000001,15.88
2026-04-13 19:23:01,Sony BRAVIA Theater U Wearable TV Speaker | HT-AN7,143.0,499.99,Shipping info unavailable,https://www.ebay.com/itm/267269753343?_trkparms=5373%3A5000006400%7C5374%3ATech%7C5079%3A5000006400,356.99,71.4
2026-04-13 19:23:01,Marshall - Emberton II BT Portable Speaker - Black & Brass,95.99,169.99,Shipping info unavailable,https://www.ebay.com/itm/267054680516?_trkparms=5373%3A5000006400%7C5374%3ATech%7C5079%3A5000006400,74.00000000000001,43.53
2026-04-13 19:23:01,Acer Chromebook 514 14 NB FHD Intel i3-N305 8GB RAM 512GB SSD Refurbished,185.99,598.99,Free shipping,https://www.ebay.com/itm/277327844188?_trkparms=5373%3A5000006400%7C5374%3ATech%7C5079%3A5000006400,413.0,68.95
2026-04-13 19:23:02,"Apple MagSafe Duo Charger, MHXF3AM/A - White",78.95,129.0,Free shipping,https://www.ebay.com/itm/317891627293?_trkparms=5373%3A5000006400%7C5374%3ATech%7C5079%3A5000006400,50.05,38.8
2026-04-13 19:23:03,Refurbished Potensic ATOM 2 Drone 3-Axis Gimbal GPS FPV 4K Camera Under 249g,258.99,439.98,Free shipping,https://www.ebay.com/itm/286790941731?_trkparms=5373%3A5000006400%7C5374%3ATech%7C5079%3A5000006430,180.99,41.14
2026-04-13 19:23:08,"Acer Nitro ED0 34"" UW-QHD Curved Gaming Monitor 3440x1440 200Hz 1ms Refurbished",171.11,449.99,Free shipping,https://www.ebay.com/itm/257255249841?_trkparms=5373%3A5000006400%7C5374%3ATech%7C5079%3A5000006405,278.88,61.97
2026-04-13 21:55:41,Sony - LinkBuds Fit True Wireless Noise Canceling Earbuds - Black,57.99,229.99,Shipping info unavailable,https://www.ebay.com/itm/276775575421?_trkparms=5373%3A5000006400%7C5374%3ATech%7C5079%3A5000006400,172.0,74.79
2026-04-14 07:58:04,"Sony INZONE H9 Wireless Noise Canceling Gaming Headset, Over-ear Headphones -",120.0,329.99,Free shipping,https://www.ebay.com/itm/314164458580?_trkparms=5373%3A5000006400%7C5374%3ATech%7C5079%3A5000006401,209.99,63.64
2026-04-14 07:58:06,Seagate 8TB 7.2k 256MB SATA 6Gb/s 3.5 512e SED Ent HDD | ST8000NM0105,199.0,199.0,Free shipping,https://www.ebay.com/itm/226676740895?_trkparms=5373%3A5000006400%7C5374%3ATech%7C5079%3A5000006421,0.0,0.0
2026-04-14 14:00:55,Apple iPhone 16+ A3082 256GB Unlocked Very Good Condition,615.99,999.99,Shipping info unavailable,https://www.ebay.com/itm/357482206064?_trkparms=5373%3A5000006400%7C5374%3ATech%7C5079%3A5000006400,384.0,38.4
2026-04-14 16:14:23,"Acer Aspire 3 15.6"" Laptop FHD Ryzen 5 7520U 16GB LPDDR5 RAM 1TB SSD Refurbished",316.19,629.99,Free shipping,https://www.ebay.com/itm/277623301371?_trkparms=5373%3A5000006400%7C5374%3ATech%7C5079%3A5000006400,313.8,49.81
2026-04-14 16:14:23,"AOC CU34G2XP 34"" UltraWide Curved Gaming Monitor WQHD (3440x1440) 180Hz HDR400",219.89,219.89,Free shipping,https://www.ebay.com/itm/306493671413?_trkparms=5373%3A5000006400%7C5374%3ATech%7C5079%3A5000006400,0.0,0.0
2026-04-14 19:25:58,"HP EliteBook 845 G10 Laptop, Ryzen 5, 16GB RAM, 512GB SSD, Windows 11 Pro",410.0,1449.0,Shipping info unavailable,https://www.ebay.com/itm/366285000509?_trkparms=5373%3A5000006400%7C5374%3ATech%7C5079%3A5000006400,1039.0,71.7
2026-04-14 19:25:58,"2020 Apple iPad Pro Gen 4 256GB Wi-Fi 12.9"" Retina Display Space Gray MY2J2LL/A",468.99,599.99,Shipping info unavailable,https://www.ebay.com/itm/298153674245?_trkparms=5373%3A5000006400%7C5374%3ATech%7C5079%3A5000006400,131.0,21.83
2026-04-14 19:25:59,"ASUS TUF Gaming 27"" 1080P Gaming Monitor (VG277Q1A) - Full HD, 165Hz (Supports 1",134.99,199.99,Shipping info unavailable,https://www.ebay.com/itm/306639745574?_trkparms=5373%3A5000006400%7C5374%3ATech%7C5079%3A5000006400,65.0,32.5
2026-04-14 19:25:59,"AOC C24G2 24"" Curved Gaming Monitor FHD (1920 x 1080) 144Hz",93.99,179.99,Shipping info unavailable,https://www.ebay.com/itm/389404027485?_trkparms=5373%3A5000006400%7C5374%3ATech%7C5079%3A5000006400,86.00000000000001,47.78
2026-04-14 19:25:59,"ASUS ROG Swift Gaming Monitor PG32UQX 32"" UHD (4K) NVIDIA Adaptive Sync",877.99,1299.99,Shipping info unavailable,https://www.ebay.com/itm/306597031084?_trkparms=5373%3A5000006400%7C5374%3ATech%7C5079%3A5000006400,422.0,32.46
2026-04-14 19:25:59,"ASUS ROG Strix (XG17AHP) 17.3"" Portable IPS Gaming Monitor Built-Speaker",388.99,499.99,Shipping info unavailable,https://www.ebay.com/itm/306639709686?_trkparms=5373%3A5000006400%7C5374%3ATech%7C5079%3A5000006400,111.0,22.2
2026-04-14 19:25:59,"Apple iPad 7 32GB 10.2"" Space Gray Wi-Fi Only Bundle with Beats or JBL headset,",144.99,249.99,Shipping info unavailable,https://www.ebay.com/itm/387162467694?_trkparms=5373%3A5000006400%7C5374%3ATech%7C5079%3A5000006400,105.0,42.0
2026-04-14 19:25:59,"Apple iPad 7th Generation (2019) 10.2"" 32GB Space Gray Wi-Fi Only Tablet",106.99,249.99,Shipping info unavailable,https://www.ebay.com/itm/386137882881?_trkparms=5373%3A5000006400%7C5374%3ATech%7C5079%3A5000006400,143.0,57.2
2026-04-14 19:25:59,"ASUS ROG Swift 32"" 4K OLED Gaming Monitor UHD 3840 x 2160 QD-OLE 240Hz PG32UCDM",907.99,1199.99,Shipping info unavailable,https://www.ebay.com/itm/306760816637?_trkparms=5373%3A5000006400%7C5374%3ATech%7C5079%3A5000006400,292.0,24.33
2026-04-14 19:25:59,"ASUS TUF 23.8"" Gaming Monitor 1080P IPS Full HD 165Hz (VG249Q1R )",97.99,179.99,Shipping info unavailable,https://www.ebay.com/itm/389570488731?_trkparms=5373%3A5000006400%7C5374%3ATech%7C5079%3A5000006400,82.00000000000001,45.56
2026-04-14 19:26:02,Apple iPhone 14 Pro Max 128/256/512GB/1TB Unlocked Good All Colors,444.86,444.86,Free shipping,https://www.ebay.com/itm/127582341745?_trkparms=5373%3A5000006400%7C5374%3ATech%7C5079%3A5000006423,0.0,0.0
2026-04-14 19:26:05,"Apple MagSafe Duo Charger, MHXF3AM/A - White",78.95,129.0,Free shipping,https://www.ebay.com/itm/317891627293?_trkparms=5373%3A5000006400%7C5374%3ATech%7C5079%3A5000006419,50.05,38.8
2026-04-14 19:26:05,JBL PartyBox Stage 320 Illuminated LED Wireless Bluetooth Speaker - Black,387.95,387.95,Free shipping,https://www.ebay.com/itm/297978419004?_trkparms=5373%3A5000006400%7C5374%3ATech%7C5079%3A5000006403,0.0,0.0
2026-04-14 19:26:07,Canon Extender RF 2x,599.95,689.0,Free shipping,https://www.ebay.com/itm/227037824450?_trkparms=5373%3A5000006400%7C5374%3ATech%7C5079%3A5000006425,89.04999999999995,12.92
2026-04-14 19:26:07,JBL PartyBox Stage 320 Illuminated LED Wireless Bluetooth Speaker - Black,387.95,387.95,Free shipping,https://www.ebay.com/itm/297978419004?_trkparms=5373%3A5000006400%7C5374%3ATech%7C5079%3A5000006413,0.0,0.0
2026-04-14 19:26:08,"Apple MagSafe Duo Charger, MHXF3AM/A - White",78.95,129.0,Free shipping,https://www.ebay.com/itm/317891627293?_trkparms=5373%3A5000006400%7C5374%3ATech%7C5079%3A5000006411,50.05,38.8
2026-04-15 03:22:57,Samsung Galaxy Z Fold6 512GB F956U Unlocked - Excellent,618.99,618.99,Free shipping,https://www.ebay.com/itm/256905122037?_trkparms=5373%3A5000006400%7C5374%3ATech%7C5079%3A5000006400,0.0,0.0
2026-04-15 03:22:57,"Apple iPhone 16 Pro Max, eSim - US Version, 1TB, Titanium - Unlocked - Excellent",899.99,1599.0,Shipping info unavailable,https://www.ebay.com/itm/406815335996?_trkparms=5373%3A5000006400%7C5374%3ATech%7C5079%3A5000006400,699.01,43.72
2026-04-15 03:23:02,"Apple iPhone 16 Pro Max, eSim - US Version, 1TB, Titanium - Unlocked - Excellent",899.99,1599.0,Free shipping,https://www.ebay.com/itm/406815335996?_trkparms=5373%3A5000006400%7C5374%3ATech%7C5079%3A5000006423,699.01,43.72
2026-04-15 03:23:09,"Apple iPhone 16 Pro Max, eSim - US Version, 1TB, Titanium - Unlocked - Excellent",899.99,1599.0,Free shipping,https://www.ebay.com/itm/406815335996?_trkparms=5373%3A5000006400%7C5374%3ATech%7C5079%3A5000006411,699.01,43.72
2026-04-15 07:58:59,"Apple 2018 MacBook Pro 13.3"" Retina Intel Core i5-8259U 8GB 256GB SSD Touch Bar",279.99,1799.0,Shipping info unavailable,https://www.ebay.com/itm/177599579912?_trkparms=5373%3A5000006400%7C5374%3ATech%7C5079%3A5000006400,1519.01,84.44
2026-04-15 10:21:48,"Acer Predator Helios Neo AI 16S 16"" Laptop Ultra 9 RTX 5070 Ti 32GB 1TB Refurb",1275.95,1899.99,Free shipping,https://www.ebay.com/itm/277352801036?_trkparms=5373%3A5000006400%7C5374%3ATech%7C5079%3A5000006407,624.04,32.84
2026-04-15 13:53:56,"Apple iPad Pro M5 13"" OLED 256GB Wi-Fi Only, Space Black",992.0,1299.0,Free shipping,https://www.ebay.com/itm/177998916540?_trkparms=5373%3A5000006400%7C5374%3ATech%7C5079%3A5000006400,307.0,23.63
2026-04-15 13:53:56,"Apple 2020 MacBook Pro 13.3"" IPS Retina Intel Core i7-1068NG7 16GB RAM 512GB SSD",384.0,1999.0,Shipping info unavailable,https://www.ebay.com/itm/177700114162?_trkparms=5373%3A5000006400%7C5374%3ATech%7C5079%3A5000006400,1615.0,80.79
2026-04-15 13:53:56,"Asus ExpertBook B5404 14"" WQXGA Intel Core Ultra 7 155H 32GB RAM 512GB SSD W11P",1031.0,1499.0,Shipping info unavailable,https://www.ebay.com/itm/177676915522?_trkparms=5373%3A5000006400%7C5374%3ATech%7C5079%3A5000006400,468.0,31.22
2026-04-15 13:53:56,"Dell Pro 14 Plus 14"" WUXGA Intel Core Ultra 5 235U 2GHz 32GB RAM 1TB SSD WIN11P",1171.0,1499.0,Shipping info unavailable,https://www.ebay.com/itm/177670335647?_trkparms=5373%3A5000006400%7C5374%3ATech%7C5079%3A5000006400,328.0,21.88
2026-04-15 13:53:57,"Apple 2021 MacBook Pro 14"" Retina XDR M1 Max 10C 3.2GHz GPU 24C 32GB RAM 1TB SSD",1351.0,3099.0,Free shipping,https://www.ebay.com/itm/177599169279?_trkparms=5373%3A5000006400%7C5374%3ATech%7C5079%3A5000006400,1748.0,56.41
2026-04-15 13:53:57,Epson PowerLite 982W 3LCD WXGA 4200Lumens Classroom Projector with Dual HDMI,508.0,849.0,Shipping info unavailable,https://www.ebay.com/itm/176642187763?_trkparms=5373%3A5000006400%7C5374%3ATech%7C5079%3A5000006400,341.0,40.16
2026-04-15 13:53:57,"Apple 2020 MacBook Air 13.3"" IPS Retina M1 8C 3.2GHz GPU 7C 8GB RAM 256GB SSD",399.0,999.0,Shipping info unavailable,https://www.ebay.com/itm/177784312962?_trkparms=5373%3A5000006400%7C5374%3ATech%7C5079%3A5000006400,600.0,60.06
2026-04-15 13:53:57,"Apple 2021 MacBook Pro 16.2"" Retina M1 Pro 10C 3.2GHz GPU 16C 32GB RAM 2TB SSD",1219.0,2499.0,Shipping info unavailable,https://www.ebay.com/itm/178028142101?_trkparms=5373%3A5000006400%7C5374%3ATech%7C5079%3A5000006400,1280.0,51.22
2026-04-15 13:53:57,"Apple 2020 MacBook Air 13.3"" Retina M1 8-Core 3.2GHz GPU 8C 8GB RAM 512GB SSD",404.0,999.0,Shipping info unavailable,https://www.ebay.com/itm/178028142106?_trkparms=5373%3A5000006400%7C5374%3ATech%7C5079%3A5000006400,595.0,59.56
2026-04-15 13:53:57,"Apple 2023 MacBook Air 15.3"" IPS Retina M2 CPU 3.49GHz 8GB RAM 512GB SSD MacOS",693.0,879.0,Shipping info unavailable,https://www.ebay.com/itm/177928069368?_trkparms=5373%3A5000006400%7C5374%3ATech%7C5079%3A5000006400,186.0,21.16
2026-04-15 13:53:57,"Apple 2023 MacBook Air 15.3"" IPS Retina M2 CPU 3.49GHz 8GB RAM 512GB SSD MacOS",693.0,879.0,Shipping info unavailable,https://www.ebay.com/itm/177928069360?_trkparms=5373%3A5000006400%7C5374%3ATech%7C5079%3A5000006400,186.0,21.16
2026-04-15 13:53:58,"Apple iPad Pro M5 11"" OLED 1TB Wi-Fi Only, Silver - EXCELLENT CONDITION",1219.0,1499.0,Shipping info unavailable,https://www.ebay.com/itm/177986076966?_trkparms=5373%3A5000006400%7C5374%3ATech%7C5079%3A5000006400,280.0,18.68
2026-04-15 13:53:58,"Apple 2022 MacBook Air 3.6"" IPS Retina M2 8C 3.49GHz GPU 10C 8GB RAM 512GB SSD",675.0,1199.0,Shipping info unavailable,https://www.ebay.com/itm/177307882175?_trkparms=5373%3A5000006400%7C5374%3ATech%7C5079%3A5000006400,524.0,43.7
2026-04-15 16:10:18,Google Pixel 7 Pro 5G 128GB Factory Unlocked - Good,212.99,900.0,Shipping info unavailable,https://www.ebay.com/itm/326859678727?_trkparms=5373%3A5000006400%7C5374%3ATech%7C5079%3A5000006400,687.01,76.33
2026-04-15 16:10:18,Apple iPad Pro 11-inch M4 Chip Nano Texture 1TB Wi-Fi Only Silver Good,859.0,1206.0,Shipping info unavailable,https://www.ebay.com/itm/227074934680?_trkparms=5373%3A5000006400%7C5374%3ATech%7C5079%3A5000006400,347.0,28.77
2026-04-15 16:10:18,"Apple iPad Pro 11"" M4 Chip 2TB Wi-Fi + Cell MWRQ3LL/A Black Nano-Texture Good",1299.0,1780.0,Shipping info unavailable,https://www.ebay.com/itm/227202790010?_trkparms=5373%3A5000006400%7C5374%3ATech%7C5079%3A5000006400,481.0,27.02
2026-04-15 16:10:19,Samsung Galaxy S22 5G S901U 128GB Unlocked - Excellent,179.99,900.0,Shipping info unavailable,https://www.ebay.com/itm/226278969708?_trkparms=5373%3A5000006400%7C5374%3ATech%7C5079%3A5000006400,720.01,80.0
2026-04-15 16:10:19,Samsung Galaxy S10 G973U 128GB Black (GSM Unlocked) - Excellent,151.99,900.0,Shipping info unavailable,https://www.ebay.com/itm/327076376350?_trkparms=5373%3A5000006400%7C5374%3ATech%7C5079%3A5000006400,748.01,83.11
2026-04-15 16:10:19,"Apple iPad Pro 13"" 2024 M4 Nano-Texture WiFi + Cell 1 TB Black Very Good",1059.0,1453.0,Shipping info unavailable,https://www.ebay.com/itm/227063986177?_trkparms=5373%3A5000006400%7C5374%3ATech%7C5079%3A5000006400,394.0,27.12
2026-04-15 16:10:19,Apple iPad Pro 12.9-inch 6th Gen (2022) 256GB Wi-Fi + Cell Space Gray Excellent,615.0,857.0,Shipping info unavailable,https://www.ebay.com/itm/227275664048?_trkparms=5373%3A5000006400%7C5374%3ATech%7C5079%3A5000006400,242.0,28.24
2026-04-15 16:10:19,"Apple iPad Pro 11"" M4 Chip 2TB Wi-Fi + Cell Nano Tex Silver MWT23LL/A Excellent",1329.0,1832.0,Shipping info unavailable,https://www.ebay.com/itm/227202787679?_trkparms=5373%3A5000006400%7C5374%3ATech%7C5079%3A5000006400,503.0,27.46
2026-04-15 16:10:19,Google Pixel 7a 128GB Fully Unlocked - Good,150.99,900.0,Shipping info unavailable,https://www.ebay.com/itm/227092240330?_trkparms=5373%3A5000006400%7C5374%3ATech%7C5079%3A5000006400,749.01,83.22
2026-04-15 16:10:20,Samsung Galaxy Ring AI Smart Ring All Colors - Excellent,141.99,141.99,Free shipping,https://www.ebay.com/itm/326305001549?_trkparms=5373%3A5000006400%7C5374%3ATech%7C5079%3A5000006400,0.0,0.0
2026-04-15 16:10:20,Apple iPhone 13 Pro 1TB Fully Unlocked - Good,417.99,900.0,Shipping info unavailable,https://www.ebay.com/itm/226727340666?_trkparms=5373%3A5000006400%7C5374%3ATech%7C5079%3A5000006400,482.01,53.56
2026-04-15 16:10:20,Samsung Galaxy A35 5G 128GB Fully Unlocked - Good,125.99,900.0,Shipping info unavailable,https://www.ebay.com/itm/227194262716?_trkparms=5373%3A5000006400%7C5374%3ATech%7C5079%3A5000006400,774.01,86.0
2026-04-15 16:10:20,Samsung Galaxy S22 5G S901U 128GB Unlocked - Good,155.99,900.0,Shipping info unavailable,https://www.ebay.com/itm/326547020181?_trkparms=5373%3A5000006400%7C5374%3ATech%7C5079%3A5000006400,744.01,82.67
2026-04-15 16:10:21,Apple iPhone 14 Pro 512GB Fully Unlocked - Good,407.99,900.0,Shipping info unavailable,https://www.ebay.com/itm/226824159636?_trkparms=5373%3A5000006400%7C5374%3ATech%7C5079%3A5000006400,492.01,54.67
2026-04-15 16:10:21,Apple iPhone 13 Pro 512GB Fully Unlocked - Good,369.99,900.0,Shipping info unavailable,https://www.ebay.com/itm/326765045139?_trkparms=5373%3A5000006400%7C5374%3ATech%7C5079%3A5000006400,530.01,58.89
2026-04-15 16:10:22,Samsung Galaxy S24 Ultra 512GB S928U Unlocked - Excellent,712.99,1419.99,Free shipping,https://www.ebay.com/itm/256754180033?_trkparms=5373%3A5000006400%7C5374%3ATech%7C5079%3A5000006400,707.0,49.79
2026-04-15 16:10:22,Apple Watch SE 3 40MM  [GPS + Cellular ] Aluminu Case - Smartwatch - Excellent,177.99,177.99,Free shipping,https://www.ebay.com/itm/157695402900?_trkparms=5373%3A5000006400%7C5374%3ATech%7C5079%3A5000006400,0.0,0.0
2026-04-15 16:10:25,"Apple iPad 10.2"" 9th Gen (2021) 64GB Wi-Fi - Good - 1 YEAR WARRANTY",148.66,399.0,Free shipping,https://www.ebay.com/itm/203898142054?_trkparms=5373%3A5000006400%7C5374%3ATech%7C5079%3A5000006415,250.34,62.74
2026-04-15 19:28:10,Apple iPhone 14 Pro Max 128GB Unlocked - Good,405.99,405.99,Free shipping,https://www.ebay.com/itm/257062620069?_trkparms=5373%3A5000006400%7C5374%3ATech%7C5079%3A5000006400,0.0,0.0
2026-04-15 19:28:10,Samsung Galaxy Watch 7 40mm Aluminum Smartwatch Gold Cream 2024 SM-L300NZEAX/AA,125.98,349.99,Shipping info unavailable,https://www.ebay.com/itm/235790080739?_trkparms=5373%3A5000006400%7C5374%3ATech%7C5079%3A5000006400,224.01,64.0
2026-04-15 19:28:10,Apple AirPods Pro 3 Wireless Active Noise Cancelling Earbuds Magsafe MFHP4LL/A,186.95,186.95,Free shipping,https://www.ebay.com/itm/277504800257?_trkparms=5373%3A5000006400%7C5374%3ATech%7C5079%3A5000006400,0.0,0.0
2026-04-15 19:28:11,Apple Watch Series 8 - 45mm - Gps Only Aluminum - 32GB - Very Good,140.0,339.0,Shipping info unavailable,https://www.ebay.com/itm/166114955162?_trkparms=5373%3A5000006400%7C5374%3ATech%7C5079%3A5000006400,199.0,58.7
2026-04-15 19:28:11,Apple Watch Series Se 2nd Gen 40mm Gps Aluminum 32GB - Very Good,119.0,559.0,Shipping info unavailable,https://www.ebay.com/itm/145733546297?_trkparms=5373%3A5000006400%7C5374%3ATech%7C5079%3A5000006400,440.0,78.71
2026-04-15 19:28:11,Apple Watch Series 8 45mm Gps + Cellular Aluminum 32GB - Very Good,143.0,399.0,Shipping info unavailable,https://www.ebay.com/itm/135033601772?_trkparms=5373%3A5000006400%7C5374%3ATech%7C5079%3A5000006400,256.0,64.16
2026-04-15 19:28:11,Apple Watch Series 8 - 41mm Gps Aluminum 32GB - Excellent,153.0,409.0,Shipping info unavailable,https://www.ebay.com/itm/145000726072?_trkparms=5373%3A5000006400%7C5374%3ATech%7C5079%3A5000006400,256.0,62.59
2026-04-15 19:28:11,Apple Watch Series 8 41mm Gps Only -  Aluminum - 32GB - Excellent,153.0,469.0,Shipping info unavailable,https://www.ebay.com/itm/136472471760?_trkparms=5373%3A5000006400%7C5374%3ATech%7C5079%3A5000006400,316.0,67.38
2026-04-15 19:28:11,Apple Watch Series 8 45mm Gps Aluminum  32GB - Excellent,153.0,349.0,Shipping info unavailable,https://www.ebay.com/itm/168001050514?_trkparms=5373%3A5000006400%7C5374%3ATech%7C5079%3A5000006400,196.0,56.16
2026-04-15 19:28:11,Apple Watch Series 8 41mm GPS Only Aluminum - Sport Band 32GB - Very Good,143.0,199.0,Shipping info unavailable,https://www.ebay.com/itm/147049947249?_trkparms=5373%3A5000006400%7C5374%3ATech%7C5079%3A5000006400,56.0,28.14
2026-04-15 19:28:11,Apple Watch Series 8 45mm Gps Aluminum 32GB - Very Good,143.0,200.0,Shipping info unavailable,https://www.ebay.com/itm/147076757858?_trkparms=5373%3A5000006400%7C5374%3ATech%7C5079%3A5000006400,57.0,28.5
2026-04-15 19:28:11,Apple Watch Series 8 45mm GPS + Cellular Aluminum Sport Band 32GB - Very Good,143.0,165.99,Shipping info unavailable,https://www.ebay.com/itm/147027283504?_trkparms=5373%3A5000006400%7C5374%3ATech%7C5079%3A5000006400,22.99000000000001,13.85
2026-04-15 19:28:12,Apple Watch Series 8 41mm GPS + Cellular Aluminum - Sport Band 32GB - Very Good,143.0,249.0,Shipping info unavailable,https://www.ebay.com/itm/136852288242?_trkparms=5373%3A5000006400%7C5374%3ATech%7C5079%3A5000006400,106.0,42.57
2026-04-15 19:28:12,Apple Watch Series 8 - 41mm GPS + Cellular Aluminum  32GB  - Good,130.0,299.0,Shipping info unavailable,https://www.ebay.com/itm/145846150665?_trkparms=5373%3A5000006400%7C5374%3ATech%7C5079%3A5000006400,169.0,56.52
2026-04-15 19:28:12,Apple Watch Series 8 41mm - Gps Only - Aluminum - 32GB - Good,130.0,309.0,Shipping info unavailable,https://www.ebay.com/itm/167607411958?_trkparms=5373%3A5000006400%7C5374%3ATech%7C5079%3A5000006400,179.0,57.93
2026-04-15 19:28:12,Apple Watch Series 8 41mm Gps + Cellular Aluminum  32gb - Very Good,143.0,200.0,Shipping info unavailable,https://www.ebay.com/itm/145627104937?_trkparms=5373%3A5000006400%7C5374%3ATech%7C5079%3A5000006400,57.0,28.5
2026-04-15 19:28:12,Apple Watch Series 8 41mm Gps + Cellular Aluminum 32GB - Very Good,143.0,399.0,Shipping info unavailable,https://www.ebay.com/itm/147004579132?_trkparms=5373%3A5000006400%7C5374%3ATech%7C5079%3A5000006400,256.0,64.16
2026-04-15 19:28:12,Apple Watch Series 8 45mm Gps + Cellular Stainless - 32GB -  Very Good,143.0,394.0,Shipping info unavailable,https://www.ebay.com/itm/134832628508?_trkparms=5373%3A5000006400%7C5374%3ATech%7C5079%3A5000006400,251.0,63.71
2026-04-15 19:28:12,Apple Watch Series 8 45mm Gps Aluminum 32GB - Good,130.0,209.0,Shipping info unavailable,https://www.ebay.com/itm/166610997765?_trkparms=5373%3A5000006400%7C5374%3ATech%7C5079%3A5000006400,79.0,37.8
2026-04-15 19:28:12,Apple Watch Series Se 2nd Gen 40mm Gps + Cellular Aluminum 32GB - Good,134.0,259.0,Shipping info unavailable,https://www.ebay.com/itm/166850918790?_trkparms=5373%3A5000006400%7C5374%3ATech%7C5079%3A5000006400,125.0,48.26
2026-04-15 19:28:13,Apple Watch Series Se 2nd Gen 40mm Gps Aluminum 32GB - Good,105.0,259.0,Shipping info unavailable,https://www.ebay.com/itm/166776846659?_trkparms=5373%3A5000006400%7C5374%3ATech%7C5079%3A5000006400,154.0,59.46
2026-04-15 19:28:13,Apple Watch Ultra 2 49mm Gps + Cellular - Band 64GB - Excellent,412.0,514.0,Shipping info unavailable,https://www.ebay.com/itm/167087869217?_trkparms=5373%3A5000006400%7C5374%3ATech%7C5079%3A5000006400,102.0,19.84
2026-04-15 19:28:13,Apple Watch Series Se 2nd Gen 40mm GPS Only Aluminum - Sport Band 32GB Very Good,123.0,199.0,Shipping info unavailable,https://www.ebay.com/itm/147049628763?_trkparms=5373%3A5000006400%7C5374%3ATech%7C5079%3A5000006400,76.0,38.19
2026-04-15 19:28:13,Apple Watch Series Se 2nd Gen 44mm Gps Aluminum - Sport Band 32GB - Good,113.0,159.99,Shipping info unavailable,https://www.ebay.com/itm/135108518709?_trkparms=5373%3A5000006400%7C5374%3ATech%7C5079%3A5000006400,46.99000000000001,29.37
2026-04-15 19:28:13,Apple Watch Series Se 2nd Gen 40mm Gps Only Aluminum 32GB - Excellent,125.0,249.0,Shipping info unavailable,https://www.ebay.com/itm/145040146061?_trkparms=5373%3A5000006400%7C5374%3ATech%7C5079%3A5000006400,124.0,49.8
2026-04-15 19:28:13,Apple Watch Series Se 2nd Gen 40mm Gps Only Aluminum - 32GB - Very Good,113.0,219.0,Shipping info unavailable,https://www.ebay.com/itm/167999877826?_trkparms=5373%3A5000006400%7C5374%3ATech%7C5079%3A5000006400,106.0,48.4
2026-04-15 19:28:14,Netgear Nighthawk M6 Pro MR6500 5G Hotspot Router Black AT&T Unlocked Good,117.99,117.99,Free shipping,https://www.ebay.com/itm/167687904233?_trkparms=5373%3A5000006400%7C5374%3ATech%7C5079%3A5000006400,0.0,0.0
2026-04-15 19:28:14,Acer Chromebook 315 15.6 FHD Intel Celeron N4500 4GB RAM 64GB Laptop Refurbished,102.29,149.99,Free shipping,https://www.ebay.com/itm/257272440859?_trkparms=5373%3A5000006400%7C5374%3ATech%7C5079%3A5000006400,47.7,31.8
2026-04-15 19:28:14,"Acer Aspire 3 15.6"" Laptop FHD Ryzen 5 7520U 16GB LPDDR5 RAM 1TB SSD Refurbished",316.19,629.99,Free shipping,https://www.ebay.com/itm/277623301371?_trkparms=5373%3A5000006400%7C5374%3ATech%7C5079%3A5000006407,313.8,49.81
2026-04-15 19:28:20,Apple AirPods Pro 3 Wireless Active Noise Cancelling Earbuds Magsafe MFHP4LL/A,186.95,186.95,Free shipping,https://www.ebay.com/itm/277504800257?_trkparms=5373%3A5000006400%7C5374%3ATech%7C5079%3A5000006411,0.0,0.0
2026-04-15 19:28:20,"AOC CU34G2XP 34"" UltraWide Curved Gaming Monitor WQHD (3440x1440) 180Hz HDR400",219.89,219.89,Free shipping,https://www.ebay.com/itm/306493671413?_trkparms=5373%3A5000006400%7C5374%3ATech%7C5079%3A5000006405,0.0,0.0
2026-04-15 21:57:59,Dell Latitude 5520 Laptop 15.6 FHD Intel vPro i7 1185G7 32GB 512GB Win 11 Pro,452.99,997.0,Shipping info unavailable,https://www.ebay.com/itm/286217873321?_trkparms=5373%3A5000006400%7C5374%3ATech%7C5079%3A5000006400,544.01,54.56
2026-04-15 21:57:59,Lenovo ThInkPad P53 Laptop 15.6 Core i7 16GB 512GB SSD Certified Refurb,491.99,1179.95,Shipping info unavailable,https://www.ebay.com/itm/377059256111?_trkparms=5373%3A5000006400%7C5374%3ATech%7C5079%3A5000006400,687.96,58.3
2026-04-15 21:57:59,ZEBRA ZP 450 Label Thermal Bar Code Monochrome Printer,239.99,379.99,Shipping info unavailable,https://www.ebay.com/itm/366190650606?_trkparms=5373%3A5000006400%7C5374%3ATech%7C5079%3A5000006400,140.0,36.84
2026-04-15 21:57:59,HP EliteBook 840 G6 14-In FHD UWVA LED Intel Core i7-8665U 16GB 256GB Win11 Pro,292.99,1299.0,Shipping info unavailable,https://www.ebay.com/itm/376962000639?_trkparms=5373%3A5000006400%7C5374%3ATech%7C5079%3A5000006400,1006.01,77.44
2026-04-15 21:57:59,Dell Latitude 9440 2-in-1 14-Inch QHD Touch Intel i7-1365U 16GB 512GB Win 11 Pro,670.99,2499.0,Shipping info unavailable,https://www.ebay.com/itm/297819652386?_trkparms=5373%3A5000006400%7C5374%3ATech%7C5079%3A5000006400,1828.01,73.15
2026-04-15 21:57:59,Canon imageCLASS MF656Cdw - All-in-One Duplex Color Laser Printer,241.99,299.95,Shipping info unavailable,https://www.ebay.com/itm/376524668614?_trkparms=5373%3A5000006400%7C5374%3ATech%7C5079%3A5000006400,57.95999999999998,19.32
2026-04-15 21:57:59,Dell Pro 13 Plus 2-in-1 13.3-In FHD+ Core Ultra 5 235U 16GB 256GB Win11 Pro,636.99,2399.99,Shipping info unavailable,https://www.ebay.com/itm/377011304664?_trkparms=5373%3A5000006400%7C5374%3ATech%7C5079%3A5000006400,1762.9999999999998,73.46
2026-04-15 21:57:59,Apple iPhone 16 Plus 128GB Unlocked Very Good Condition,551.0,753.0,Shipping info unavailable,https://www.ebay.com/itm/226983039748?_trkparms=5373%3A5000006400%7C5374%3ATech%7C5079%3A5000006400,202.0,26.83
2026-04-15 21:57:59,Dell Latitude 5320 2-in-1 13.3-Inch FHD Touch i7-1185G7 32GB 512GB Win11 Pro,381.99,1399.0,Shipping info unavailable,https://www.ebay.com/itm/287166246176?_trkparms=5373%3A5000006400%7C5374%3ATech%7C5079%3A5000006400,1017.01,72.7
2026-04-15 21:58:00,Dell Latitude 5421 14-In FHD Touch Intel Core i5-11500H 16GB 256GB SSD Win11 Pro,275.99,1099.0,Shipping info unavailable,https://www.ebay.com/itm/297913196883?_trkparms=5373%3A5000006400%7C5374%3ATech%7C5079%3A5000006400,823.01,74.89
2026-04-15 21:58:00,Apple iPhone 16 Pro 128GB Unlocked Excellent Condition,644.0,883.0,Shipping info unavailable,https://www.ebay.com/itm/226982765337?_trkparms=5373%3A5000006400%7C5374%3ATech%7C5079%3A5000006400,239.0,27.07
2026-04-15 21:58:00,HP 15-fd0123ds 15.6-Inch HD Touch Intel N-Series 4GB RAM 128GB UFS Win11 Home S,275.99,569.99,Shipping info unavailable,https://www.ebay.com/itm/287242926420?_trkparms=5373%3A5000006400%7C5374%3ATech%7C5079%3A5000006400,294.0,51.58
2026-04-15 21:58:00,Zebra GK420T Thermal Transfer Desktop Printer,198.99,309.95,Shipping info unavailable,https://www.ebay.com/itm/366055307738?_trkparms=5373%3A5000006400%7C5374%3ATech%7C5079%3A5000006400,110.95999999999998,35.8
2026-04-15 21:58:00,Apple iPhone 16 Plus 128GB Unlocked Excellent Condition,558.0,766.0,Shipping info unavailable,https://www.ebay.com/itm/226983010067?_trkparms=5373%3A5000006400%7C5374%3ATech%7C5079%3A5000006400,208.0,27.15
2026-04-15 21:58:00,DELL Latitude 5531 15.6-inch FHD i7 32GB 512GB SSD W11 Pro Laptop,647.99,1899.0,Shipping info unavailable,https://www.ebay.com/itm/376592914144?_trkparms=5373%3A5000006400%7C5374%3ATech%7C5079%3A5000006400,1251.01,65.88
2026-04-15 21:58:00,Apple iPhone 16 256GB Unlocked Good Condition,599.0,844.0,Shipping info unavailable,https://www.ebay.com/itm/227229313221?_trkparms=5373%3A5000006400%7C5374%3ATech%7C5079%3A5000006400,245.0,29.03
2026-04-15 21:58:00,Apple iPhone 16 Plus 512GB Unlocked Good Condition,669.0,948.0,Shipping info unavailable,https://www.ebay.com/itm/227204482925?_trkparms=5373%3A5000006400%7C5374%3ATech%7C5079%3A5000006400,279.0,29.43
2026-04-15 21:58:00,Dell Latitude 7330 13.3-Inch FHD Laptop i7-1265U 16GB 512GB Win11 Pro,417.99,1799.0,Shipping info unavailable,https://www.ebay.com/itm/376643960049?_trkparms=5373%3A5000006400%7C5374%3ATech%7C5079%3A5000006400,1381.01,76.77
2026-04-15 21:58:00,Apple iPhone 16 Pro Max 256GB Unlocked Excellent Condition,792.0,1087.0,Shipping info unavailable,https://www.ebay.com/itm/226983043363?_trkparms=5373%3A5000006400%7C5374%3ATech%7C5079%3A5000006400,295.0,27.14
2026-04-15 21:58:01,Apple iPhone 16 Plus 512GB Unlocked Excellent Condition,710.0,974.0,Shipping info unavailable,https://www.ebay.com/itm/226983018020?_trkparms=5373%3A5000006400%7C5374%3ATech%7C5079%3A5000006400,264.0,27.1
2026-04-15 21:58:01,HP Fortis G1m 11.6-Inch Touchscreen Rugged Chromebook 8GB 64 GB Flash ChromeOS,206.99,349.99,Shipping info unavailable,https://www.ebay.com/itm/297849730910?_trkparms=5373%3A5000006400%7C5374%3ATech%7C5079%3A5000006400,143.0,40.86
2026-04-15 21:58:01,Walkers Razor Slim Electric Earmuffs Built In Speakers Let Freedom Ring,39.99,69.99,Shipping info unavailable,https://www.ebay.com/itm/376673093385?_trkparms=5373%3A5000006400%7C5374%3ATech%7C5079%3A5000006400,29.999999999999993,42.86
2026-04-15 21:58:01,Apple iPhone 16 Pro 512GB Unlocked Very Good Condition,731.0,1000.0,Shipping info unavailable,https://www.ebay.com/itm/227030299657?_trkparms=5373%3A5000006400%7C5374%3ATech%7C5079%3A5000006400,269.0,26.9
2026-04-15 21:58:01,Dell Latitude 5420 14-Inch FHD Laptop Intel Core i7-1185G7 16GB 512GB Win11 Pro,359.99,1599.99,Shipping info unavailable,https://www.ebay.com/itm/298060177578?_trkparms=5373%3A5000006400%7C5374%3ATech%7C5079%3A5000006400,1240.0,77.5
2026-04-15 21:58:01,Apple iPhone 16 Pro Max 256GB Unlocked Good Condition,749.0,1039.0,Shipping info unavailable,https://www.ebay.com/itm/227229333997?_trkparms=5373%3A5000006400%7C5374%3ATech%7C5079%3A5000006400,290.0,27.91
2026-04-15 21:58:01,Dell Latitude 7330 13.3-Inch FHD Laptop i7-1265U 32GB 512GB Win 11 Pro,536.99,1799.0,Shipping info unavailable,https://www.ebay.com/itm/297721054177?_trkparms=5373%3A5000006400%7C5374%3ATech%7C5079%3A5000006400,1262.01,70.15
2026-04-15 21:58:01,Dell Latitude 5340 i7 16GB 512GB SSD 13.3 FHD W11 Pro Laptop,725.99,1547.0,Shipping info unavailable,https://www.ebay.com/itm/286271463796?_trkparms=5373%3A5000006400%7C5374%3ATech%7C5079%3A5000006400,821.01,53.07
2026-04-15 21:58:02,Canon PIXMA TS6420a Wireless Inkjet All-In-One Color Printer Home (Black),66.99,299.0,Shipping info unavailable,https://www.ebay.com/itm/377074194469?_trkparms=5373%3A5000006400%7C5374%3ATech%7C5079%3A5000006400,232.01,77.6
2026-04-15 21:58:02,Canon Color imageCLASS MF654Cdw 3 In 1 Wireless Laser Printer (White/Black body),276.99,349.95,Shipping info unavailable,https://www.ebay.com/itm/297741419445?_trkparms=5373%3A5000006400%7C5374%3ATech%7C5079%3A5000006400,72.95999999999998,20.85
2026-04-16 03:31:27,Samsung Galaxy Watch6 40mm R935N GPS + Cellular - Good,75.99,75.99,Free shipping,https://www.ebay.com/itm/256629801580?_trkparms=5373%3A5000006400%7C5374%3ATech%7C5079%3A5000006400,0.0,0.0
2026-04-16 03:31:27,Samsung Galaxy Watch6 40mm R930N GPS - Very Good,79.99,79.99,Free shipping,https://www.ebay.com/itm/256656582097?_trkparms=5373%3A5000006400%7C5374%3ATech%7C5079%3A5000006400,0.0,0.0
2026-04-16 03:31:27,Samsung Galaxy S24+ 256GB S926U Unlocked - Very Good,409.99,409.99,Free shipping,https://www.ebay.com/itm/256626329653?_trkparms=5373%3A5000006400%7C5374%3ATech%7C5079%3A5000006400,0.0,0.0
2026-04-16 03:31:27,Samsung Galaxy S23+ 256GB S916U Unlocked - Excellent,322.99,322.99,Free shipping,https://www.ebay.com/itm/256372558291?_trkparms=5373%3A5000006400%7C5374%3ATech%7C5079%3A5000006400,0.0,0.0
2026-04-16 03:31:27,Samsung Galaxy S21 FE 5G 128GB G990U Unlocked - Very Good,138.99,138.99,Free shipping,https://www.ebay.com/itm/255811344551?_trkparms=5373%3A5000006400%7C5374%3ATech%7C5079%3A5000006400,0.0,0.0
2026-04-16 03:31:28,Apple Watch Series 8 45mm (GPS) Aluminum Case - Good,126.99,126.99,Free shipping,https://www.ebay.com/itm/256070065609?_trkparms=5373%3A5000006400%7C5374%3ATech%7C5079%3A5000006400,0.0,0.0
2026-04-16 03:31:28,Apple Watch Series 7 45mm (GPS) Aluminum Case - Excellent,135.99,135.99,Free shipping,https://www.ebay.com/itm/255506454892?_trkparms=5373%3A5000006400%7C5374%3ATech%7C5079%3A5000006400,0.0,0.0
2026-04-16 03:31:28,Samsung Galaxy Z Flip6 256GB F741U Unlocked - Excellent,356.99,356.99,Free shipping,https://www.ebay.com/itm/256778903053?_trkparms=5373%3A5000006400%7C5374%3ATech%7C5079%3A5000006400,0.0,0.0
2026-04-16 03:31:28,Apple Watch Series 8 41mm (GPS + Cellular) Aluminum Case - Very Good,140.99,140.99,Free shipping,https://www.ebay.com/itm/256407276839?_trkparms=5373%3A5000006400%7C5374%3ATech%7C5079%3A5000006400,0.0,0.0
2026-04-16 03:31:28,Apple iPhone 14 Pro Max 128GB Unlocked - Very Good,428.99,428.99,Free shipping,https://www.ebay.com/itm/257389830792?_trkparms=5373%3A5000006400%7C5374%3ATech%7C5079%3A5000006400,0.0,0.0
2026-04-16 03:31:28,Apple Watch Series 7 41mm (GPS) Aluminum Case - Very Good,121.99,121.99,Free shipping,https://www.ebay.com/itm/255538798178?_trkparms=5373%3A5000006400%7C5374%3ATech%7C5079%3A5000006400,0.0,0.0
2026-04-16 03:31:28,Apple Watch Series SE 2nd Generation 40mm (GPS) Aluminum Case - Excellent,125.99,125.99,Free shipping,https://www.ebay.com/itm/256102541552?_trkparms=5373%3A5000006400%7C5374%3ATech%7C5079%3A5000006400,0.0,0.0
2026-04-16 03:31:28,Samsung Galaxy Watch6 Classic 47mm R965N GPS + Cellular - Very Good,88.99,88.99,Free shipping,https://www.ebay.com/itm/256628577398?_trkparms=5373%3A5000006400%7C5374%3ATech%7C5079%3A5000006400,0.0,0.0
2026-04-16 03:31:28,Samsung Galaxy Watch6 40mm R930N GPS - Good,71.99,71.99,Free shipping,https://www.ebay.com/itm/256669371832?_trkparms=5373%3A5000006400%7C5374%3ATech%7C5079%3A5000006400,0.0,0.0
2026-04-16 03:31:29,Apple Watch Series SE 2nd Generation 40mm (GPS + Cellular) Aluminum Case -,125.99,125.99,Free shipping,https://www.ebay.com/itm/256202449614?_trkparms=5373%3A5000006400%7C5374%3ATech%7C5079%3A5000006400,0.0,0.0
2026-04-16 03:31:29,Apple iPhone 13 Pro 256GB Unlocked - Very Good,333.99,333.99,Free shipping,https://www.ebay.com/itm/256778894613?_trkparms=5373%3A5000006400%7C5374%3ATech%7C5079%3A5000006400,0.0,0.0
2026-04-16 03:31:29,Samsung Galaxy S21 5G 128GB G991U Unlocked - Very Good,147.99,147.99,Free shipping,https://www.ebay.com/itm/254986400075?_trkparms=5373%3A5000006400%7C5374%3ATech%7C5079%3A5000006400,0.0,0.0
2026-04-16 03:31:29,Apple iPhone 14 128GB Unlocked - Very Good,266.99,266.99,Free shipping,https://www.ebay.com/itm/256473384992?_trkparms=5373%3A5000006400%7C5374%3ATech%7C5079%3A5000006400,0.0,0.0
2026-04-16 03:31:29,Apple Watch Series 6 44mm (GPS + Cellular) Aluminum Case - Very Good,103.99,103.99,Free shipping,https://www.ebay.com/itm/254872336818?_trkparms=5373%3A5000006400%7C5374%3ATech%7C5079%3A5000006400,0.0,0.0
2026-04-16 03:31:29,Samsung Galaxy S21+ 5G 128GB G996U Unlocked - Good,143.99,143.99,Free shipping,https://www.ebay.com/itm/255080561107?_trkparms=5373%3A5000006400%7C5374%3ATech%7C5079%3A5000006400,0.0,0.0
2026-04-16 03:31:29,Samsung Galaxy Watch7 44mm L310N GPS - Good,108.99,108.99,Free shipping,https://www.ebay.com/itm/257158085337?_trkparms=5373%3A5000006400%7C5374%3ATech%7C5079%3A5000006400,0.0,0.0
2026-04-16 03:31:29,Samsung Galaxy Z Flip6 256GB F741U Unlocked - Very Good,342.99,342.99,Free shipping,https://www.ebay.com/itm/256778903067?_trkparms=5373%3A5000006400%7C5374%3ATech%7C5079%3A5000006400,0.0,0.0
2026-04-16 03:31:30,Apple iPhone 13 256GB Unlocked - Excellent,284.99,284.99,Free shipping,https://www.ebay.com/itm/257366596384?_trkparms=5373%3A5000006400%7C5374%3ATech%7C5079%3A5000006400,0.0,0.0
2026-04-16 03:31:30,Samsung Galaxy S21 5G 256GB G991U Unlocked - Very Good,180.99,180.99,Free shipping,https://www.ebay.com/itm/255803826495?_trkparms=5373%3A5000006400%7C5374%3ATech%7C5079%3A5000006400,0.0,0.0
2026-04-16 03:31:30,Samsung Galaxy Watch5 40mm R905N GPS + Cellular - Excellent,60.99,60.99,Free shipping,https://www.ebay.com/itm/256039440439?_trkparms=5373%3A5000006400%7C5374%3ATech%7C5079%3A5000006400,0.0,0.0
2026-04-16 03:31:30,Apple Watch Series 7 41mm (GPS + Cellular) Aluminum Case - Very Good,121.99,121.99,Free shipping,https://www.ebay.com/itm/255604555305?_trkparms=5373%3A5000006400%7C5374%3ATech%7C5079%3A5000006400,0.0,0.0
2026-04-16 03:31:30,Samsung - Galaxy Watch 6 Classic 47mm LTE - Black SS Case w/Black Leather  Band,57.99,57.99,Free shipping,https://www.ebay.com/itm/205074682038?_trkparms=5373%3A5000006400%7C5374%3ATech%7C5079%3A5000006400,0.0,0.0
2026-04-16 03:31:31,JBL PartyBox Club 120 Portable Bluetooth Speaker with Lights & Mic Input - Black,259.99,259.99,Free shipping,https://www.ebay.com/itm/297978539747?_trkparms=5373%3A5000006400%7C5374%3ATech%7C5079%3A5000006400,0.0,0.0
2026-04-16 03:31:37,Samsung Galaxy S21 S991U 5G SM- G991U1 - 128GB - FACTORY UNLOCKED - EXCELLENT,139.48,139.48,Free shipping,https://www.ebay.com/itm/125641047454?_trkparms=5373%3A5000006400%7C5374%3ATech%7C5079%3A5000006411,0.0,0.0
2026-04-16 07:58:22,Apple Watch Series SE 3 3rd Gen 40mm GPS + WiFi + Cellular Unlocked - Very Good,172.99,299.99,Shipping info unavailable,https://www.ebay.com/itm/406513141578?_trkparms=5373%3A5000006400%7C5374%3ATech%7C5079%3A5000006400,127.0,42.33
2026-04-16 07:58:22,Apple Watch Series 10 42mm GPS + WiFi + Cellular Unlocked Aluminum - Good,214.98,399.99,Shipping info unavailable,https://www.ebay.com/itm/316169965167?_trkparms=5373%3A5000006400%7C5374%3ATech%7C5079%3A5000006400,185.01000000000002,46.25
2026-04-16 07:58:23,LG 65 inch Class QNED85A Series 4K evo AI 120Hz MiniLED Smart TV webOS 25 (2025),652.0,749.99,Free shipping,https://www.ebay.com/itm/167888466639?_trkparms=5373%3A5000006400%7C5374%3ATech%7C5079%3A5000006400,97.99000000000001,13.07
2026-04-16 07:58:23,"Apple iPhone Air 256GB 6.5"" 5G Fully Unlocked - eSim US Version - Excellent",754.99,999.0,Shipping info unavailable,https://www.ebay.com/itm/406441825707?_trkparms=5373%3A5000006400%7C5374%3ATech%7C5079%3A5000006400,244.01,24.43
2026-04-16 07:58:23,"Apple iPad Air 4th Gen 10.9"" - 64GB - WIFI Only - Excellent",254.99,599.0,Shipping info unavailable,https://www.ebay.com/itm/406830932811?_trkparms=5373%3A5000006400%7C5374%3ATech%7C5079%3A5000006400,344.01,57.43
2026-04-16 07:58:23,"DS18 GEN-X 5x7"" 3-Way 50 Watts Coaxial Speakers",40.96,57.95,Free shipping,https://www.ebay.com/itm/187714673034?_trkparms=5373%3A5000006400%7C5374%3ATech%7C5079%3A5000006400,16.990000000000002,29.32
2026-04-16 07:58:23,Apple iPhone 13 Pro 128GB - Fully Unlocked  - EXCELLENT Condition,331.99,699.99,Shipping info unavailable,https://www.ebay.com/itm/325894402221?_trkparms=5373%3A5000006400%7C5374%3ATech%7C5079%3A5000006400,368.0,52.57
2026-04-16 07:58:23,"Apple iPad 8th Gen 2020 10.2"" 32GB Fully Unlocked (WIFI + Cellular) Excellent",149.99,329.0,Shipping info unavailable,https://www.ebay.com/itm/406823796702?_trkparms=5373%3A5000006400%7C5374%3ATech%7C5079%3A5000006400,179.01,54.41
2026-04-16 07:58:23,"DS18 G6.9Xi 6""x9"" 3-Way Coaxial Car Speakers - Pair",61.15,76.95,Free shipping,https://www.ebay.com/itm/187779998910?_trkparms=5373%3A5000006400%7C5374%3ATech%7C5079%3A5000006400,15.800000000000004,20.53
2026-04-16 07:58:23,Apple Watch Series 9 45mm GPS + WiFi + Cellular Unlocked Aluminum Case - Good,179.99,299.99,Shipping info unavailable,https://www.ebay.com/itm/196329735990?_trkparms=5373%3A5000006400%7C5374%3ATech%7C5079%3A5000006400,120.0,40.0
2026-04-16 07:58:23,Pioneer TS-D68F D Series 6 x 8 2-Way Car Speakers,83.62,139.99,Shipping info unavailable,https://www.ebay.com/itm/156883202523?_trkparms=5373%3A5000006400%7C5374%3ATech%7C5079%3A5000006400,56.370000000000005,40.27
2026-04-16 07:58:24,"Memphis Audio Street Reference 12"" Component Subwoofer",66.92,99.95,Free shipping,https://www.ebay.com/itm/187182117072?_trkparms=5373%3A5000006400%7C5374%3ATech%7C5079%3A5000006400,33.03,33.05
2026-04-16 07:58:24,Apple Watch Series 10 46mm GPS + WiFi + Cellular Unlocked Aluminum - Good,225.98,399.99,Shipping info unavailable,https://www.ebay.com/itm/405509850669?_trkparms=5373%3A5000006400%7C5374%3ATech%7C5079%3A5000006400,174.01000000000002,43.5
2026-04-16 07:58:24,Google Pixel 7 5G GQML3 - 128GB - Obsidian Black (Unlocked) - Very Good,160.99,299.99,Shipping info unavailable,https://www.ebay.com/itm/314841682191?_trkparms=5373%3A5000006400%7C5374%3ATech%7C5079%3A5000006400,139.0,46.33
2026-04-16 07:58:24,Optoma GT2000HDR 1080p Full HD Short Throw Laser Gaming Projector,950.0,1199.0,Free shipping,https://www.ebay.com/itm/156939523413?_trkparms=5373%3A5000006400%7C5374%3ATech%7C5079%3A5000006400,249.0,20.77
2026-04-16 07:58:24,Samsung HW-Q990F 11.1.4ch Dolby Atmos Soundbar with Subwoofer & Rear Speakers,899.0,1597.99,Shipping info unavailable,https://www.ebay.com/itm/187269222447?_trkparms=5373%3A5000006400%7C5374%3ATech%7C5079%3A5000006400,698.99,43.74
2026-04-16 07:58:24,Yamaha RX-V4A 5.2-Channel AV Receiver | 8K HDMI – MusicCast – Wi-Fi – eARC,372.0,549.95,Free shipping,https://www.ebay.com/itm/187242580614?_trkparms=5373%3A5000006400%7C5374%3ATech%7C5079%3A5000006400,177.95000000000005,32.36
2026-04-16 07:58:24,Samsung HW-B750F 5.1ch Bluetooth Soundbar with Wireless Subwoofer – 2025 Model,288.0,397.99,Free shipping,https://www.ebay.com/itm/187779998895?_trkparms=5373%3A5000006400%7C5374%3ATech%7C5079%3A5000006400,109.99000000000001,27.64
2026-04-16 07:58:24,Sony STR-AN1000 7.2-Channel 8K Network AV Receiver,806.0,1148.0,Shipping info unavailable,https://www.ebay.com/itm/167418055662?_trkparms=5373%3A5000006400%7C5374%3ATech%7C5079%3A5000006400,342.0,29.79
2026-04-16 07:58:24,"DS18 PRO-X694BM 6x9"" Mid-Range Car Speaker 200W RMS 4 Ohm (1 Speaker)",53.46,83.95,Free shipping,https://www.ebay.com/itm/167797406856?_trkparms=5373%3A5000006400%7C5374%3ATech%7C5079%3A5000006400,30.490000000000002,36.32
2026-04-16 07:58:25,DS18 MRX150 3” Marine & Powersports Color Display Head Unit Receiver,239.0,389.95,Shipping info unavailable,https://www.ebay.com/itm/187588606479?_trkparms=5373%3A5000006400%7C5374%3ATech%7C5079%3A5000006400,150.95,38.71
2026-04-16 07:58:25,"Apple 2022 iPad Pro, 12.9-inch, Wi-Fi + Cellular, 256GB, Silver - Excellent",594.99,1199.0,Shipping info unavailable,https://www.ebay.com/itm/406709224362?_trkparms=5373%3A5000006400%7C5374%3ATech%7C5079%3A5000006400,604.01,50.38
2026-04-16 07:58:25,Klipsch Reference Premiere RP-8000F II Floorstanding Speaker - Ebony - Single,574.0,799.99,Free shipping,https://www.ebay.com/itm/187105154115?_trkparms=5373%3A5000006400%7C5374%3ATech%7C5079%3A5000006400,225.99,28.25
2026-04-16 07:58:25,Apple Watch Ultra GPS + Cellular 49mm Titanium Smart Watch - Good Condition,289.99,499.99,Shipping info unavailable,https://www.ebay.com/itm/405442451019?_trkparms=5373%3A5000006400%7C5374%3ATech%7C5079%3A5000006400,210.0,42.0
2026-04-16 07:58:25,"Samsung 65"" Class QLED Q6F 4K Smart TV with Quantum Dot (2025)",577.0,647.99,Free shipping,https://www.ebay.com/itm/167797405080?_trkparms=5373%3A5000006400%7C5374%3ATech%7C5079%3A5000006400,70.99000000000001,10.96
2026-04-16 07:58:25,Apple iPhone SE 3RD GEN 128GB (2022) - Fully Unlocked - VERY GOOD Condition,175.99,299.99,Shipping info unavailable,https://www.ebay.com/itm/226370264022?_trkparms=5373%3A5000006400%7C5374%3ATech%7C5079%3A5000006400,124.0,41.33
2026-04-16 07:58:25,Boss Audio 1-DIN Bluetooth Car Stereo Digital Multimedia Receiver,37.9,79.99,Shipping info unavailable,https://www.ebay.com/itm/166619086956?_trkparms=5373%3A5000006400%7C5374%3ATech%7C5079%3A5000006400,42.089999999999996,52.62
2026-04-16 07:58:26,"Pioneer TS-A3000LS4 12"" Shallow-Mount 400-1500 Watts Max Component Subwoofer",103.0,179.99,Free shipping,https://www.ebay.com/itm/187376956896?_trkparms=5373%3A5000006400%7C5374%3ATech%7C5079%3A5000006400,76.99000000000001,42.77
2026-04-16 07:58:26,"Google Pixel 6 128GB 6.4"" Fully Unlocked, US Version - Excellent",161.99,599.0,Shipping info unavailable,https://www.ebay.com/itm/406848534795?_trkparms=5373%3A5000006400%7C5374%3ATech%7C5079%3A5000006400,437.01,72.96
2026-04-16 07:58:27,SuperBOX S6 Max 4GB RAM 64GB ROM - Free Shipping - Authorized Dealer,296.1,296.1,Free shipping,https://www.ebay.com/itm/406591932449?_trkparms=5373%3A5000006400%7C5374%3ATech%7C5079%3A5000006409,0.0,0.0
2026-04-16 07:58:27,SUPERBOX S7 PRO Streaming Media Player,359.0,359.0,Free shipping,https://www.ebay.com/itm/136667562824?_trkparms=5373%3A5000006400%7C5374%3ATech%7C5079%3A5000006409,0.0,0.0
2026-04-16 07:58:28,"Apple iPad 10.2"" 9th Gen, 64GB, Wi-Fi - Very Good - 1 YEAR WARRANTY",167.26,399.0,Free shipping,https://www.ebay.com/itm/185373645076?_trkparms=5373%3A5000006400%7C5374%3ATech%7C5079%3A5000006415,231.74,58.08
2026-04-16 07:58:32,Apple Watch Series 7 Aluminum 41 mm GPS + Cellular Midnight Black (Good),159.99,499.0,Free shipping,https://www.ebay.com/itm/286892175250?_trkparms=5373%3A5000006400%7C5374%3ATech%7C5079%3A5000006411,339.01,67.94
2026-04-16 10:21:08,Samsung Galaxy A71 SM-A716 128GB Black (GSM Unlocked) - Good,104.99,299.99,Shipping info unavailable,https://www.ebay.com/itm/314028343749?_trkparms=5373%3A5000006400%7C5374%3ATech%7C5079%3A5000006400,195.0,65.0
2026-04-16 10:21:08,Google Pixel Watch 3 45mm GPS + WiFi + Bluetooth Gold Black Silver - Good,115.99,299.99,Shipping info unavailable,https://www.ebay.com/itm/197926463571?_trkparms=5373%3A5000006400%7C5374%3ATech%7C5079%3A5000006400,184.0,61.34
2026-04-16 10:21:10,Apple Watch Series 8 45mm GPS + WiFi + Bluetooth Aluminum Case - Good Condition,151.99,299.99,Shipping info unavailable,https://www.ebay.com/itm/314605129887?_trkparms=5373%3A5000006400%7C5374%3ATech%7C5079%3A5000006400,148.0,49.33
2026-04-16 10:21:10,Apple Watch Series 11 46mm GPS + WiFi + Cellular Unlocked Aluminum - Excellent,331.99,499.99,Shipping info unavailable,https://www.ebay.com/itm/198059523363?_trkparms=5373%3A5000006400%7C5374%3ATech%7C5079%3A5000006400,168.0,33.6
2026-04-16 10:21:10,Apple Watch SE 40mm 44mm GPS + WiFi + Cellular Pink Gold Gray Silver - Very Good,105.99,299.99,Shipping info unavailable,https://www.ebay.com/itm/195267541947?_trkparms=5373%3A5000006400%7C5374%3ATech%7C5079%3A5000006400,194.0,64.67
2026-04-16 14:03:26,Apple iPhone 14 128GB - Fully Unlocked  - EXCELLENT Condition,296.99,296.99,Free shipping,https://www.ebay.com/itm/326422597792?_trkparms=5373%3A5000006400%7C5374%3ATech%7C5079%3A5000006423,0.0,0.0
2026-04-16 14:03:26,Motorola Moto G Stylus 5G 2025 XT2517-2 Unlocked (Any Carrier) 128GB Excellent,188.99,188.99,Free shipping,https://www.ebay.com/itm/326886708665?_trkparms=5373%3A5000006400%7C5374%3ATech%7C5079%3A5000006423,0.0,0.0
2026-04-16 14:03:27,Samsung Galaxy S25 FE FACTORY UNLOCKED 128GB SM-S731U1 5G BLACK,359.0,359.0,Free shipping,https://www.ebay.com/itm/127637127748?_trkparms=5373%3A5000006400%7C5374%3ATech%7C5079%3A5000006423,0.0,0.0
2026-04-16 14:03:27,Dell Latitude 5330 13.3” FHD Touch Laptop Core i7 32GB RAM 512GB SSD Win 11 Pro,394.79,394.79,Free shipping,https://www.ebay.com/itm/257114279816?_trkparms=5373%3A5000006400%7C5374%3ATech%7C5079%3A5000006407,0.0,0.0
2026-04-16 14:03:27,"XGIMI Horizon S Max 4K Projector, 3100 ISO Lumen, Dolby Vision, IMAX Enhanced",1299.0,1299.0,Free shipping,https://www.ebay.com/itm/317952045090?_trkparms=5373%3A5000006400%7C5374%3ATech%7C5079%3A5000006409,0.0,0.0
2026-04-16 14:03:28,DJI Intelligent Battery for Mavic Air 2 / Air 2S  DJI Certified Refurbished,65.0,89.0,Free shipping,https://www.ebay.com/itm/304925251592?_trkparms=5373%3A5000006400%7C5374%3ATech%7C5079%3A5000006430,24.0,26.97
2026-04-16 14:03:29,SAMSUNG Galaxy Buds2 Pro True Wireless Bluetooth Earbuds  R510 - Very Good,65.99,65.99,Free shipping,https://www.ebay.com/itm/168095217953?_trkparms=5373%3A5000006400%7C5374%3ATech%7C5079%3A5000006419,0.0,0.0
2026-04-16 14:03:29,Samsung Galaxy Buds + SM-R175 Bluetooth Wireless Earbuds -  Good,32.99,32.99,Free shipping,https://www.ebay.com/itm/157689157523?_trkparms=5373%3A5000006400%7C5374%3ATech%7C5079%3A5000006419,0.0,0.0
2026-04-16 14:03:29,Anker MagGo Power Bank 5000mAh 15W Qi2-Certified Slim Charger for iPhone|Refurb,35.96,49.99,Free shipping,https://www.ebay.com/itm/383768788896?_trkparms=5373%3A5000006400%7C5374%3ATech%7C5079%3A5000006419,14.030000000000001,28.07
2026-04-16 14:03:30,"REDTIGER F7NT 128G Dash Camera 4K Front and Rear,Touch Screen ,With Hardwire Kit",108.99,168.99,Free shipping,https://www.ebay.com/itm/285642435034?_trkparms=5373%3A5000006400%7C5374%3ATech%7C5079%3A5000006432,60.000000000000014,35.51
2026-04-16 14:03:30,REDTIGER F7NP 4K Dual Dash Camera Front and Rear Dash Cam WiFi with Hardwire Kit,79.99,139.99,Free shipping,https://www.ebay.com/itm/285750006733?_trkparms=5373%3A5000006400%7C5374%3ATech%7C5079%3A5000006432,60.000000000000014,42.86
2026-04-16 14:03:32,Anker  13-in-1 USB-C Docking Station 85W Charging Triple Display + 6ft 60W Cable,89.99,99.99,Free shipping,https://www.ebay.com/itm/385570084619?_trkparms=5373%3A5000006400%7C5374%3ATech%7C5079%3A5000006427,10.0,10.0
2026-04-16 14:03:32,Anker 12-in-1 USB-C Docking Station Monitor Stand Wireless Charging Pad | Refurb,134.99,249.99,Free shipping,https://www.ebay.com/itm/386138894842?_trkparms=5373%3A5000006400%7C5374%3ATech%7C5079%3A5000006427,115.0,46.0
2026-04-16 14:03:32,Anker 737 Power Bank 24000mAh 3-Port Portable Charger 140W for iPhone 14/MacBook,67.49,159.99,Free shipping,https://www.ebay.com/itm/385840234596?_trkparms=5373%3A5000006400%7C5374%3ATech%7C5079%3A5000006411,92.50000000000001,57.82
2026-04-16 14:03:32,Apple iPhone 14 128GB - Fully Unlocked  - EXCELLENT Condition,296.99,296.99,Free shipping,https://www.ebay.com/itm/326422597792?_trkparms=5373%3A5000006400%7C5374%3ATech%7C5079%3A5000006411,0.0,0.0
2026-04-16 14:03:32,Motorola Moto G Stylus 5G 2025 XT2517-2 Unlocked (Any Carrier) 128GB Excellent,188.99,188.99,Free shipping,https://www.ebay.com/itm/326886708665?_trkparms=5373%3A5000006400%7C5374%3ATech%7C5079%3A5000006411,0.0,0.0
2026-04-16 14:03:32,Samsung Galaxy Watch 8 LTE 40mm Unlocked  Smartwatch L325U - Excellent,186.99,186.99,Free shipping,https://www.ebay.com/itm/187984024574?_trkparms=5373%3A5000006400%7C5374%3ATech%7C5079%3A5000006411,0.0,0.0
2026-04-16 14:03:32,"Refurbished HUION Kamvas Pro 27 Drawing Tablet 27"" 4K UHD Display PenTech 4.0",1207.99,1207.99,Free shipping,https://www.ebay.com/itm/235606179093?_trkparms=5373%3A5000006400%7C5374%3ATech%7C5079%3A5000006405,0.0,0.0
2026-04-16 16:26:42,"BenQ GP100A Outdoor 4K Projector 1080P, 1000 Lumens Autofocus & Auto 2D Keystone",413.0,899.99,Shipping info unavailable,https://www.ebay.com/itm/375996237840?_trkparms=5373%3A5000006400%7C5374%3ATech%7C5079%3A5000006400,486.99,54.11
2026-04-16 16:26:42,"BenQ GP520 4K HDR 2600lm Lumens UHD, 1.2:1 Lens, Auto Cinema Mode,  HDR10+ & HLG",780.0,1149.99,Shipping info unavailable,https://www.ebay.com/itm/167911910712?_trkparms=5373%3A5000006400%7C5374%3ATech%7C5079%3A5000006400,369.99,32.17
2026-04-16 16:26:42,BenQ GS1 3D Ready DLP Projector 16:9 LED 720p 1280x720 HDMI port Android 4.4,169.0,899.99,Shipping info unavailable,https://www.ebay.com/itm/375991625001?_trkparms=5373%3A5000006400%7C5374%3ATech%7C5079%3A5000006400,730.99,81.22
2026-04-16 16:26:42,BenQ GS50 500-Lumen FHD 1080p Portable DLP Projector 2.1 CH Bluetooth Speakers,375.0,899.99,Shipping info unavailable,https://www.ebay.com/itm/377083170021?_trkparms=5373%3A5000006400%7C5374%3ATech%7C5079%3A5000006400,524.99,58.33
2026-04-16 16:26:42,BenQ GV10 Mini Portable Projector WVGA (854x480) DLP LED HDMI-1 USB Type A-1,84.0,279.99,Shipping info unavailable,https://www.ebay.com/itm/375496991685?_trkparms=5373%3A5000006400%7C5374%3ATech%7C5079%3A5000006400,195.99,70.0
2026-04-16 16:26:42,"BenQ GV50 FHD Projector 500-Lumens, Laser DLP, Flexible Bedside Projection Stand",451.0,999.99,Shipping info unavailable,https://www.ebay.com/itm/167463819918?_trkparms=5373%3A5000006400%7C5374%3ATech%7C5079%3A5000006400,548.99,54.9
2026-04-16 16:26:42,"BenQ HT4050 Full HD Home Theater Projector 2,000 Lumens Rec. 709 Cinematic Color",733.0,1129.99,Shipping info unavailable,https://www.ebay.com/itm/376500194877?_trkparms=5373%3A5000006400%7C5374%3ATech%7C5079%3A5000006400,396.99,35.13
2026-04-16 16:26:42,BenQ HT5550 True 4K UHD Home Theater Projector with HDR-PRO | 1800 ANSI lumens,1315.0,2099.99,Shipping info unavailable,https://www.ebay.com/itm/168080412306?_trkparms=5373%3A5000006400%7C5374%3ATech%7C5079%3A5000006400,784.9899999999998,37.38
2026-04-16 16:26:42,BenQ LH650 FHD Laser DLP Projector 4000-Lumens 2D Keystone & Corner Fit HDMI USB,780.0,1199.99,Shipping info unavailable,https://www.ebay.com/itm/167463819897?_trkparms=5373%3A5000006400%7C5374%3ATech%7C5079%3A5000006400,419.99,35.0
2026-04-16 16:26:43,BenQ MS560 4000 Lumens SVGA DLP Projector Speakers Smart Eco Power RemoteControl,225.0,459.99,Shipping info unavailable,https://www.ebay.com/itm/168231017493?_trkparms=5373%3A5000006400%7C5374%3ATech%7C5079%3A5000006400,234.99,51.09
2026-04-16 16:26:43,BenQ MW632ST WXGA Short Throw Projector 3200 Lumens Keystone 1.2X Zoom,469.0,849.99,Shipping info unavailable,https://www.ebay.com/itm/377114007813?_trkparms=5373%3A5000006400%7C5374%3ATech%7C5079%3A5000006400,380.99,44.82
2026-04-16 16:26:43,BenQ TH685P 1080p Gaming Projector HDR 8.3ms@120Hz Low Input Lag 3500 lm,592.0,1039.99,Shipping info unavailable,https://www.ebay.com/itm/377083170465?_trkparms=5373%3A5000006400%7C5374%3ATech%7C5079%3A5000006400,447.99,43.08
2026-04-16 16:26:43,BenQ TK700ST 3000 Lumens UHD 4K Short-Throw DLP Gaming Projector 5W Speaker,1033.0,1449.99,Shipping info unavailable,https://www.ebay.com/itm/167701274865?_trkparms=5373%3A5000006400%7C5374%3ATech%7C5079%3A5000006400,416.99,28.76
2026-04-16 16:26:43,BenQ TK850 True 4K HDR-PRO DLP Projector for Movies Gaming & Sports Dynamic Iris,808.0,1679.99,Shipping info unavailable,https://www.ebay.com/itm/168231016944?_trkparms=5373%3A5000006400%7C5374%3ATech%7C5079%3A5000006400,871.99,51.9
2026-04-16 16:26:43,"HP EliteBook 845 G8 14"" FHD IPS AMD Ryzen 5 PRO 5650U 16GB RAM 256GB SSD W11P SL",278.0,389.99,Shipping info unavailable,https://www.ebay.com/itm/377095546884?_trkparms=5373%3A5000006400%7C5374%3ATech%7C5079%3A5000006400,111.99000000000001,28.72
2026-04-16 16:26:44,"HP EliteBook 845 G8 14"" FHD AMD Ryzen 5 PRO 5650U 16GB 512GB SSD W11P Laptop SL",297.0,629.99,Shipping info unavailable,https://www.ebay.com/itm/168293600355?_trkparms=5373%3A5000006400%7C5374%3ATech%7C5079%3A5000006400,332.99,52.86
2026-04-16 16:26:44,"HP EliteBook 845 G8 14"" FHD AMD Ryzen 5 PRO 5650U 16GB 512GB SSD W11P Laptop SL",297.0,419.99,Shipping info unavailable,https://www.ebay.com/itm/377101013580?_trkparms=5373%3A5000006400%7C5374%3ATech%7C5079%3A5000006400,122.99000000000001,29.28
2026-04-16 16:26:44,"HP Zbook Power G8 15.6"" FHD Intel i7-11850H 32GB 256GB SSD NVIDIA T1200 W11P GR",455.0,799.99,Shipping info unavailable,https://www.ebay.com/itm/377082633699?_trkparms=5373%3A5000006400%7C5374%3ATech%7C5079%3A5000006400,344.99,43.12
2026-04-16 16:26:44,"HP Zbook Power G8 15.6"" FHD Intel i7-11850H 32GB 256GB SSD NVIDIA T1200 W11P GR",446.0,799.99,Shipping info unavailable,https://www.ebay.com/itm/168282136902?_trkparms=5373%3A5000006400%7C5374%3ATech%7C5079%3A5000006400,353.99,44.25
2026-04-16 16:26:44,"HP Zbook Power G8 15.6"" FHD Intel i7-11850H 32GB RAM 128GB SSD NVIDIA T1200 W11P",455.0,639.99,Shipping info unavailable,https://www.ebay.com/itm/377082644877?_trkparms=5373%3A5000006400%7C5374%3ATech%7C5079%3A5000006400,184.99,28.91
2026-04-16 16:26:44,"HP Zbook Power G8 15.6"" FHD Intel i7-11850H 32GB 512GB SSD NVIDIA T1200 W11P GR",446.0,799.99,Shipping info unavailable,https://www.ebay.com/itm/168282439284?_trkparms=5373%3A5000006400%7C5374%3ATech%7C5079%3A5000006400,353.99,44.25
2026-04-16 16:26:44,"HP ZBook Power G8 15.6"" FHD Intel i7-11850H 32GB 256GB SSD NVIDIA T1200 W11P GR",455.0,799.99,Shipping info unavailable,https://www.ebay.com/itm/168279554643?_trkparms=5373%3A5000006400%7C5374%3ATech%7C5079%3A5000006400,344.99,43.12
2026-04-16 16:26:44,"HP ZBook Power G8 15.6"" FHD Intel i7-11850H 32GB 256GB SSD NVIDIA T1200 W11P GR",446.0,799.99,Shipping info unavailable,https://www.ebay.com/itm/377079795069?_trkparms=5373%3A5000006400%7C5374%3ATech%7C5079%3A5000006400,353.99,44.25
2026-04-16 16:26:44,"HP ZBook Power G8 15.6"" FHD IPS Intel i7-11850H 32GB 512GB SSD NVIDIA T1200 W11P",455.0,639.99,Shipping info unavailable,https://www.ebay.com/itm/377113617360?_trkparms=5373%3A5000006400%7C5374%3ATech%7C5079%3A5000006400,184.99,28.91
2026-04-16 16:26:45,"HP ZBook Power G8 15.6"" FHD Intel i7-11850H 32GB 256GB SSD NVIDIA T1200 W11P GR",446.0,629.99,Shipping info unavailable,https://www.ebay.com/itm/377113617204?_trkparms=5373%3A5000006400%7C5374%3ATech%7C5079%3A5000006400,183.99,29.21
2026-04-16 16:26:45,"HP ZBook Power G8 15.6"" FHD IPS Intel i7-11850H 32GB 256GB SSD NVIDIA T1200 W11P",455.0,639.99,Shipping info unavailable,https://www.ebay.com/itm/168308627997?_trkparms=5373%3A5000006400%7C5374%3ATech%7C5079%3A5000006400,184.99,28.91
2026-04-16 16:26:45,HP ZBook Power G8 15.6” FHD Intel Core i7-11850H 32GB DDR4 256GB SSD T1200 W11P,455.0,639.99,Shipping info unavailable,https://www.ebay.com/itm/168308628045?_trkparms=5373%3A5000006400%7C5374%3ATech%7C5079%3A5000006400,184.99,28.91
2026-04-16 16:26:45,"HP Zbook Power G8 15.6"" FHD Intel i7-11850H 64GB 256GB SSD NVIDIA T1200 W11P GR",557.0,779.99,Shipping info unavailable,https://www.ebay.com/itm/377079800334?_trkparms=5373%3A5000006400%7C5374%3ATech%7C5079%3A5000006400,222.99,28.59
2026-04-16 16:26:45,HP DeskJet 4255e All-in-One Printer with 3 Months of Instant Ink for free with,59.99,109.99,Free shipping,https://www.ebay.com/itm/156197787545?_trkparms=5373%3A5000006400%7C5374%3ATech%7C5079%3A5000006400,49.99999999999999,45.46
2026-04-16 16:26:46,Samsung Galaxy S25 FE 128GB S731U Unlocked - Excellent,379.99,379.99,Free shipping,https://www.ebay.com/itm/257415077061?_trkparms=5373%3A5000006400%7C5374%3ATech%7C5079%3A5000006400,0.0,0.0
2026-04-16 16:26:46,Solar Battery Powered Camera WiFi6 Wireless Security System PTZ Outdoor 4PACK,109.99,169.99,Free shipping,https://www.ebay.com/itm/137150239798?_trkparms=5373%3A5000006400%7C5374%3ATech%7C5079%3A5000006400,60.000000000000014,35.3
2026-04-16 16:26:46,"HP OmniBook 5 Laptop Computer 16"" 2K Intel Core 5 16 GB memory; 512 GB SSD",599.99,1329.99,Free shipping,https://www.ebay.com/itm/157440323019?_trkparms=5373%3A5000006400%7C5374%3ATech%7C5079%3A5000006400,730.0,54.89
2026-04-16 16:26:47,"XGIMI HORIZON S Pro 4K Home Projector, Dolby Vision, 1800 ISO Lumens, Android TV",939.0,939.0,Free shipping,https://www.ebay.com/itm/317952017043?_trkparms=5373%3A5000006400%7C5374%3ATech%7C5079%3A5000006409,0.0,0.0
2026-04-16 16:26:50,"Soundcore Boom 3i by Anker,Compact Outdoor Speaker,IP68 Waterproof,Bluetooth",89.99,103.99,Free shipping,https://www.ebay.com/itm/389314683680?_trkparms=5373%3A5000006400%7C5374%3ATech%7C5079%3A5000006403,14.0,13.46
2026-04-16 16:26:52,Samsung Galaxy S25 FE FACTORY UNLOCKED 128GB SM-S731U1 5G BLACK,359.0,359.0,Free shipping,https://www.ebay.com/itm/127637127748?_trkparms=5373%3A5000006400%7C5374%3ATech%7C5079%3A5000006411,0.0,0.0
2026-04-16 19:25:40,Samsung Galaxy Buds + SM-R175 Bluetooth Wireless Earbuds -  Good,32.99,32.99,Free shipping,https://www.ebay.com/itm/157689157523?_trkparms=5373%3A5000006400%7C5374%3ATech%7C5079%3A5000006411,0.0,0.0
2026-04-16 21:52:40,HP ZBook Power G8 15.6” FHD Intel Core i7-11850H  64GB DDR4 256GB SSD T1200 W11P,503.5,530.0,Shipping info unavailable,https://www.ebay.com/itm/168308627484?_trkparms=5373%3A5000006400%7C5374%3ATech%7C5079%3A5000006400,26.5,5.0
2026-04-17 03:26:48,Lenovo ThinkPad T14 14” Business Laptop Core i5 16GB RAM 256GB SSD Win 11 WiFi,254.7,254.7,Free shipping,https://www.ebay.com/itm/286761933322?_trkparms=5373%3A5000006400%7C5374%3ATech%7C5079%3A5000006407,0.0,0.0
2026-04-17 03:26:49,Next Level Racing Wheel Stand 2.0 for Wheels,314.56,314.56,Free shipping,https://www.ebay.com/itm/336076228109?_trkparms=5373%3A5000006400%7C5374%3ATech%7C5079%3A5000006401,0.0,0.0
2026-04-17 03:26:50,"Apple iPad Pro 13"" M4 Chip 2024, 256GB, Wi-Fi - VERY GOOD - 1 YEAR WARRANTY",753.16,1699.0,Free shipping,https://www.ebay.com/itm/176905331222?_trkparms=5373%3A5000006400%7C5374%3ATech%7C5079%3A5000006415,945.84,55.67
2026-04-17 03:26:51,"DNP 4x6"" Print Pack for DS-40 Dye Sub Printer, 800 Glossy Prints",126.0,126.0,Free shipping,https://www.ebay.com/itm/373661270561?_trkparms=5373%3A5000006400%7C5374%3ATech%7C5079%3A5000006417,0.0,0.0
2026-04-17 07:59:25,"JLab Go POP+ True Wireless Bluetooth Earbuds, In-Ear Headphones, Refurbished",18.89,20.99,Free shipping,https://www.ebay.com/itm/335251351456?_trkparms=5373%3A5000006400%7C5374%3ATech%7C5079%3A5000006403,2.099999999999998,10.0
2026-04-17 16:05:56,Samsung Galaxy S21 Ultra 5G 128GB SM-G998U FACTORY UNLOCKED CDMA + GSM EXCELLENT,219.48,1199.99,Shipping info unavailable,https://www.ebay.com/itm/116057991171?_trkparms=5373%3A5000006400%7C5374%3ATech%7C5079%3A5000006400,980.51,81.71
2026-04-17 16:05:56,Samsung Galaxy S23+ Plus 5G SM-S916U1 FACTORY UNLOCKED Black 256GB - OPEN BOX,339.48,1299.99,Free shipping,https://www.ebay.com/itm/116400825564?_trkparms=5373%3A5000006400%7C5374%3ATech%7C5079%3A5000006400,960.51,73.89
2026-04-17 16:05:56,Apple iPhone 14 -5G - 128GB Factory Unlocked GSM + CDMA - EXCELLENT,284.99,999.99,Shipping info unavailable,https://www.ebay.com/itm/116619563010?_trkparms=5373%3A5000006400%7C5374%3ATech%7C5079%3A5000006400,715.0,71.5
2026-04-17 16:05:56,Apple  iPhone 14 Pro Max 5G 512GB Factory Unlocked CDMA + GSM - OPEN BOX,559.48,1399.99,Free shipping,https://www.ebay.com/itm/127390246107?_trkparms=5373%3A5000006400%7C5374%3ATech%7C5079%3A5000006400,840.51,60.04
2026-04-17 16:05:56,Apple  iPhone 13 Pro Max 5G 128GB Factory Unlocked CDMA + GSM - EXCELLENT,389.48,1099.99,Shipping info unavailable,https://www.ebay.com/itm/135737955732?_trkparms=5373%3A5000006400%7C5374%3ATech%7C5079%3A5000006400,710.51,64.59
2026-04-17 16:05:56,Samsung Galaxy S22+ PLUS 128GB 5G FACTORY UNLOCKED CDMA + GSM  - EXCELLENT,169.48,999.99,Shipping info unavailable,https://www.ebay.com/itm/135167717589?_trkparms=5373%3A5000006400%7C5374%3ATech%7C5079%3A5000006400,830.51,83.05
2026-04-17 16:05:57,Apple MacBook Air 2022 A2681 13in M2 10 Core GPU 8GB RAM 256GB SSD Good,610.95,1499.0,Shipping info unavailable,https://www.ebay.com/itm/306873631572?_trkparms=5373%3A5000006400%7C5374%3ATech%7C5079%3A5000006400,888.05,59.24
2026-04-17 16:05:57,Apple MacBook Air 2022 A2681 13in M2 8 Core GPU 8GB RAM 1TB SSD Good,686.95,1599.0,Shipping info unavailable,https://www.ebay.com/itm/298213415346?_trkparms=5373%3A5000006400%7C5374%3ATech%7C5079%3A5000006400,912.05,57.04
2026-04-17 16:05:57,"2025 Apple M3 iPad Air 7 256GB WiFi Only 11"" (Purple) 4CA64LL/A w/Year Warranty",584.04,699.0,Shipping info unavailable,https://www.ebay.com/itm/377113433826?_trkparms=5373%3A5000006400%7C5374%3ATech%7C5079%3A5000006400,114.96000000000004,16.45
2026-04-17 16:05:57,"2022 Apple iPad 10 64GB WiFi Only 10.9"" (Blue) 4PQ13LL/A w/1 Year Warranty",281.79,449.0,Shipping info unavailable,https://www.ebay.com/itm/147259161978?_trkparms=5373%3A5000006400%7C5374%3ATech%7C5079%3A5000006400,167.20999999999998,37.24
2026-04-17 16:05:57,Samsung Galaxy S21 ULTRA 256GB FACTORY UNLOCKED VERIZON ATT TMOBILE EXCELLENT,249.48,1299.99,Shipping info unavailable,https://www.ebay.com/itm/126327555084?_trkparms=5373%3A5000006400%7C5374%3ATech%7C5079%3A5000006400,1050.51,80.81
2026-04-17 16:05:58,"2021 Apple iPad Pro 5 12.9"" 1TB Unlocked (Space Gray) A2379 - w/Year Warranty",584.04,1999.0,Shipping info unavailable,https://www.ebay.com/itm/377113591008?_trkparms=5373%3A5000006400%7C5374%3ATech%7C5079%3A5000006400,1414.96,70.78
2026-04-17 16:05:58,Apple iPad Air M2 2024 11-inch Wi-Fi + 5G Cellular Unlocked 256GB Very Good,516.95,849.0,Shipping info unavailable,https://www.ebay.com/itm/298232611668?_trkparms=5373%3A5000006400%7C5374%3ATech%7C5079%3A5000006400,332.04999999999995,39.11
2026-04-17 16:05:58,Apple iPad Air M2 2024 11-inch Wi-Fi Only 512GB Very Good Condition,572.95,899.0,Shipping info unavailable,https://www.ebay.com/itm/306884244195?_trkparms=5373%3A5000006400%7C5374%3ATech%7C5079%3A5000006400,326.04999999999995,36.27
2026-04-17 16:05:58,Apple MacBook Air 2022 A2681 13in M2 8 Core GPU 8GB RAM 512GB SSD Very Good,686.95,1399.0,Shipping info unavailable,https://www.ebay.com/itm/298213415040?_trkparms=5373%3A5000006400%7C5374%3ATech%7C5079%3A5000006400,712.05,50.9
2026-04-17 16:05:58,"2024 Apple M3 MacBook Air 13.6"" 8GB/256GB SSD (Midnight) A3113 - w/Warranty",745.86,1099.0,Shipping info unavailable,https://www.ebay.com/itm/358453221642?_trkparms=5373%3A5000006400%7C5374%3ATech%7C5079%3A5000006400,353.14,32.13
2026-04-17 16:05:58,2025 Apple iPad 11 90%+ Battery 256GB WiFi/Cellular (Blue) A3355 w/Warranty,478.02,599.0,Shipping info unavailable,https://www.ebay.com/itm/376678048905?_trkparms=5373%3A5000006400%7C5374%3ATech%7C5079%3A5000006400,120.98000000000002,20.2
2026-04-17 16:05:58,"2022 Apple iPad Air 5 64GB WiFi/Cellular 10.9"" (Space Gray) A2589 - w/Warranty",312.48,749.0,Shipping info unavailable,https://www.ebay.com/itm/376730660514?_trkparms=5373%3A5000006400%7C5374%3ATech%7C5079%3A5000006400,436.52,58.28
2026-04-17 16:05:58,Apple Watch Series 10 46mm Cellular (Natural) w/M-L Grey Band 4WYA3LW/A Warranty,256.68,749.0,Shipping info unavailable,https://www.ebay.com/itm/147260363355?_trkparms=5373%3A5000006400%7C5374%3ATech%7C5079%3A5000006400,492.32,65.73
2026-04-17 16:05:59,Samsung Galaxy Z FLIP 5 -5G 256GB SM-F731U1 - FACTORY UNLOCKED - EXCELLENT,319.48,899.99,Shipping info unavailable,https://www.ebay.com/itm/126941546526?_trkparms=5373%3A5000006400%7C5374%3ATech%7C5079%3A5000006400,580.51,64.5
2026-04-17 16:05:59,Samsung Galaxy S22 ULTRA 5G 512GB UNLOCKED AT&T VERIZON TMOBILE METRO - OPEN BOX,359.48,1399.99,Free shipping,https://www.ebay.com/itm/136752855603?_trkparms=5373%3A5000006400%7C5374%3ATech%7C5079%3A5000006400,1040.51,74.32
2026-04-17 16:05:59,Snakebyte Xbox Series GamePad Pro X Licensed Wired Video Game Controller (Black),29.97,69.99,Free shipping,https://www.ebay.com/itm/375595506267?_trkparms=5373%3A5000006400%7C5374%3ATech%7C5079%3A5000006400,40.019999999999996,57.18
2026-04-17 16:05:59,Sony WH-1000XM6 Wireless Noise-Canceling Headphones with QN3 Processor (Black),309.99,339.99,Shipping info unavailable,https://www.ebay.com/itm/287191262106?_trkparms=5373%3A5000006400%7C5374%3ATech%7C5079%3A5000006400,30.0,8.82
2026-04-17 16:06:01,DJI Osmo Action 5 Pro Standard Combo (Certified Refurbished),289.0,289.0,Free shipping,https://www.ebay.com/itm/306791886107?_trkparms=5373%3A5000006400%7C5374%3ATech%7C5079%3A5000006400,0.0,0.0
2026-04-17 16:06:01,iPhone 16 Pro Max 256GB 512GB 1TB Verizon AT&T T-Mobile Unlocked (Excellent),906.99,906.99,Free shipping,https://www.ebay.com/itm/287096038157?_trkparms=5373%3A5000006400%7C5374%3ATech%7C5079%3A5000006400,0.0,0.0
2026-04-17 19:11:37,Apple Watch Series 7 Aluminum 41 mm GPS + Cellular Midnight Black (Good),127.99,499.0,Shipping info unavailable,https://www.ebay.com/itm/286892175250?_trkparms=5373%3A5000006400%7C5374%3ATech%7C5079%3A5000006400,371.01,74.35
2026-04-17 19:11:37,"Apple iPhone 16 Pro Max, 1TB, Titanium US Version - e-Sim - Unlocked - Excellent",889.99,1599.0,Shipping info unavailable,https://www.ebay.com/itm/406815335996?_trkparms=5373%3A5000006400%7C5374%3ATech%7C5079%3A5000006400,709.01,44.34
2026-04-17 19:11:37,"Apple iPhone 15 Pro Max, 512GB Titanium - Unlocked Excellent",604.99,1199.0,Shipping info unavailable,https://www.ebay.com/itm/406815336379?_trkparms=5373%3A5000006400%7C5374%3ATech%7C5079%3A5000006400,594.01,49.54
2026-04-17 19:11:38,"Apple iPhone 17 256GB 6.3"" 5G Fully Unlocked eSim US Version - Excellent",744.99,899.0,Shipping info unavailable,https://www.ebay.com/itm/406440180000?_trkparms=5373%3A5000006400%7C5374%3ATech%7C5079%3A5000006400,154.01,17.13
2026-04-17 19:11:39,Samsung Galaxy Z FLIP 4 -5G 128GB SM-F711U1 FACTORY UNLOCKED- EXCELLENT,219.48,999.99,Shipping info unavailable,https://www.ebay.com/itm/134671417616?_trkparms=5373%3A5000006400%7C5374%3ATech%7C5079%3A5000006400,780.51,78.05
2026-04-17 19:11:40,Samsung Galaxy S20 ULTRA 5G 128GB FACTORY UNLOCKED VERIZON ATT TMOBILE EXCELLENT,249.48,799.99,Shipping info unavailable,https://www.ebay.com/itm/116088694961?_trkparms=5373%3A5000006400%7C5374%3ATech%7C5079%3A5000006400,550.51,68.81
2026-04-17 19:11:40,Apple iPhone 14 Pro - 5G - 128GB Factory Unlocked GSM + CDMA - EXCELLENT,399.48,1199.99,Shipping info unavailable,https://www.ebay.com/itm/127392552490?_trkparms=5373%3A5000006400%7C5374%3ATech%7C5079%3A5000006400,800.51,66.71
2026-04-17 19:11:40,Samsung Galaxy Z FLIP 4 -5G - 256GB FACTORY UNLOCKED - CDMA + GSM - EXCELLENT,229.48,1199.99,Shipping info unavailable,https://www.ebay.com/itm/134570103443?_trkparms=5373%3A5000006400%7C5374%3ATech%7C5079%3A5000006400,970.51,80.88
2026-04-17 19:11:40,HP DeskJet 2855e All-in-One Printer w/ 3 Months Instant Ink for free w/ HP+,49.99,89.99,Free shipping,https://www.ebay.com/itm/156804942660?_trkparms=5373%3A5000006400%7C5374%3ATech%7C5079%3A5000006400,39.99999999999999,44.45
2026-04-17 19:11:40,"HP EliteBook 840 G7 14"" 16GB 512GB SSD Core™ i5-10310U 1.7GHz WIN11P, Silver",230.0,529.99,Free shipping,https://www.ebay.com/itm/366229051169?_trkparms=5373%3A5000006400%7C5374%3ATech%7C5079%3A5000006400,299.99,56.6
2026-04-17 19:11:41,Samsung Galaxy S25 FE 128GB S731U Unlocked - Excellent,379.99,379.99,Free shipping,https://www.ebay.com/itm/257415077061?_trkparms=5373%3A5000006400%7C5374%3ATech%7C5079%3A5000006423,0.0,0.0
2026-04-17 19:11:41,"HP OmniBook 5 Laptop Computer 16"" 2K Intel Core 5 16 GB memory; 512 GB SSD",599.99,1329.99,Free shipping,https://www.ebay.com/itm/157440323019?_trkparms=5373%3A5000006400%7C5374%3ATech%7C5079%3A5000006407,730.0,54.89
2026-04-17 19:11:45,HP DeskJet 4255e All-in-One Printer with 3 Months of Instant Ink for free with,59.99,109.99,Free shipping,https://www.ebay.com/itm/156197787545?_trkparms=5373%3A5000006400%7C5374%3ATech%7C5079%3A5000006417,49.99999999999999,45.46
2026-04-17 19:11:46,Solar Battery Powered Camera WiFi6 Wireless Security System PTZ Outdoor 4PACK,109.99,169.99,Free shipping,https://www.ebay.com/itm/137150239798?_trkparms=5373%3A5000006400%7C5374%3ATech%7C5079%3A5000006413,60.000000000000014,35.3
2026-04-17 19:11:47,HP DeskJet 4255e All-in-One Printer with 3 Months of Instant Ink for free with,59.99,109.99,Free shipping,https://www.ebay.com/itm/156197787545?_trkparms=5373%3A5000006400%7C5374%3ATech%7C5079%3A5000006405,49.99999999999999,45.46
2026-04-18 02:57:29,Apple Watch SE 3 40mm GPS Starlight Aluminum Case Starlight Sport Band MEH34LW/A,159.99,269.99,Shipping info unavailable,https://www.ebay.com/itm/366291490764?_trkparms=5373%3A5000006400%7C5374%3ATech%7C5079%3A5000006400,110.0,40.74
2026-04-18 02:57:29,Samsung Galaxy Z Fold5 512GB F946U Unlocked - Good,449.99,1799.99,Shipping info unavailable,https://www.ebay.com/itm/257066123753?_trkparms=5373%3A5000006400%7C5374%3ATech%7C5079%3A5000006400,1350.0,75.0
2026-04-18 02:57:29,"HP Essential Laptop Computer 14"" HD Intel N-series 4 GB memory;64 GB eMMC",199.99,499.99,Free shipping,https://www.ebay.com/itm/157060434925?_trkparms=5373%3A5000006400%7C5374%3ATech%7C5079%3A5000006400,300.0,60.0
2026-04-18 02:57:29,Samsung Galaxy Watch 8 44mm Aluminum Smartwatch BT Silver (2025) SM-L330NZSAXAA,181.99,289.99,Shipping info unavailable,https://www.ebay.com/itm/366291572037?_trkparms=5373%3A5000006400%7C5374%3ATech%7C5079%3A5000006400,108.0,37.24
2026-04-18 02:57:30,Samsung Galaxy S25+ Plus 256GB S936U1 US Model Factory Unlocked Navy - Excellent,799.99,799.99,Free shipping,https://www.ebay.com/itm/327068218649?_trkparms=5373%3A5000006400%7C5374%3ATech%7C5079%3A5000006400,0.0,0.0
2026-04-18 02:57:32,Samsung Galaxy Z Fold5 512GB F946U Unlocked - Good,449.99,1799.99,Free shipping,https://www.ebay.com/itm/257066123753?_trkparms=5373%3A5000006400%7C5374%3ATech%7C5079%3A5000006423,1350.0,75.0
2026-04-18 02:57:32,Samsung Galaxy S22 128GB S901U Unlocked - Good,159.99,799.99,Free shipping,https://www.ebay.com/itm/255865325274?_trkparms=5373%3A5000006400%7C5374%3ATech%7C5079%3A5000006423,640.0,80.0
2026-04-18 02:57:36,Tamron 16-30mm F/2.8 Di III VXD G2 Ultra-Wide Angle Lens Nikon Z PRO Zoom,929.0,929.0,Free shipping,https://www.ebay.com/itm/286785207552?_trkparms=5373%3A5000006400%7C5374%3ATech%7C5079%3A5000006425,0.0,0.0
2026-04-18 02:57:36,Tamron SP 24-70mm f/2.8 Di VC USD G2 Lens for Canon EF,1099.95,1704.99,Free shipping,https://www.ebay.com/itm/205156292087?_trkparms=5373%3A5000006400%7C5374%3ATech%7C5079%3A5000006425,605.04,35.49
2026-04-18 02:57:36,Samsung Galaxy Z Fold5 512GB F946U Unlocked - Good,449.99,1799.99,Free shipping,https://www.ebay.com/itm/257066123753?_trkparms=5373%3A5000006400%7C5374%3ATech%7C5079%3A5000006411,1350.0,75.0
2026-04-18 02:57:36,Samsung Galaxy S22 128GB S901U Unlocked - Good,159.99,799.99,Free shipping,https://www.ebay.com/itm/255865325274?_trkparms=5373%3A5000006400%7C5374%3ATech%7C5079%3A5000006411,640.0,80.0
2026-04-18 05:15:12,Nikon AF-S VR Micro-NIKKOR 105mm f/2.8G IF-ED Lens,994.95,1542.99,Free shipping,https://www.ebay.com/itm/326669220915?_trkparms=5373%3A5000006400%7C5374%3ATech%7C5079%3A5000006425,548.04,35.52
2026-04-18 13:16:23,HP OfficeJet Pro 9135e All-in-One Printer w/ 3 Months Instant Ink free w/ HP+,329.99,429.99,Free shipping,https://www.ebay.com/itm/156049752298?_trkparms=5373%3A5000006400%7C5374%3ATech%7C5079%3A5000006400,100.0,23.26
2026-04-18 13:16:23,Reolink 8CH NVR Security Camera Recorder CCTV Surveillance 2TB HDD RLN8-410,224.99,299.99,Shipping info unavailable,https://www.ebay.com/itm/389325057305?_trkparms=5373%3A5000006400%7C5374%3ATech%7C5079%3A5000006400,75.0,25.0
2026-04-18 13:16:23,"Apple iPad 8 (2020) 10.2"" 32GB Space Gray (WiFi) - Good",128.99,128.99,Free shipping,https://www.ebay.com/itm/156979299460?_trkparms=5373%3A5000006400%7C5374%3ATech%7C5079%3A5000006400,0.0,0.0
2026-04-18 15:43:50,Kyocera DuraXE Epic E4830 Black Android (AT&T + GSM Unlocked) - Excellent,100.99,100.99,Free shipping,https://www.ebay.com/itm/167541122142?_trkparms=5373%3A5000006400%7C5374%3ATech%7C5079%3A5000006400,0.0,0.0
2026-04-18 15:43:50,HP OfficeJet Pro 8125e All-in-One Printer with 3 Months of Instant Ink for free,139.99,179.99,Free shipping,https://www.ebay.com/itm/157125041751?_trkparms=5373%3A5000006400%7C5374%3ATech%7C5079%3A5000006400,40.0,22.22
2026-04-18 15:43:51,"HP OmniBook X Laptop Computer 17.3"" FHD Touch Screen Intel Core Ultra 7 16 GB",879.99,1299.99,Free shipping,https://www.ebay.com/itm/157142371306?_trkparms=5373%3A5000006400%7C5374%3ATech%7C5079%3A5000006400,420.0,32.31
2026-04-18 15:43:56,DJI Tello RC Drone FPV Quadcopter With 720 HD WIFI Camera -Certified Refurbished,199.0,199.0,Free shipping,https://www.ebay.com/itm/304925265027?_trkparms=5373%3A5000006400%7C5374%3ATech%7C5079%3A5000006430,0.0,0.0
2026-04-18 21:42:46,"Apple iPhone 16 Pro Max, 1TB, Titanium US Version - e-Sim - Unlocked - Excellent",889.99,1599.0,Free shipping,https://www.ebay.com/itm/406815335996?_trkparms=5373%3A5000006400%7C5374%3ATech%7C5079%3A5000006423,709.01,44.34
2026-04-19 07:40:25,Apple iPad 11th Gen A16 (2025) (WiFi + Cellular Unlocked) 128GB -Blue,319.0,319.0,Free shipping,https://www.ebay.com/itm/198116666437?_trkparms=5373%3A5000006400%7C5374%3ATech%7C5079%3A5000006415,0.0,0.0
2026-04-19 13:16:40,Netgear RBK853-100NAR AX6000 Wireless TriBand System 3Pack Certified Refurbished,299.99,1199.99,Free shipping,https://www.ebay.com/itm/133880442722?_trkparms=5373%3A5000006400%7C5374%3ATech%7C5079%3A5000006405,900.0,75.0
2026-04-19 15:44:15,Anker Prime Docking Station 14-in-1 160W 10Gbps Data Transfer Dual 4K |Refurbish,140.39,249.99,Free shipping,https://www.ebay.com/itm/385840469475?_trkparms=5373%3A5000006400%7C5374%3ATech%7C5079%3A5000006405,109.60000000000002,43.84
2026-04-19 19:01:24,"Apple iPad 8 (2020) 10.2"" 32GB Space Gray (WiFi) - Good",128.99,128.99,Free shipping,https://www.ebay.com/itm/156979299460?_trkparms=5373%3A5000006400%7C5374%3ATech%7C5079%3A5000006415,0.0,0.0
2026-04-19 19:01:26,HP OfficeJet Pro 9135e All-in-One Printer w/ 3 Months Instant Ink free w/ HP+,299.99,429.99,Free shipping,https://www.ebay.com/itm/156049752298?_trkparms=5373%3A5000006400%7C5374%3ATech%7C5079%3A5000006417,130.0,30.23
2026-04-19 19:01:27,eufy SoloCam S340 Outdoor Solar Security Camera 3K Dual-Camera Pan&Tilt 8xZoom,131.25,199.99,Free shipping,https://www.ebay.com/itm/387549414157?_trkparms=5373%3A5000006400%7C5374%3ATech%7C5079%3A5000006413,68.74000000000001,34.37
2026-04-19 19:01:28,Anker MagGo Power Bank 5000mAh 15W Qi2-Certified Slim Charger for iPhone|Refurb,35.96,49.99,Free shipping,https://www.ebay.com/itm/383768788896?_trkparms=5373%3A5000006400%7C5374%3ATech%7C5079%3A5000006411,14.030000000000001,28.07
2026-04-20 03:35:43,Samsung Galaxy S25 FE 128GB S731U Unlocked - Excellent,379.99,379.99,Free shipping,https://www.ebay.com/itm/257415077061?_trkparms=5373%3A5000006400%7C5374%3ATech%7C5079%3A5000006411,0.0,0.0
2026-04-20 08:21:01,DJI Flip (RC-N3) (Certified Refurbished),369.0,369.0,Free shipping,https://www.ebay.com/itm/306788675797?_trkparms=5373%3A5000006400%7C5374%3ATech%7C5079%3A5000006430,0.0,0.0
2026-04-20 19:17:20,Google Pixel 7 Pro GE2AE (AT&T Only) 128GB Hazel (Excellent),237.99,899.99,Shipping info unavailable,https://www.ebay.com/itm/287160029904?_trkparms=5373%3A5000006400%7C5374%3ATech%7C5079%3A5000006400,662.0,73.56
2026-04-20 19:17:20,HP Color LaserJet Managed E57540dn Laser Printer,279.99,4628.66,Shipping info unavailable,https://www.ebay.com/itm/168264265075?_trkparms=5373%3A5000006400%7C5374%3ATech%7C5079%3A5000006400,4348.67,93.95
2026-04-20 19:17:20,Apple iPhone 16 Pro Max (Fully Unlocked) 512GB Natural Titanium (Very Good),799.99,1500.0,Shipping info unavailable,https://www.ebay.com/itm/287102047068?_trkparms=5373%3A5000006400%7C5374%3ATech%7C5079%3A5000006400,700.01,46.67
2026-04-20 19:17:21,Nintendo Switch Lite - HDH-001 - 32GB  Blue (Good),152.99,399.99,Shipping info unavailable,https://www.ebay.com/itm/287260808022?_trkparms=5373%3A5000006400%7C5374%3ATech%7C5079%3A5000006400,247.0,61.75
2026-04-20 19:17:21,Apple iPhone 13 A2482 (Fully Unlocked) 256GB Midnight (Good),267.99,1049.0,Shipping info unavailable,https://www.ebay.com/itm/286883563990?_trkparms=5373%3A5000006400%7C5374%3ATech%7C5079%3A5000006400,781.01,74.45
2026-04-20 19:17:21,"Apple Watch Series 7 Aluminum 45mm A2474 (GPS Only, No Cellular) Green (Good)",127.99,499.0,Shipping info unavailable,https://www.ebay.com/itm/286892219230?_trkparms=5373%3A5000006400%7C5374%3ATech%7C5079%3A5000006400,371.01,74.35
2026-04-20 19:17:21,Apple Watch Series 6 Aluminum 40mm A2293 (GPS + Cellular) Blue (Excellent),116.99,499.0,Shipping info unavailable,https://www.ebay.com/itm/286894074877?_trkparms=5373%3A5000006400%7C5374%3ATech%7C5079%3A5000006400,382.01,76.56
2026-04-20 19:17:21,Samsung Galaxy Xcover6 Pro G736U AT&T LOCKED 128GB Black (Good),133.99,499.99,Shipping info unavailable,https://www.ebay.com/itm/286934588905?_trkparms=5373%3A5000006400%7C5374%3ATech%7C5079%3A5000006400,366.0,73.2
2026-04-20 19:17:21,"Apple Watch Series 7 Aluminum 41mm A2473 (GPS Only, No Cellular) Red (Good)",127.99,499.0,Shipping info unavailable,https://www.ebay.com/itm/286892166234?_trkparms=5373%3A5000006400%7C5374%3ATech%7C5079%3A5000006400,371.01,74.35
2026-04-20 19:17:21,Apple iPad Pro 11 2018 A1980 WiFi 256GB Space Gray (Very Good),254.99,949.0,Shipping info unavailable,https://www.ebay.com/itm/287258969650?_trkparms=5373%3A5000006400%7C5374%3ATech%7C5079%3A5000006400,694.01,73.13
2026-04-20 19:17:21,"Apple Watch SE (2020) 1st Gen 44mm (GPS Only, No Cellular) Silver (Excellent)",102.99,299.99,Shipping info unavailable,https://www.ebay.com/itm/286967851980?_trkparms=5373%3A5000006400%7C5374%3ATech%7C5079%3A5000006400,197.0,65.67
2026-04-20 19:17:21,"Apple Watch Series 9 Aluminum 45mm A2980 (GPS Only, No Cellular) Silver (Good)",183.99,499.0,Shipping info unavailable,https://www.ebay.com/itm/286967995882?_trkparms=5373%3A5000006400%7C5374%3ATech%7C5079%3A5000006400,315.01,63.13
2026-04-20 19:17:22,Nintendo Switch Lite - HDH-001 - 32GB  Turquoise (Good),152.99,399.99,Shipping info unavailable,https://www.ebay.com/itm/287260809808?_trkparms=5373%3A5000006400%7C5374%3ATech%7C5079%3A5000006400,247.0,61.75
2026-04-20 19:17:22,Apple iPhone 16 Pro Max A3084 (Fully Unlocked) 512GB Desert Titanium (Very Good),799.99,1500.0,Shipping info unavailable,https://www.ebay.com/itm/287101979605?_trkparms=5373%3A5000006400%7C5374%3ATech%7C5079%3A5000006400,700.01,46.67
2026-04-20 19:17:22,Apple iPhone 15 A2846 (AT&T Only) 128GB Blue (Excellent),370.99,1500.0,Shipping info unavailable,https://www.ebay.com/itm/286919878543?_trkparms=5373%3A5000006400%7C5374%3ATech%7C5079%3A5000006400,1129.01,75.27
2026-04-20 19:17:22,Apple iPad Air 4 2020 (Wi-Fi + Cellular Unlocked) 64GB Space Gray (Excellent),243.99,729.0,Shipping info unavailable,https://www.ebay.com/itm/286883173828?_trkparms=5373%3A5000006400%7C5374%3ATech%7C5079%3A5000006400,485.01,66.53
2026-04-20 19:17:22,Apple iPad Air M3 2025 11-inch Wi-Fi + 5G Cellular Unlocked 256GB Excellent,600.95,849.0,Shipping info unavailable,https://www.ebay.com/itm/298236248076?_trkparms=5373%3A5000006400%7C5374%3ATech%7C5079%3A5000006400,248.04999999999995,29.22
2026-04-20 19:17:22,Apple iPad 8th Gen 2020 (Wi-Fi) 32GB Space Gray (Good),120.99,329.0,Shipping info unavailable,https://www.ebay.com/itm/286883347423?_trkparms=5373%3A5000006400%7C5374%3ATech%7C5079%3A5000006400,208.01,63.22
2026-04-20 19:17:22,Apple iPhone 16 Pro Max A3084 (Fully Unlocked) 256GB White Titanium (Good),754.99,1500.0,Shipping info unavailable,https://www.ebay.com/itm/286915655629?_trkparms=5373%3A5000006400%7C5374%3ATech%7C5079%3A5000006400,745.01,49.67
2026-04-20 19:17:22,"Apple Watch SE (2020) 1st Gen 40mm (GPS Only, No Cellular) Gray (Excellent)",107.99,299.99,Shipping info unavailable,https://www.ebay.com/itm/286894086262?_trkparms=5373%3A5000006400%7C5374%3ATech%7C5079%3A5000006400,192.0,64.0
2026-04-20 19:17:23,"Apple Watch SE (2020) 1st Gen 40mm (GPS Only, No Cellular) Silver (Very Good)",102.99,299.99,Shipping info unavailable,https://www.ebay.com/itm/286894087287?_trkparms=5373%3A5000006400%7C5374%3ATech%7C5079%3A5000006400,197.0,65.67
2026-04-20 19:17:23,"Apple Watch Series 9 Aluminum 41mm (GPS Only, No Cellular) Pink (Very Good)",192.99,499.0,Shipping info unavailable,https://www.ebay.com/itm/287070706410?_trkparms=5373%3A5000006400%7C5374%3ATech%7C5079%3A5000006400,306.01,61.32
2026-04-20 19:17:23,"Dell Chromebook 11 3100, N4020 4GB RAM 32GB eMMC 11.6"" LED Black (Good)",75.99,79.99,Shipping info unavailable,https://www.ebay.com/itm/287260652107?_trkparms=5373%3A5000006400%7C5374%3ATech%7C5079%3A5000006400,4.0,5.0
2026-04-20 19:17:23,Lenovo Chromebook 500e (2nd Gen) 4GB RAM 32GB eMMC11.6 LED Black (Good),61.99,199.99,Shipping info unavailable,https://www.ebay.com/itm/287260798275?_trkparms=5373%3A5000006400%7C5374%3ATech%7C5079%3A5000006400,138.0,69.0
2026-04-20 19:17:23,Apple iPhone 13 A2482 Unlocked 128GB Red (Very Good),247.99,1049.0,Shipping info unavailable,https://www.ebay.com/itm/287070608881?_trkparms=5373%3A5000006400%7C5374%3ATech%7C5079%3A5000006400,801.01,76.36
2026-04-20 19:17:23,Apple iPhone 16 Pro Max A3084 (Fully Unlocked) 512GB Desert Titanium (Good),792.99,1500.0,Shipping info unavailable,https://www.ebay.com/itm/287101980106?_trkparms=5373%3A5000006400%7C5374%3ATech%7C5079%3A5000006400,707.01,47.13
2026-04-20 19:17:23,Nintendo 3DS (Japan) CTR-001(JPN) Aqua Blue (Very Good),209.99,299.99,Shipping info unavailable,https://www.ebay.com/itm/287260798537?_trkparms=5373%3A5000006400%7C5374%3ATech%7C5079%3A5000006400,90.0,30.0
2026-04-20 19:17:23,HP LaserJet Managed Flow MFP E52645c Monochrome Printer,549.99,5369.46,Shipping info unavailable,https://www.ebay.com/itm/168264264814?_trkparms=5373%3A5000006400%7C5374%3ATech%7C5079%3A5000006400,4819.47,89.76
2026-04-20 19:17:23,"Apple Watch Series 7 Aluminum 45mm (GPS Only, No Cellular) Green (Very Good)",131.99,499.0,Shipping info unavailable,https://www.ebay.com/itm/286894082658?_trkparms=5373%3A5000006400%7C5374%3ATech%7C5079%3A5000006400,367.01,73.55
2026-04-20 19:17:24,Apple iPhone 15 A2846 (Fully Unlocked) 128GB Pink (Good),372.99,1500.0,Shipping info unavailable,https://www.ebay.com/itm/286919883415?_trkparms=5373%3A5000006400%7C5374%3ATech%7C5079%3A5000006400,1127.01,75.13
2026-04-20 19:17:24,Anker 737 Power Bank 24000mAh 3-Port Portable Charger 140W for iPhone 14/MacBook,74.99,159.99,Free shipping,https://www.ebay.com/itm/385840234596?_trkparms=5373%3A5000006400%7C5374%3ATech%7C5079%3A5000006400,85.00000000000001,53.13
2026-04-20 19:17:24,"Acer Nitro V 15 15.6"" i5-13420H 13th Gen 16GB 512GB RTX 5050 Win11 Refurbished",799.99,898.99,Free shipping,https://www.ebay.com/itm/257313224756?_trkparms=5373%3A5000006400%7C5374%3ATech%7C5079%3A5000006400,99.0,11.01
2026-04-20 19:17:24,"Apple iPad 8 10.2"" 32GB 128GB Gray SIlver Gold WiFi or Cellular - Very Good",139.99,139.99,Free shipping,https://www.ebay.com/itm/154854299303?_trkparms=5373%3A5000006400%7C5374%3ATech%7C5079%3A5000006400,0.0,0.0
2026-04-20 19:17:24,Samsung Galaxy Z Flip6 512GB F741U Unlocked - Good,369.99,369.99,Free shipping,https://www.ebay.com/itm/257355481365?_trkparms=5373%3A5000006400%7C5374%3ATech%7C5079%3A5000006400,0.0,0.0
2026-04-20 19:17:25,RCA 1080P Smart Streaming Projector w/ Roku Express Streaming Device RPJ227,59.98,149.99,Free shipping,https://www.ebay.com/itm/396177373866?_trkparms=5373%3A5000006400%7C5374%3ATech%7C5079%3A5000006400,90.01000000000002,60.01
2026-04-20 19:17:25,Samsung Galaxy Z Fold6 256GB F956U Unlocked - Excellent,569.99,569.99,Free shipping,https://www.ebay.com/itm/256778903100?_trkparms=5373%3A5000006400%7C5374%3ATech%7C5079%3A5000006423,0.0,0.0
2026-04-20 19:17:25,"HP Essential Laptop Computer 14"" HD Intel N-series 4 GB memory;64 GB eMMC",499.99,499.99,Free shipping,https://www.ebay.com/itm/157060434925?_trkparms=5373%3A5000006400%7C5374%3ATech%7C5079%3A5000006407,0.0,0.0
2026-04-20 19:17:25,"Dell Inspiron Business Laptop 15"" FHD Core i5 16GB RAM 256GB SSD Windows 11 Pro",297.9,297.9,Free shipping,https://www.ebay.com/itm/286047398319?_trkparms=5373%3A5000006400%7C5374%3ATech%7C5079%3A5000006407,0.0,0.0
2026-04-20 19:17:27,Nintendo Switch Lite - HDH-001 - 32GB  Blue (Good),152.99,399.99,Free shipping,https://www.ebay.com/itm/287260808022?_trkparms=5373%3A5000006400%7C5374%3ATech%7C5079%3A5000006401,247.0,61.75
2026-04-20 19:17:27,Nintendo Switch Lite - HDH-001 - 32GB  Turquoise (Good),152.99,399.99,Free shipping,https://www.ebay.com/itm/287260809808?_trkparms=5373%3A5000006400%7C5374%3ATech%7C5079%3A5000006401,247.0,61.75
2026-04-20 19:17:27,Nintendo Switch Lite - HDH-001 - 32GB  Yellow (Very Good),161.99,399.99,Free shipping,https://www.ebay.com/itm/287260811330?_trkparms=5373%3A5000006400%7C5374%3ATech%7C5079%3A5000006401,238.0,59.5
2026-04-20 19:17:27,Nintendo 3DS (Japan) CTR-001(JPN) Aqua Blue (Very Good),209.99,299.99,Free shipping,https://www.ebay.com/itm/287260798537?_trkparms=5373%3A5000006400%7C5374%3ATech%7C5079%3A5000006401,90.0,30.0
2026-04-20 19:17:27,"Apple iPad Air 4 (2020) 10.9"" 64GB Space Gray (WiFi + Cellular) - Good",229.99,229.99,Free shipping,https://www.ebay.com/itm/156979303000?_trkparms=5373%3A5000006400%7C5374%3ATech%7C5079%3A5000006415,0.0,0.0
2026-04-20 19:17:28,Sony WF-1000XM5 Truly Wireless Bluetooth Noise Canceling Headphones - Black,149.99,329.99,Free shipping,https://www.ebay.com/itm/276015021037?_trkparms=5373%3A5000006400%7C5374%3ATech%7C5079%3A5000006419,180.0,54.55
2026-04-20 19:17:28,HP OfficeJet Pro 8125e All-in-One Printer with 3 Months of Instant Ink for free,139.99,179.99,Free shipping,https://www.ebay.com/itm/157125041751?_trkparms=5373%3A5000006400%7C5374%3ATech%7C5079%3A5000006417,40.0,22.22
2026-04-20 19:17:29,HP Color LaserJet Managed E57540dn Laser Printer,279.99,4628.66,Free shipping,https://www.ebay.com/itm/168264265075?_trkparms=5373%3A5000006400%7C5374%3ATech%7C5079%3A5000006417,4348.67,93.95
2026-04-20 19:17:29,SAMSUNG GALAXY SMARTTAG2 BLUETOOTH TRACKER 4 PACK 2 BLACK 2 WHITE EI-T5600KWEGUS,99.0,140.54,Free shipping,https://www.ebay.com/itm/166988655658?_trkparms=5373%3A5000006400%7C5374%3ATech%7C5079%3A5000006432,41.53999999999999,29.56
2026-04-20 19:17:29,Samsung Galaxy SmartTag2 Black (EI-T5600BBEGUS) Brand New,20.99,59.99,Free shipping,https://www.ebay.com/itm/197711219151?_trkparms=5373%3A5000006400%7C5374%3ATech%7C5079%3A5000006432,39.0,65.01
2026-04-20 19:17:29,SAMSUNG Galaxy SmartTag2 Bluetooth GPS Smart Tracker Black 1-Pack,20.99,59.99,Free shipping,https://www.ebay.com/itm/176996248624?_trkparms=5373%3A5000006400%7C5374%3ATech%7C5079%3A5000006432,39.0,65.01
2026-04-20 19:17:29,Nikon FTZ II Mount Adapter (F Lens to Z-Mount Camera) 4264 / 4306,212.95,212.95,Free shipping,https://www.ebay.com/itm/393815816592?_trkparms=5373%3A5000006400%7C5374%3ATech%7C5079%3A5000006425,0.0,0.0
2026-04-20 19:17:29,Samyang AF 35-150mm F2-2.8 Panasonic L Mount Full Frame,1199.0,1499.0,Free shipping,https://www.ebay.com/itm/405981650447?_trkparms=5373%3A5000006400%7C5374%3ATech%7C5079%3A5000006425,300.0,20.01
2026-04-20 19:17:29,"JLab Go POP+ True Wireless Bluetooth Earbuds, In-Ear Headphones, Refurbished",18.89,20.99,Free shipping,https://www.ebay.com/itm/335251351456?_trkparms=5373%3A5000006400%7C5374%3ATech%7C5079%3A5000006413,2.099999999999998,10.0
2026-04-20 19:17:30,QGeeM 16 in 1 Universal USB C Thunderbolt 4 Docking Station T4801 - Grey,99.0,100.04,Free shipping,https://www.ebay.com/itm/166520076302?_trkparms=5373%3A5000006400%7C5374%3ATech%7C5079%3A5000006427,1.0400000000000063,1.04
2026-04-20 19:17:30,Apple Watch SE 3 40mm GPS Starlight Aluminum Case Starlight Sport Band MEH34LW/A,159.99,269.99,Free shipping,https://www.ebay.com/itm/366291490764?_trkparms=5373%3A5000006400%7C5374%3ATech%7C5079%3A5000006411,110.0,40.74
2026-04-20 19:17:31,HP OfficeJet Pro 8125e All-in-One Printer with 3 Months of Instant Ink for free,139.99,179.99,Free shipping,https://www.ebay.com/itm/157125041751?_trkparms=5373%3A5000006400%7C5374%3ATech%7C5079%3A5000006405,40.0,22.22
2026-04-20 21:54:22,Apple iPhone 14 A2649 Unlocked 128GB Red (Very Good),280.99,1500.0,Shipping info unavailable,https://www.ebay.com/itm/287062413094?_trkparms=5373%3A5000006400%7C5374%3ATech%7C5079%3A5000006400,1219.01,81.27
2026-04-21 03:27:56,"Vena 4 Pack For Apple AirTag Holder, AirTag Keychain Silicone, AirTag Case Cover",13.99,19.99,Free shipping,https://www.ebay.com/itm/389436870106?_trkparms=5373%3A5000006400%7C5374%3ATech%7C5079%3A5000006432,5.999999999999998,30.02
2026-04-21 03:27:57,OM SYSTEM Olympus M.Zuiko Digital ED 12-100mm F4.0 is PRO for Micro Four Thirds,1109.95,1720.99,Free shipping,https://www.ebay.com/itm/197221600718?_trkparms=5373%3A5000006400%7C5374%3ATech%7C5079%3A5000006425,611.04,35.51
2026-04-21 08:03:31,Apple iPhone 13 A2482 Unlocked 256GB Green (Excellent),284.99,1049.0,Shipping info unavailable,https://www.ebay.com/itm/287075096407?_trkparms=5373%3A5000006400%7C5374%3ATech%7C5079%3A5000006400,764.01,72.83
2026-04-21 08:03:32,"HP Chromebook 11 G9 EE MediaTek 2.0Ghz, 4GB RAM 32GB eMMC11.6 Black (Excellent)",88.99,199.99,Shipping info unavailable,https://www.ebay.com/itm/287260778580?_trkparms=5373%3A5000006400%7C5374%3ATech%7C5079%3A5000006400,111.00000000000001,55.5
2026-04-21 08:03:32,Apple iPhone 14 A2649 (AT&T LOCKED) 256GB Midnight (Excellent),316.99,1500.0,Shipping info unavailable,https://www.ebay.com/itm/286886195928?_trkparms=5373%3A5000006400%7C5374%3ATech%7C5079%3A5000006400,1183.01,78.87
2026-04-21 10:23:01,Samsung Galaxy S21+ Plus 5G G996U AT&T Only 256GB Phantom Black (Good),197.99,1049.99,Shipping info unavailable,https://www.ebay.com/itm/286934564335?_trkparms=5373%3A5000006400%7C5374%3ATech%7C5079%3A5000006400,852.0,81.14
2026-04-21 10:23:03,Apple iPhone 15 Plus A2847 (Unlocked) 128GB Black (Good),391.99,1500.0,Shipping info unavailable,https://www.ebay.com/itm/287062454811?_trkparms=5373%3A5000006400%7C5374%3ATech%7C5079%3A5000006400,1108.01,73.87
2026-04-21 16:15:36,"Apple Watch Series 7 Aluminum 41mm A2473 (GPS Only, No Cellular) Blue (Good)",127.99,499.0,Shipping info unavailable,https://www.ebay.com/itm/286892169792?_trkparms=5373%3A5000006400%7C5374%3ATech%7C5079%3A5000006400,371.01,74.35
2026-04-21 16:15:37,"Samsung Galaxy Book 4 Intel Core 7 15.6"" NP754XGK-LS1US 512GB 16GB RAM Silver",553.99,553.99,Free shipping,https://www.ebay.com/itm/157695952906?_trkparms=5373%3A5000006400%7C5374%3ATech%7C5079%3A5000006400,0.0,0.0
2026-04-21 19:21:59,Skullcandy Dime Evo XT - Black  ( Refurbished),23.8,49.99,Free shipping,https://www.ebay.com/itm/376424803288?_trkparms=5373%3A5000006400%7C5374%3ATech%7C5079%3A5000006400,26.19,52.39
2026-04-21 19:21:59,Google Pixel 9 Pro XL 128GB Unlocked AT&T T-Mobile Verizon Very Good Condition,422.95,1099.0,Free shipping,https://www.ebay.com/itm/297972000267?_trkparms=5373%3A5000006400%7C5374%3ATech%7C5079%3A5000006400,676.05,61.52
2026-04-21 19:22:00,Samsung Galaxy Z Flip6 512GB F741U Unlocked - Good,359.99,359.99,Free shipping,https://www.ebay.com/itm/257355481365?_trkparms=5373%3A5000006400%7C5374%3ATech%7C5079%3A5000006423,0.0,0.0
2026-04-21 19:22:01,"Acer Nitro V 15 15.6"" i5-13420H 13th Gen 16GB 512GB RTX 5050 Win11 Refurbished",799.99,898.99,Free shipping,https://www.ebay.com/itm/257313224756?_trkparms=5373%3A5000006400%7C5374%3ATech%7C5079%3A5000006407,99.0,11.01
2026-04-21 19:22:01,"Bose TV Speaker Home Theater Soundbar, Certified Refurbished",179.0,279.0,Free shipping,https://www.ebay.com/itm/184706040293?_trkparms=5373%3A5000006400%7C5374%3ATech%7C5079%3A5000006409,100.0,35.84
2026-04-21 19:22:05,"Bose TV Speaker Home Theater Soundbar, Certified Refurbished",179.0,279.0,Free shipping,https://www.ebay.com/itm/184706040293?_trkparms=5373%3A5000006400%7C5374%3ATech%7C5079%3A5000006413,100.0,35.84
2026-04-21 21:52:16,Samsung Galaxy S24+ Plus  5G  256GB SM-926U1  Factory Unlocked - EXCELLENT,429.48,429.48,Free shipping,https://www.ebay.com/itm/116737736806?_trkparms=5373%3A5000006400%7C5374%3ATech%7C5079%3A5000006400,0.0,0.0
2026-04-21 21:52:16,Apple iPhone 13  128GB Unlocked FACTORY UNLOCKED  - EXCELLENT,229.49,229.49,Free shipping,https://www.ebay.com/itm/116996574826?_trkparms=5373%3A5000006400%7C5374%3ATech%7C5079%3A5000006400,0.0,0.0
2026-04-21 21:52:17,Google Pixel 7a 5G 128GB - Different Colors - Unlocked - Excellent,198.0,198.0,Free shipping,https://www.ebay.com/itm/127304886151?_trkparms=5373%3A5000006400%7C5374%3ATech%7C5079%3A5000006400,0.0,0.0
2026-04-21 21:52:17,ATT Cingular Flip IV 4G LTE Flip Phone For use with AT&T Only - 1 Year Warranty,34.99,34.99,Free shipping,https://www.ebay.com/itm/127318441386?_trkparms=5373%3A5000006400%7C5374%3ATech%7C5079%3A5000006400,0.0,0.0
2026-04-21 21:52:17,"iPhone, Watch & AirPods MagSafe 3-in-1 15W Stand | Apple Certified | Belkin",60.0,83.99,Shipping info unavailable,https://www.ebay.com/itm/127462282746?_trkparms=5373%3A5000006400%7C5374%3ATech%7C5079%3A5000006400,23.989999999999995,28.56
2026-04-21 21:52:17,"iPhone, Watch & AirPods MagSafe 3-in-1 Charging Stand | Apple Certified | Belkin",60.0,149.99,Shipping info unavailable,https://www.ebay.com/itm/127462399885?_trkparms=5373%3A5000006400%7C5374%3ATech%7C5079%3A5000006400,89.99000000000001,60.0
2026-04-21 21:52:18,iPhone & AirPods MagSafe 2-in-1 Charging Stand | Apple Certified | Belkin,40.0,99.99,Shipping info unavailable,https://www.ebay.com/itm/127462408525?_trkparms=5373%3A5000006400%7C5374%3ATech%7C5079%3A5000006400,59.989999999999995,60.0
2026-04-21 21:52:18,Belkin BoostCharge Pro 15W 3-in-1 Wireless Charging Pad with MagSafe - White,60.0,149.99,Shipping info unavailable,https://www.ebay.com/itm/127471775776?_trkparms=5373%3A5000006400%7C5374%3ATech%7C5079%3A5000006400,89.99000000000001,60.0
2026-04-21 21:52:18,Apple iPhone 15 128/256/512GB Unlocked Very Good All Colors,403.86,403.86,Free shipping,https://www.ebay.com/itm/127557443965?_trkparms=5373%3A5000006400%7C5374%3ATech%7C5079%3A5000006400,0.0,0.0
2026-04-21 21:52:18,Apple iPhone 17 512GB Unlocked Very Good All Colors,838.86,838.86,Free shipping,https://www.ebay.com/itm/127693822399?_trkparms=5373%3A5000006400%7C5374%3ATech%7C5079%3A5000006400,0.0,0.0
2026-04-22 03:25:58,"Seagate Exos 28TB 7.2K RPM SATA 6Gb/s 3.5"" Enterprise HDD - ST28000NM000C",537.99,537.99,Free shipping,https://www.ebay.com/itm/296879436001?_trkparms=5373%3A5000006400%7C5374%3ATech%7C5079%3A5000006400,0.0,0.0
2026-04-22 03:25:58,Nintendo Switch Gaming Console 32GB | 2-Day 📦 Shipping + 1 Year Warranty 🛡️,189.99,339.99,Shipping info unavailable,https://www.ebay.com/itm/358456698679?_trkparms=5373%3A5000006400%7C5374%3ATech%7C5079%3A5000006400,150.0,44.12
2026-04-22 03:25:59,Nintendo Switch Gaming Console 32GB + 1 Year Warranty 🛡️ | 2-Day Shipping! 📦✈️,209.99,339.99,Shipping info unavailable,https://www.ebay.com/itm/357888273105?_trkparms=5373%3A5000006400%7C5374%3ATech%7C5079%3A5000006400,130.0,38.24
2026-04-22 03:25:59,"Apple iPhone 16 Pro Max - US Version, 512GB Unlocked (Natural Titanium)",1039.99,1599.0,Shipping info unavailable,https://www.ebay.com/itm/297934703143?_trkparms=5373%3A5000006400%7C5374%3ATech%7C5079%3A5000006400,559.01,34.96
2026-04-22 03:25:59,"Seagate Exos 28TB ST28000NM001C 7.2K RPM SATA 6Gb/s 512e 3.5"" Enterprise HDD",554.99,554.99,Free shipping,https://www.ebay.com/itm/306816189259?_trkparms=5373%3A5000006400%7C5374%3ATech%7C5079%3A5000006400,0.0,0.0
2026-04-22 03:25:59,Seagate Exos 22TB 7.2K RPM SATA 6Gb/s 3.5in Enterprise HDD - ST22000NM000C,457.99,457.99,Free shipping,https://www.ebay.com/itm/305750340124?_trkparms=5373%3A5000006400%7C5374%3ATech%7C5079%3A5000006400,0.0,0.0
2026-04-22 03:25:59,"Seagate Exos 26TB 7.2K RPM SATA 6Gb/s 3.5"" Enterprise HDD - ST26000NM000C",493.99,499.99,Shipping info unavailable,https://www.ebay.com/itm/296799857691?_trkparms=5373%3A5000006400%7C5374%3ATech%7C5079%3A5000006400,6.0,1.2
2026-04-22 03:26:00,Apple iPhone 15 Plus A2847 256GB Unlocked Very Good Condition,428.81,799.99,Shipping info unavailable,https://www.ebay.com/itm/357283854058?_trkparms=5373%3A5000006400%7C5374%3ATech%7C5079%3A5000006400,371.18,46.4
2026-04-22 03:26:00,Olympus M.Zuiko Digital 14-42mm f/3.5-5.6 II R Lens (Black),109.88,128.88,Shipping info unavailable,https://www.ebay.com/itm/147075471561?_trkparms=5373%3A5000006400%7C5374%3ATech%7C5079%3A5000006400,19.0,14.74
2026-04-22 03:26:00,Leica 19194 Sofort 2 Instant Film Camera Burton Edition Jake Blue #Q,283.0,299.0,Shipping info unavailable,https://www.ebay.com/itm/206095414620?_trkparms=5373%3A5000006400%7C5374%3ATech%7C5079%3A5000006400,16.0,5.35
2026-04-22 03:26:00,DJI Flip (RC 2) (Certified Refurbished),539.0,539.0,Free shipping,https://www.ebay.com/itm/306788672847?_trkparms=5373%3A5000006400%7C5374%3ATech%7C5079%3A5000006400,0.0,0.0
2026-04-22 03:26:05,Nintendo Switch Gaming Console 32GB | 2-Day 📦 Shipping + 1 Year Warranty 🛡️,189.99,339.99,Free shipping,https://www.ebay.com/itm/358456698679?_trkparms=5373%3A5000006400%7C5374%3ATech%7C5079%3A5000006401,150.0,44.12
2026-04-22 03:26:05,Nintendo Switch Gaming Console 32GB + 1 Year Warranty 🛡️ | 2-Day Shipping! 📦✈️,209.99,339.99,Free shipping,https://www.ebay.com/itm/357888273105?_trkparms=5373%3A5000006400%7C5374%3ATech%7C5079%3A5000006401,130.0,38.24
2026-04-22 03:26:07,"Seagate Exos 28TB ST28000NM001C 7.2K RPM SATA 6Gb/s 512e 3.5"" Enterprise HDD",554.99,554.99,Free shipping,https://www.ebay.com/itm/306816189259?_trkparms=5373%3A5000006400%7C5374%3ATech%7C5079%3A5000006421,0.0,0.0
2026-04-22 03:26:07,Seagate Exos 22TB 7.2K RPM SATA 6Gb/s 3.5in Enterprise HDD - ST22000NM000C,457.99,457.99,Free shipping,https://www.ebay.com/itm/305750340124?_trkparms=5373%3A5000006400%7C5374%3ATech%7C5079%3A5000006421,0.0,0.0
2026-04-22 03:26:07,"Seagate Exos 26TB 7.2K RPM SATA 6Gb/s 3.5"" Enterprise HDD - ST26000NM000C",493.99,499.99,Free shipping,https://www.ebay.com/itm/296799857691?_trkparms=5373%3A5000006400%7C5374%3ATech%7C5079%3A5000006421,6.0,1.2
2026-04-22 16:13:53,eufy SoloCam S220 Solar Security Camera 2K Wireless Outdoor Cam Human Detection,59.99,129.99,Free shipping,https://www.ebay.com/itm/385156665188?_trkparms=5373%3A5000006400%7C5374%3ATech%7C5079%3A5000006400,70.0,53.85
2026-04-22 16:13:57,Crucial P310 500GB SSD PCIe Gen4 NVMe M.2 2280 Up to 6 600mb/S for Laptop PC,134.99,199.99,Free shipping,https://www.ebay.com/itm/177838543461?_trkparms=5373%3A5000006400%7C5374%3ATech%7C5079%3A5000006421,65.0,32.5
2026-04-22 16:13:58,Apple Airpods Pro 2nd Wireless Active Noise Cancelling Earbuds - White MTJV3LL/A,115.38,249.99,Free shipping,https://www.ebay.com/itm/389373091712?_trkparms=5373%3A5000006400%7C5374%3ATech%7C5079%3A5000006403,134.61,53.85
2026-04-22 16:14:01,Anker  13-in-1 USB-C Docking Station 85W Charging Triple Display + 6ft 60W Cable,89.99,99.99,Free shipping,https://www.ebay.com/itm/385570084619?_trkparms=5373%3A5000006400%7C5374%3ATech%7C5079%3A5000006405,10.0,10.0
2026-04-22 19:23:59,Apple iPhone 17 256GB Unlocked Excellent Condition - All Colors,769.99,769.99,Free shipping,https://www.ebay.com/itm/277652446242?_trkparms=5373%3A5000006400%7C5374%3ATech%7C5079%3A5000006400,0.0,0.0
2026-04-22 19:23:59,Apple iPad 9 64GB Unlocked Good Condition - All Colors,169.99,169.99,Free shipping,https://www.ebay.com/itm/276314305869?_trkparms=5373%3A5000006400%7C5374%3ATech%7C5079%3A5000006400,0.0,0.0
2026-04-22 19:23:59,Dell Pro 16 Plus PB16250 Silver FHD+ 2.2 GHz Ultra 7 268V 32GB 1TB SSD Open Box,1149.99,1149.99,Free shipping,https://www.ebay.com/itm/297588492153?_trkparms=5373%3A5000006400%7C5374%3ATech%7C5079%3A5000006400,0.0,0.0
2026-04-22 19:23:59,Apple iPhone 13 Pro 256GB Unlocked Good Condition - All Colors,339.99,339.99,Free shipping,https://www.ebay.com/itm/296095927266?_trkparms=5373%3A5000006400%7C5374%3ATech%7C5079%3A5000006400,0.0,0.0
2026-04-22 19:23:59,Dell XPS 15 9500 FHD+ i7-10750H 2.60GHz 32GB 1TB SSD NVIDIA GTX 1650 Ti Good,499.99,499.99,Free shipping,https://www.ebay.com/itm/298199329986?_trkparms=5373%3A5000006400%7C5374%3ATech%7C5079%3A5000006400,0.0,0.0
2026-04-22 19:24:00,Apple iPhone 13 Pro 256GB Unlocked Very Good Condition - All Colors,359.99,359.99,Free shipping,https://www.ebay.com/itm/296095916002?_trkparms=5373%3A5000006400%7C5374%3ATech%7C5079%3A5000006400,0.0,0.0
2026-04-22 19:24:00,Apple iPhone 8 Plus 64GB Unlocked Good Condition - All Colors,104.99,104.99,Free shipping,https://www.ebay.com/itm/285596945083?_trkparms=5373%3A5000006400%7C5374%3ATech%7C5079%3A5000006400,0.0,0.0
2026-04-22 19:24:00,Apple iPhone 14 Pro 256GB Unlocked Good Condition - All Colors,399.99,399.99,Free shipping,https://www.ebay.com/itm/285598114461?_trkparms=5373%3A5000006400%7C5374%3ATech%7C5079%3A5000006400,0.0,0.0
2026-04-22 19:24:00,Apple iPhone 17 512GB Unlocked Excellent Condition - All Colors,929.99,929.99,Free shipping,https://www.ebay.com/itm/287164298041?_trkparms=5373%3A5000006400%7C5374%3ATech%7C5079%3A5000006400,0.0,0.0
2026-04-22 19:24:00,Apple iPhone 16 128GB Unlocked Good Condition - All Colors,519.99,519.99,Free shipping,https://www.ebay.com/itm/297353823684?_trkparms=5373%3A5000006400%7C5374%3ATech%7C5079%3A5000006400,0.0,0.0
2026-04-22 19:24:00,Samsung Galaxy Tab S8 Plus 128GB Graphite Unlocked Very Good Condition,279.99,279.99,Free shipping,https://www.ebay.com/itm/285482788735?_trkparms=5373%3A5000006400%7C5374%3ATech%7C5079%3A5000006400,0.0,0.0
2026-04-22 19:24:01,Apple iPhone 13 Mini 128GB Unlocked Very Good Condition - All Colors,259.99,259.99,Free shipping,https://www.ebay.com/itm/296095985626?_trkparms=5373%3A5000006400%7C5374%3ATech%7C5079%3A5000006400,0.0,0.0
2026-04-22 19:24:01,Apple iPhone 16 128GB Unlocked Very Good Condition - All Colors,539.99,539.99,Free shipping,https://www.ebay.com/itm/276900837859?_trkparms=5373%3A5000006400%7C5374%3ATech%7C5079%3A5000006400,0.0,0.0
2026-04-22 19:24:01,Apple iPad Mini (A17 Pro) 128GB Unlocked Very Good Condition - All Colors,409.99,409.99,Free shipping,https://www.ebay.com/itm/286427012101?_trkparms=5373%3A5000006400%7C5374%3ATech%7C5079%3A5000006400,0.0,0.0
2026-04-22 19:24:01,MacBook Pro 16-inch 2021 M1 Pro 3.2 GHz 10-Core CPU 16-Core GPU 16GB 1TB Silver,739.99,739.99,Free shipping,https://www.ebay.com/itm/285121993842?_trkparms=5373%3A5000006400%7C5374%3ATech%7C5079%3A5000006400,0.0,0.0
2026-04-22 19:24:01,Apple Watch (Series 11) 42mm Rose Gold Aluminum (GPS) w/ Red Sport - Excellent,269.99,269.99,Free shipping,https://www.ebay.com/itm/277855643143?_trkparms=5373%3A5000006400%7C5374%3ATech%7C5079%3A5000006400,0.0,0.0
2026-04-22 19:24:01,Apple iPhone 13 Pro Max 256GB Unlocked Very Good Condition - All Colors,419.99,419.99,Free shipping,https://www.ebay.com/itm/285596667873?_trkparms=5373%3A5000006400%7C5374%3ATech%7C5079%3A5000006400,0.0,0.0
2026-04-22 19:24:01,MacBook Pro 13 Touch Bar Silver 2020 2.0 GHz Intel Core i5 16GB 512GB Good Cond.,359.99,359.99,Free shipping,https://www.ebay.com/itm/275034234145?_trkparms=5373%3A5000006400%7C5374%3ATech%7C5079%3A5000006400,0.0,0.0
2026-04-22 19:24:01,MacBook Pro 13 Touch Bar 2020 M1 8-Core / 8-Core GPU 16GB 256GB Space Gray Good,439.99,439.99,Free shipping,https://www.ebay.com/itm/275375045713?_trkparms=5373%3A5000006400%7C5374%3ATech%7C5079%3A5000006400,0.0,0.0
2026-04-22 19:24:02,Apple iPhone 14 Pro Max 512GB Unlocked Very Good Condition - All Colors,499.99,499.99,Free shipping,https://www.ebay.com/itm/296097674434?_trkparms=5373%3A5000006400%7C5374%3ATech%7C5079%3A5000006400,0.0,0.0
2026-04-22 19:24:02,Apple iPad 9 64GB WiFi Good Condition - All Colors,159.99,159.99,Free shipping,https://www.ebay.com/itm/296200361119?_trkparms=5373%3A5000006400%7C5374%3ATech%7C5079%3A5000006400,0.0,0.0
2026-04-22 19:24:02,Apple MacBook Air 13 2022 M2 8-Core CPU 8-Core GPU 8GB 256GB Midnight Very Good,569.99,569.99,Free shipping,https://www.ebay.com/itm/285458670175?_trkparms=5373%3A5000006400%7C5374%3ATech%7C5079%3A5000006400,0.0,0.0
2026-04-22 19:24:02,"MacBook Pro 16"" Gray 2021 3.2 GHz M1 Pro 10-Core CPU 16-Core GPU 16GB 512GB",659.99,659.99,Free shipping,https://www.ebay.com/itm/284914395417?_trkparms=5373%3A5000006400%7C5374%3ATech%7C5079%3A5000006400,0.0,0.0
2026-04-22 19:24:03,"Samsung Galaxy Book 4 Intel Core 7 15.6"" NP754XGK-LS1US 512GB 16GB RAM Silver",553.99,553.99,Free shipping,https://www.ebay.com/itm/157695952906?_trkparms=5373%3A5000006400%7C5374%3ATech%7C5079%3A5000006407,0.0,0.0
2026-04-22 19:24:03,"OMEN Gaming Laptop 16"" 2K AMD Ryzen AI 7 16 GB memory;1 TB SSD  Windows 11 Home",1249.99,2099.99,Free shipping,https://www.ebay.com/itm/157127369841?_trkparms=5373%3A5000006400%7C5374%3ATech%7C5079%3A5000006407,849.9999999999998,40.48
2026-04-22 19:24:03,"Lenovo Legion Go 2 Handheld Gaming PC AMD Ryzen Z2 32GB RAM 1TB SSD 8.8"" OLED",1299.0,1299.0,Free shipping,https://www.ebay.com/itm/236631062029?_trkparms=5373%3A5000006400%7C5374%3ATech%7C5079%3A5000006407,0.0,0.0
2026-04-22 19:24:04,RCA 1080P Smart Streaming Projector w/ Roku Express Streaming Device RPJ227,59.98,149.99,Free shipping,https://www.ebay.com/itm/396177373866?_trkparms=5373%3A5000006400%7C5374%3ATech%7C5079%3A5000006409,90.01000000000002,60.01
2026-04-22 19:24:05,"Apple iPad 8 10.2"" 32GB 128GB Gray SIlver Gold WiFi or Cellular - Very Good",139.99,139.99,Free shipping,https://www.ebay.com/itm/154854299303?_trkparms=5373%3A5000006400%7C5374%3ATech%7C5079%3A5000006415,0.0,0.0
2026-04-22 19:24:06,Skullcandy Dime Evo XT - Black  ( Refurbished),23.8,49.99,Free shipping,https://www.ebay.com/itm/376424803288?_trkparms=5373%3A5000006400%7C5374%3ATech%7C5079%3A5000006403,26.19,52.39
2026-04-22 19:24:07,HP DeskJet 2855e All-in-One Printer w/ 3 Months Instant Ink for free w/ HP+,49.99,89.99,Free shipping,https://www.ebay.com/itm/156804942660?_trkparms=5373%3A5000006400%7C5374%3ATech%7C5079%3A5000006417,39.99999999999999,44.45
2026-04-22 19:24:08,Skullcandy Dime Evo XT - Black  ( Refurbished),23.8,49.99,Free shipping,https://www.ebay.com/itm/376424803288?_trkparms=5373%3A5000006400%7C5374%3ATech%7C5079%3A5000006413,26.19,52.39
2026-04-22 19:24:08,RCA 1080P Smart Streaming Projector w/ Roku Express Streaming Device RPJ227,59.98,149.99,Free shipping,https://www.ebay.com/itm/396177373866?_trkparms=5373%3A5000006400%7C5374%3ATech%7C5079%3A5000006413,90.01000000000002,60.01
2026-04-22 19:24:09,HP DeskJet 2855e All-in-One Printer w/ 3 Months Instant Ink for free w/ HP+,49.99,89.99,Free shipping,https://www.ebay.com/itm/156804942660?_trkparms=5373%3A5000006400%7C5374%3ATech%7C5079%3A5000006405,39.99999999999999,44.45
2026-04-23 03:29:24,"Lenovo ThinkPad T14 Gen 2 14"" Touch i5-1145G7 16GB RAM 512GB SSD Win11 Pro",318.0,849.99,Shipping info unavailable,https://www.ebay.com/itm/366315660591?_trkparms=5373%3A5000006400%7C5374%3ATech%7C5079%3A5000006400,531.99,62.59
2026-04-23 03:29:25,"Lenovo ThinkPad X13 Gen 1 13.3"" 16GB 512GB, Touch, WIN11P",249.99,499.99,Shipping info unavailable,https://www.ebay.com/itm/366333825592?_trkparms=5373%3A5000006400%7C5374%3ATech%7C5079%3A5000006400,250.0,50.0
2026-04-23 03:29:25,"HP EliteBook 840 G8 14"" 16GB 512GB SSD Core i5-1145G7- Excellent Refurbished",289.99,1249.0,Shipping info unavailable,https://www.ebay.com/itm/366357439657?_trkparms=5373%3A5000006400%7C5374%3ATech%7C5079%3A5000006400,959.01,76.78
2026-04-23 03:29:25,HP EliteBook 840 G7 14in i5‑10310U 512GB SSD Windows 11 Pro Silver,230.0,529.99,Shipping info unavailable,https://www.ebay.com/itm/366360612384?_trkparms=5373%3A5000006400%7C5374%3ATech%7C5079%3A5000006400,299.99,56.6
2026-04-23 03:29:25,"HP G5 100W PD Docking Station, Black",54.99,349.0,Shipping info unavailable,https://www.ebay.com/itm/365837039368?_trkparms=5373%3A5000006400%7C5374%3ATech%7C5079%3A5000006400,294.01,84.24
2026-04-23 03:29:34,"HP G5 100W PD Docking Station, Black",54.99,349.0,Free shipping,https://www.ebay.com/itm/365837039368?_trkparms=5373%3A5000006400%7C5374%3ATech%7C5079%3A5000006427,294.01,84.24
2026-04-23 08:05:56,Olympus M.Zuiko Digital 14-42mm f/3.5-5.6 II R Lens (Black),109.88,128.88,Free shipping,https://www.ebay.com/itm/147075471561?_trkparms=5373%3A5000006400%7C5374%3ATech%7C5079%3A5000006430,19.0,14.74
2026-04-23 08:05:56,Leica 19194 Sofort 2 Instant Film Camera Burton Edition Jake Blue #Q,283.0,299.0,Free shipping,https://www.ebay.com/itm/206095414620?_trkparms=5373%3A5000006400%7C5374%3ATech%7C5079%3A5000006430,16.0,5.35
2026-04-23 08:05:56,Leica 19188 Sofort 2 Instant Film Camera (Instax Film) White #Q,283.0,283.0,Free shipping,https://www.ebay.com/itm/406719638323?_trkparms=5373%3A5000006400%7C5374%3ATech%7C5079%3A5000006430,0.0,0.0
2026-04-23 08:05:57,DJI Flip (RC 2) (Certified Refurbished),539.0,539.0,Free shipping,https://www.ebay.com/itm/306788672847?_trkparms=5373%3A5000006400%7C5374%3ATech%7C5079%3A5000006430,0.0,0.0
2026-04-23 08:05:59,Apple AirPods Pro 3rd Wireless Active Noise Cancelling Earbuds - White MFHP4LL/A,153.84,249.0,Free shipping,https://www.ebay.com/itm/389238584309?_trkparms=5373%3A5000006400%7C5374%3ATech%7C5079%3A5000006403,95.16,38.22
2026-04-23 08:06:01,Lenovo Privacy Screen Filter for ThinkPad X1 Yoga Gen 6 Glossy Matte 4XJ1D33269,29.0,49.0,Free shipping,https://www.ebay.com/itm/297914896445?_trkparms=5373%3A5000006400%7C5374%3ATech%7C5079%3A5000006427,20.0,40.82
2026-04-23 08:06:01,Jabra Evolve2 30 UC Stereo USB-A with 2 Built-in Microphones Work Wired Headset,69.0,119.0,Free shipping,https://www.ebay.com/itm/305556596238?_trkparms=5373%3A5000006400%7C5374%3ATech%7C5079%3A5000006427,50.0,42.02
2026-04-23 08:06:01,Samsung Galaxy Z Flip6 512GB F741U Unlocked - Good,359.99,359.99,Free shipping,https://www.ebay.com/itm/257355481365?_trkparms=5373%3A5000006400%7C5374%3ATech%7C5079%3A5000006411,0.0,0.0
2026-04-23 08:06:02,"MSI MPG 321URX QD-OLED 32"" UHD Gaming Monitor, 240Hz/0.03ms HDR 400",679.99,949.99,Free shipping,https://www.ebay.com/itm/145840921156?_trkparms=5373%3A5000006400%7C5374%3ATech%7C5079%3A5000006405,270.0,28.42
2026-04-23 16:47:07,Epson EcoTank ET-2988 Printer - White - Certified Refurbished,149.99,169.99,Free shipping,https://www.ebay.com/itm/198026237563?_trkparms=5373%3A5000006400%7C5374%3ATech%7C5079%3A5000006400,20.0,11.77
2026-04-23 16:47:07,"HP EliteBook x360 1040 G8 14"" | i7-1185G7, 32GB RAM, 512GB SSD, Touch, Win11 Pro",399.99,1699.0,Free shipping,https://www.ebay.com/itm/366323683839?_trkparms=5373%3A5000006400%7C5374%3ATech%7C5079%3A5000006400,1299.01,76.46
2026-04-23 16:47:11,Apple AirPods 3 Generation with Magsafe Charging Case - White MME73LL/A,84.0,169.0,Free shipping,https://www.ebay.com/itm/336359680981?_trkparms=5373%3A5000006400%7C5374%3ATech%7C5079%3A5000006403,85.0,50.3
2026-04-23 16:47:14,Samsung Galaxy Z Fold6 256GB F956U Unlocked - Excellent,569.99,569.99,Free shipping,https://www.ebay.com/itm/256778903100?_trkparms=5373%3A5000006400%7C5374%3ATech%7C5079%3A5000006411,0.0,0.0
2026-04-23 19:22:14,Apple iPhone 13 256GB - Fully Unlocked - VERY GOOD Condition,278.99,399.99,Shipping info unavailable,https://www.ebay.com/itm/226262151543?_trkparms=5373%3A5000006400%7C5374%3ATech%7C5079%3A5000006400,121.0,30.25
2026-04-23 21:54:11,"Samsung Odyssey 32"" G5 QHD Curved Monitor 165Hz 1000R 1ms Black LS32CG554ENXZA",165.84,349.99,Free shipping,https://www.ebay.com/itm/365833789297?_trkparms=5373%3A5000006400%7C5374%3ATech%7C5079%3A5000006400,184.15,52.62
2026-04-23 21:54:23,"Samsung Odyssey 32"" G5 QHD Curved Monitor 165Hz 1000R 1ms Black LS32CG554ENXZA",165.84,349.99,Free shipping,https://www.ebay.com/itm/365833789297?_trkparms=5373%3A5000006400%7C5374%3ATech%7C5079%3A5000006405,184.15,52.62
2026-04-24 08:14:24,Bose DesignMax In-Ceiling Loudspeaker 70V/100V/160HM 2-Pair - White DM2C-LP,199.99,349.0,Free shipping,https://www.ebay.com/itm/366205711756?_trkparms=5373%3A5000006400%7C5374%3ATech%7C5079%3A5000006409,149.01,42.7
2026-04-24 13:53:31,"Bose Ultra Open Earbuds, Certified Refurbished",143.0,249.0,Shipping info unavailable,https://www.ebay.com/itm/186628375702?_trkparms=5373%3A5000006400%7C5374%3ATech%7C5079%3A5000006400,106.0,42.57
2026-04-24 16:09:04,GoPro MAX2 True 8K 360 Video Action Camera Bundle - Black CHDFZ-311-TH,336.53,569.99,Free shipping,https://www.ebay.com/itm/136844738794?_trkparms=5373%3A5000006400%7C5374%3ATech%7C5079%3A5000006400,233.46000000000004,40.96
2026-04-24 16:09:04,"HP LaserJet Pro 4001n Laser Printer, Black And White Mobile Print Up to 80,000",199.0,379.0,Free shipping,https://www.ebay.com/itm/155510392768?_trkparms=5373%3A5000006400%7C5374%3ATech%7C5079%3A5000006400,180.0,47.49
2026-04-24 16:09:05,Apple iPad Air 13-inch M3 2025 Wifi Only 128GB - Excellent,639.0,639.0,Free shipping,https://www.ebay.com/itm/147274814884?_trkparms=5373%3A5000006400%7C5374%3ATech%7C5079%3A5000006400,0.0,0.0
2026-04-24 16:09:05,"HP Essential Laptop Computer 15.6"" HD Intel Core i5 8 GB memory;256 GB SSD",449.99,949.99,Free shipping,https://www.ebay.com/itm/157445691646?_trkparms=5373%3A5000006400%7C5374%3ATech%7C5079%3A5000006400,500.0,52.63
2026-04-24 16:09:05,Apple AirPods Pro 3rd Wireless Active Noise Cancelling Earbuds - White MFHP4LL/A,153.84,249.0,Free shipping,https://www.ebay.com/itm/389238584309?_trkparms=5373%3A5000006400%7C5374%3ATech%7C5079%3A5000006400,95.16,38.22
2026-04-24 16:09:06,HP External USB DVDRW Drive,39.99,99.0,Free shipping,https://www.ebay.com/itm/156485777973?_trkparms=5373%3A5000006400%7C5374%3ATech%7C5079%3A5000006400,59.01,59.61
2026-04-24 19:03:25,HP 970 Programmable Wireless Keyboard,81.99,144.99,Free shipping,https://www.ebay.com/itm/156466470048?_trkparms=5373%3A5000006400%7C5374%3ATech%7C5079%3A5000006400,63.000000000000014,43.45
2026-04-24 19:03:32,HP External USB DVDRW Drive,39.99,99.0,Free shipping,https://www.ebay.com/itm/156485777973?_trkparms=5373%3A5000006400%7C5374%3ATech%7C5079%3A5000006421,59.01,59.61
2026-04-24 19:03:33,HP Envy 6555e All-in-One Printer with 3 Months of Instant Ink for free with HP+,99.99,179.99,Free shipping,https://www.ebay.com/itm/156415146698?_trkparms=5373%3A5000006400%7C5374%3ATech%7C5079%3A5000006417,80.00000000000001,44.45
2026-04-24 19:03:35,Samsung Galaxy Watch 8 44mm Aluminum Smartwatch BT Silver (2025) SM-L330NZSAXAA,181.99,289.99,Free shipping,https://www.ebay.com/itm/366291572037?_trkparms=5373%3A5000006400%7C5374%3ATech%7C5079%3A5000006411,108.0,37.24
2026-04-25 03:16:05,"Apple MacBook Air 13"" M3 8-Core A3113 16GB RAM 256GB SSD 2024 Gray • Very Good",689.0,689.0,Free shipping,https://www.ebay.com/itm/306896857405?_trkparms=5373%3A5000006400%7C5374%3ATech%7C5079%3A5000006400,0.0,0.0
2026-04-25 03:16:05,Apple MacBook Air 15” 2023 A2941 M2 Chip 8GB RAM 256GB SSD Starlight Good,559.0,559.0,Free shipping,https://www.ebay.com/itm/127824596196?_trkparms=5373%3A5000006400%7C5374%3ATech%7C5079%3A5000006400,0.0,0.0
2026-04-25 03:16:05,"Apple iPhone 14 256GB Unlocked 6.1"" - (Midnight) A2649 w/1 Year Warranty",291.8,899.0,Shipping info unavailable,https://www.ebay.com/itm/375917114160?_trkparms=5373%3A5000006400%7C5374%3ATech%7C5079%3A5000006400,607.2,67.54
2026-04-25 03:16:05,Apple Watch 90%+ Series 11 Cellular 46mm Aluminum w/Black Band (Gray) - Warranty,317.13,529.0,Shipping info unavailable,https://www.ebay.com/itm/147262030752?_trkparms=5373%3A5000006400%7C5374%3ATech%7C5079%3A5000006400,211.87,40.05
2026-04-25 03:16:06,Apple 90%+ Watch Series 11 Cellular 46mm Aluminum w/White Band (Rose) Warranty,317.13,529.0,Shipping info unavailable,https://www.ebay.com/itm/377118821980?_trkparms=5373%3A5000006400%7C5374%3ATech%7C5079%3A5000006400,211.87,40.05
2026-04-25 03:16:06,"Apple iPhone 14 Pro Max 256GB Unlocked 6.7"" - (Black) A2651 w/1 Year Warranty",447.69,1199.0,Shipping info unavailable,https://www.ebay.com/itm/146780271613?_trkparms=5373%3A5000006400%7C5374%3ATech%7C5079%3A5000006400,751.31,62.66
2026-04-25 03:16:06,"Apple iPhone 12 64GB Unlocked 90%+ Battery 6.1"" (Blue) A2172 w/1 Year Warranty",200.56,829.0,Shipping info unavailable,https://www.ebay.com/itm/376607311566?_trkparms=5373%3A5000006400%7C5374%3ATech%7C5079%3A5000006400,628.44,75.81
2026-04-25 03:16:06,"1 Year Warranty 2020 Apple iPad 8 WiFi Only 32GB 10.2"" (Space Gray) - A2270",126.48,329.0,Shipping info unavailable,https://www.ebay.com/itm/354233898171?_trkparms=5373%3A5000006400%7C5374%3ATech%7C5079%3A5000006400,202.51999999999998,61.56
2026-04-25 03:16:06,"2021 Apple iPad Pro 3 128GB 90%+ Battery Unlocked 11"" (Gray) A2301 w/Warranty",454.77,999.0,Shipping info unavailable,https://www.ebay.com/itm/377136664911?_trkparms=5373%3A5000006400%7C5374%3ATech%7C5079%3A5000006400,544.23,54.48
2026-04-25 03:16:07,"Apple iPhone 13 128GB Unlocked 6.1"" - (Midnight) A2482 w/1 Year Warranty",230.02,799.0,Shipping info unavailable,https://www.ebay.com/itm/355515650071?_trkparms=5373%3A5000006400%7C5374%3ATech%7C5079%3A5000006400,568.98,71.21
2026-04-25 03:16:07,"2019 Apple MacBook Pro 13"" i5 2.4GHz/8GB/256GB - (Space Gray) A1989 w/Warranty",281.79,1799.0,Shipping info unavailable,https://www.ebay.com/itm/354079215039?_trkparms=5373%3A5000006400%7C5374%3ATech%7C5079%3A5000006400,1517.21,84.34
2026-04-25 03:16:07,"2021 Apple iPad Pro 5 12.9"" 90%+ Battery 128GB Unlocked (Gray) A2379 w/Warranty",487.32,1299.0,Shipping info unavailable,https://www.ebay.com/itm/147090599277?_trkparms=5373%3A5000006400%7C5374%3ATech%7C5079%3A5000006400,811.6800000000001,62.48
2026-04-25 03:16:07,"Apple iPhone SE 2 64GB Unlocked 4.7"" (Red) A2275 - w/1 Year Warranty",127.37,399.0,Shipping info unavailable,https://www.ebay.com/itm/358479171963?_trkparms=5373%3A5000006400%7C5374%3ATech%7C5079%3A5000006400,271.63,68.08
2026-04-25 03:16:07,2022 Apple iPad 10 64GB WiFi Only (Silver) A2696 - w/1 Year Warranty,259.47,449.0,Shipping info unavailable,https://www.ebay.com/itm/147274496020?_trkparms=5373%3A5000006400%7C5374%3ATech%7C5079%3A5000006400,189.52999999999997,42.21
2026-04-25 03:16:07,2025 Apple iPad 11 90%+ Battery 128GB WiFi/Cellular  (Blue) A3355 w/Warranty,359.91,499.0,Shipping info unavailable,https://www.ebay.com/itm/357835594471?_trkparms=5373%3A5000006400%7C5374%3ATech%7C5079%3A5000006400,139.08999999999997,27.87
2026-04-25 03:16:08,"Apple iPhone 14 128GB Unlocked 6.1"" - (Red) A2649 w/1 Year Warranty",265.19,799.0,Shipping info unavailable,https://www.ebay.com/itm/375689691040?_trkparms=5373%3A5000006400%7C5374%3ATech%7C5079%3A5000006400,533.81,66.81
2026-04-25 03:16:08,"2022 Apple iPad Pro 4 90%+ Battery 512GB Cellular 11"" (Silver) A2435 w/Warranty",695.64,1299.0,Shipping info unavailable,https://www.ebay.com/itm/147274663275?_trkparms=5373%3A5000006400%7C5374%3ATech%7C5079%3A5000006400,603.36,46.45
2026-04-25 03:16:08,"2024 Apple M3 MacBook Air 90%+ 13.6"" 8GB/256GB SSD (Space Gray) A3113 w/Warranty",725.4,1299.0,Shipping info unavailable,https://www.ebay.com/itm/377131555740?_trkparms=5373%3A5000006400%7C5374%3ATech%7C5079%3A5000006400,573.6,44.16
2026-04-25 03:16:08,"2023 Apple M2 MacBook Air 15.3"" 8GB/256GB SSD - (Space Gray) A2941 w/Warranty",617.52,1299.0,Shipping info unavailable,https://www.ebay.com/itm/358137477325?_trkparms=5373%3A5000006400%7C5374%3ATech%7C5079%3A5000006400,681.48,52.46
2026-04-25 03:16:08,"Microsoft Surface Pro 7+ 12.3"" i5 2.40GHz/8GB/128GB w/Type Cover - w/Warranty",259.47,1249.0,Shipping info unavailable,https://www.ebay.com/itm/358374597778?_trkparms=5373%3A5000006400%7C5374%3ATech%7C5079%3A5000006400,989.53,79.23
2026-04-25 03:16:11,Nintendo Switch 2 (256GB) Joy-Cons • Joy-Con Straps Grip Dock • Very Good,409.0,409.0,Free shipping,https://www.ebay.com/itm/127812125660?_trkparms=5373%3A5000006400%7C5374%3ATech%7C5079%3A5000006401,0.0,0.0
2026-04-25 15:48:11,"Apple iPhone SE 2 64GB Unlocked 4.7"" - (Black) A2275 w/1 Year Warranty",97.9,399.0,Shipping info unavailable,https://www.ebay.com/itm/376909297387?_trkparms=5373%3A5000006400%7C5374%3ATech%7C5079%3A5000006400,301.1,75.46
2026-04-25 19:03:18,Samsung Galaxy Watch 8 40mm Silver Smartwatch w/Two Chargers SM-L320NZSCXAA 2025,175.6,329.99,Free shipping,https://www.ebay.com/itm/146827115002?_trkparms=5373%3A5000006400%7C5374%3ATech%7C5079%3A5000006400,154.39000000000001,46.79
2026-04-25 19:03:22,"2024 Apple 90%+ M3 MacBook Air 13.6"" 8GB/256GB SSD (Midnight) A3113 w/Warranty",739.35,1099.0,Shipping info unavailable,https://www.ebay.com/itm/377111001283?_trkparms=5373%3A5000006400%7C5374%3ATech%7C5079%3A5000006400,359.65,32.73
2026-04-25 19:03:22,"2019 Apple iPad 7 10.2"" 128GB & WiFi Only 90%+ Battery (Gray) A2197 w/Warranty",173.91,429.0,Shipping info unavailable,https://www.ebay.com/itm/146898591438?_trkparms=5373%3A5000006400%7C5374%3ATech%7C5079%3A5000006400,255.09,59.46
2026-04-25 19:03:22,HP Envy 6555e All-in-One Printer with 3 Months of Instant Ink for free with HP+,99.99,179.99,Free shipping,https://www.ebay.com/itm/156415146698?_trkparms=5373%3A5000006400%7C5374%3ATech%7C5079%3A5000006400,80.00000000000001,44.45
2026-04-26 03:38:26,"Apple iPhone 14 Plus 6.7"" Unlocked 256GB (Red) A2632 - w/1 Year Warranty",350.73,999.0,Shipping info unavailable,https://www.ebay.com/itm/376627342011?_trkparms=5373%3A5000006400%7C5374%3ATech%7C5079%3A5000006400,648.27,64.89
2026-04-26 15:50:41,"2023 Apple 90%+ M2 MacBook Air 15.3"" 8GB/256GB SSD (Midnight) - A2941 w/Warranty",772.83,1299.0,Shipping info unavailable,https://www.ebay.com/itm/376867928694?_trkparms=5373%3A5000006400%7C5374%3ATech%7C5079%3A5000006400,526.17,40.51
2026-04-26 19:05:16,"2020 Apple iPad 8 10.2"" 32GB WiFi Only (Space Gray) - A2270 w/1 Year Warranty",127.41,329.0,Shipping info unavailable,https://www.ebay.com/itm/146848471995?_trkparms=5373%3A5000006400%7C5374%3ATech%7C5079%3A5000006400,201.59,61.27
2026-04-26 19:05:16,Apple Airpods Pro 2nd Wireless Active Noise Cancelling Earbuds - White MTJV3LL/A,115.38,249.99,Free shipping,https://www.ebay.com/itm/389373091712?_trkparms=5373%3A5000006400%7C5374%3ATech%7C5079%3A5000006400,134.61,53.85
2026-04-26 19:05:16,AOC 27G50F 27 inches Gaming Monitor IPS FHD 144hz G-Sync Compatible Black,76.99,109.99,Free shipping,https://www.ebay.com/itm/306768283012?_trkparms=5373%3A5000006400%7C5374%3ATech%7C5079%3A5000006400,33.0,30.0
2026-04-26 19:05:16,Epson EpiqVision Mini EF22 Laser Projector,499.99,599.99,Free shipping,https://www.ebay.com/itm/206148998342?_trkparms=5373%3A5000006400%7C5374%3ATech%7C5079%3A5000006400,100.0,16.67
2026-04-27 08:36:30,"2022 Apple iPad Air 5 64GB Cellular 90%+ Battery 10.9"" (Gray) A2589 w/Warranty",314.34,749.0,Shipping info unavailable,https://www.ebay.com/itm/358224796312?_trkparms=5373%3A5000006400%7C5374%3ATech%7C5079%3A5000006400,434.66,58.03
2026-04-27 14:11:40,UMIDIGI Power 5 4GB+128GB Octa Core Dual SIM Android Unlocked Smartphone,100.09,100.09,Free shipping,https://www.ebay.com/itm/176878804687?_trkparms=5373%3A5000006400%7C5374%3ATech%7C5079%3A5000006423,0.0,0.0
2026-04-27 14:11:40,UMIDIGI A15 A15C 8GB+256GB/128G Android 13 Smartphone Unlocked T-Mobile AT&T,110.99,110.99,Free shipping,https://www.ebay.com/itm/175855946099?_trkparms=5373%3A5000006400%7C5374%3ATech%7C5079%3A5000006423,0.0,0.0
2026-04-27 14:11:41,"XGIMI Halo+ GTV 1080P Portable Projector, 700 ISO Lumens, Licensed Netflix",449.0,449.0,Free shipping,https://www.ebay.com/itm/317666862412?_trkparms=5373%3A5000006400%7C5374%3ATech%7C5079%3A5000006409,0.0,0.0
2026-04-27 14:11:41,SVBONY SC571CC Cooled Color Astronomical Camera IMX571 APS-C USB 3.0 DSO Camera,1299.99,1444.43,Free shipping,https://www.ebay.com/itm/317785921442?_trkparms=5373%3A5000006400%7C5374%3ATech%7C5079%3A5000006430,144.44000000000005,10.0
2026-04-27 14:11:43,Netac 2TB 1TB 500GB 256GB M.2 PCIe SSD 2280 NVMe Internal Solid State Drive lot,55.99,55.99,Free shipping,https://www.ebay.com/itm/315875623194?_trkparms=5373%3A5000006400%7C5374%3ATech%7C5079%3A5000006421,0.0,0.0
2026-04-27 14:11:43,Netac 1TB 2TB 512GB Internal SSD 2.5'' SATA III 6Gb/s Solid State Drive lot,27.99,27.99,Free shipping,https://www.ebay.com/itm/314555594439?_trkparms=5373%3A5000006400%7C5374%3ATech%7C5079%3A5000006421,0.0,0.0
2026-04-27 14:11:43,Netac 4TB 2TB 1TB 500GB M.2 PCIe SSD 2280 NVMe Internal Solid State Drive lot,55.99,55.99,Free shipping,https://www.ebay.com/itm/315879707065?_trkparms=5373%3A5000006400%7C5374%3ATech%7C5079%3A5000006421,0.0,0.0
2026-04-27 14:11:43,Netac NV3000 M.2 2280 2TB 1TB 500GB 250GB NVMe PCIe3.0  Internal SSD lot,55.99,55.99,Free shipping,https://www.ebay.com/itm/314555560363?_trkparms=5373%3A5000006400%7C5374%3ATech%7C5079%3A5000006421,0.0,0.0
2026-04-27 14:11:44,🔝2026 MUCAR 892BT Bidirectional OBD2 Scanner Car System AI Diagnostic Scan Tool,489.0,569.0,Free shipping,https://www.ebay.com/itm/396756053401?_trkparms=5373%3A5000006400%7C5374%3ATech%7C5079%3A5000006432,80.0,14.06
2026-04-27 14:11:44,2026 ThinkScan 689BT Car Bidirectional Scanner Auto Full System Diagnostic Tool,479.0,625.0,Free shipping,https://www.ebay.com/itm/316120319061?_trkparms=5373%3A5000006400%7C5374%3ATech%7C5079%3A5000006432,146.0,23.36
2026-04-27 14:11:45,ThinkScan 689BT +IPRO TPMS Scanner Full System Diagnostic Tool ECU Code 34+Reset,539.0,659.0,Free shipping,https://www.ebay.com/itm/397578740232?_trkparms=5373%3A5000006400%7C5374%3ATech%7C5079%3A5000006432,120.0,18.21
2026-04-27 14:11:46,UMIDIGI Power 5 4GB+128GB Octa Core Dual SIM Android Unlocked Smartphone,100.09,100.09,Free shipping,https://www.ebay.com/itm/176878804687?_trkparms=5373%3A5000006400%7C5374%3ATech%7C5079%3A5000006411,0.0,0.0
2026-04-27 14:11:46,UMIDIGI A15 A15C 8GB+256GB/128G Android 13 Smartphone Unlocked T-Mobile AT&T,110.99,110.99,Free shipping,https://www.ebay.com/itm/175855946099?_trkparms=5373%3A5000006400%7C5374%3ATech%7C5079%3A5000006411,0.0,0.0
2026-04-27 14:11:47,"HUION KAMVAS 16 (Gen 3) Drawing Tablet with Screen 15.8"" PenTech 4.0 2.5K QHD",424.0,429.0,Free shipping,https://www.ebay.com/itm/235904746700?_trkparms=5373%3A5000006400%7C5374%3ATech%7C5079%3A5000006405,5.0,1.17
2026-04-27 14:11:47,"Refurbished HUION Kamvas 13 (Gen 3) 13.3"" Drawing Tablet Pen Display PenTech 4.0",179.0,179.0,Free shipping,https://www.ebay.com/itm/332585319471?_trkparms=5373%3A5000006400%7C5374%3ATech%7C5079%3A5000006405,0.0,0.0
2026-04-27 16:46:43,eufy S350 4K Indoor Security Camera PTZ Dual Cameras +2K Solar Wall Light Camera,159.99,239.99,Free shipping,https://www.ebay.com/itm/134783967793?_trkparms=5373%3A5000006400%7C5374%3ATech%7C5079%3A5000006400,80.0,33.33
2026-04-27 16:46:44,Soundcore Space One Wireless Over-Ear Headphones Active Noise Cancelling |Refurb,59.99,99.99,Shipping info unavailable,https://www.ebay.com/itm/383507401015?_trkparms=5373%3A5000006400%7C5374%3ATech%7C5079%3A5000006400,39.99999999999999,40.0
2026-04-27 16:46:44,eufy Security S380 HomeBase Local Expandable Storage up to 16TB | Refurbished,85.99,149.99,Shipping info unavailable,https://www.ebay.com/itm/385565756245?_trkparms=5373%3A5000006400%7C5374%3ATech%7C5079%3A5000006400,64.00000000000001,42.67
2026-04-27 16:46:44,Soundcore P40i Wireless Earbuds Noise Cancelling 2-in-1 Phone Stand Case|Refurb,30.59,69.99,Shipping info unavailable,https://www.ebay.com/itm/387061957540?_trkparms=5373%3A5000006400%7C5374%3ATech%7C5079%3A5000006400,39.39999999999999,56.29
2026-04-27 16:46:44,eufy Security 4G LTE Cam S330 4K Cellular Solar Wireless Security Cameras|Refurb,118.99,249.99,Shipping info unavailable,https://www.ebay.com/itm/387153393373?_trkparms=5373%3A5000006400%7C5374%3ATech%7C5079%3A5000006400,131.0,52.4
2026-04-27 16:46:44,eufy 2K Smart Security Camera Indoor Cam C220 AI Motion Track NightVision|Refurb,22.94,34.99,Shipping info unavailable,https://www.ebay.com/itm/387496207780?_trkparms=5373%3A5000006400%7C5374%3ATech%7C5079%3A5000006400,12.05,34.44
2026-04-27 16:46:44,Soundcore AeroFit 2 Open-Ear Headphones Hi-Res Bass Adjustable Ear Hooks|Refurb,45.89,129.99,Shipping info unavailable,https://www.ebay.com/itm/387930788302?_trkparms=5373%3A5000006400%7C5374%3ATech%7C5079%3A5000006400,84.10000000000001,64.7
2026-04-27 16:46:44,Soundcore P30i Wireless Earbuds 2-in-1 Case Phone Stand Smart Noise Cancelling,18.99,49.99,Shipping info unavailable,https://www.ebay.com/itm/388423194034?_trkparms=5373%3A5000006400%7C5374%3ATech%7C5079%3A5000006400,31.000000000000004,62.01
2026-04-27 16:46:44,"Soundcore Q30 by Anker, Hybrid Active Noise Cancelling Headphones, Multiple Mode",44.79,55.99,Shipping info unavailable,https://www.ebay.com/itm/389129473090?_trkparms=5373%3A5000006400%7C5374%3ATech%7C5079%3A5000006400,11.200000000000003,20.0
2026-04-27 16:46:45,"2026 HP Laptop 17.3"" FHD 6-Core AMD Ryzen 5 Up to 64GB RAM 2TB SSD Win 11 Pro",549.0,549.0,Free shipping,https://www.ebay.com/itm/127632911203?_trkparms=5373%3A5000006400%7C5374%3ATech%7C5079%3A5000006400,0.0,0.0
2026-04-27 16:46:46,DJI - Osmo Pocket 3 Creator Combo 3-Axis Stabilized 4K Handheld Camera with R...,629.0,629.0,Free shipping,https://www.ebay.com/itm/197923475371?_trkparms=5373%3A5000006400%7C5374%3ATech%7C5079%3A5000006400,0.0,0.0
2026-04-27 16:46:46,"HP 15.6"" FHD Laptop, 6-Core Intel i3 Up to 4.4GHz 32GB RAM & 1TB SSD, Win 11 Pro",379.0,379.0,Free shipping,https://www.ebay.com/itm/147118883311?_trkparms=5373%3A5000006400%7C5374%3ATech%7C5079%3A5000006400,0.0,0.0
2026-04-27 16:46:46,"HP ProBook 445 G11, 14"" FHD+ Touch, R7 7735U, 16GB RAM, 512GB SSD, Win 11 Pro",849.99,849.99,Free shipping,https://www.ebay.com/itm/365977264531?_trkparms=5373%3A5000006400%7C5374%3ATech%7C5079%3A5000006400,0.0,0.0
2026-04-27 16:46:46,"Dell 14"" Intel® Core™ Ultra 7 256V, 8 cores 1 TB SSD 16 GB LPDDR5X",749.99,1219.99,Free shipping,https://www.ebay.com/itm/226752505204?_trkparms=5373%3A5000006400%7C5374%3ATech%7C5079%3A5000006400,470.0,38.52
2026-04-27 16:46:47,Samsung Galaxy S25+ Plus 256GB SM-S936U1 Factory Unlocked US Version - Navy,699.99,899.99,Free shipping,https://www.ebay.com/itm/227250293821?_trkparms=5373%3A5000006400%7C5374%3ATech%7C5079%3A5000006423,200.0,22.22
2026-04-27 16:46:48,HP EliteBook 840 G7 14in i5‑10310U 512GB SSD Windows 11 Pro Silver,230.0,529.99,Free shipping,https://www.ebay.com/itm/366360612384?_trkparms=5373%3A5000006400%7C5374%3ATech%7C5079%3A5000006407,299.99,56.6
2026-04-27 16:46:48,"Acer Aspire 14 AI 14"" Core Ultra 5 226V 16GB 1TB WUXGA Win11 AI PC Refurbished",379.43,579.99,Free shipping,https://www.ebay.com/itm/256960845305?_trkparms=5373%3A5000006400%7C5374%3ATech%7C5079%3A5000006407,200.56,34.58
2026-04-27 16:46:49,Reconditioned OM SYSTEM Tough TG-7 Waterproof Digital Camera Body- Red Edition,439.99,439.99,Free shipping,https://www.ebay.com/itm/377067503390?_trkparms=5373%3A5000006400%7C5374%3ATech%7C5079%3A5000006430,0.0,0.0
2026-04-27 16:46:49,Nintendo Pro Wireless Controller for Nintendo Switch - Black,49.95,69.99,Free shipping,https://www.ebay.com/itm/146970535619?_trkparms=5373%3A5000006400%7C5374%3ATech%7C5079%3A5000006401,20.039999999999992,28.63
2026-04-27 16:46:49,"Microsoft Xbox Stereo Headset for Xbox Series X|S, Xbox One, Windows 10 - Black",30.36,59.99,Free shipping,https://www.ebay.com/itm/364672394930?_trkparms=5373%3A5000006400%7C5374%3ATech%7C5079%3A5000006401,29.630000000000003,49.39
2026-04-27 16:46:49,Rotor Riot Apple 8-Pin Connect Controller for Apple iOS7 or Later Devices -,19.28,49.99,Free shipping,https://www.ebay.com/itm/316052901658?_trkparms=5373%3A5000006400%7C5374%3ATech%7C5079%3A5000006401,30.71,61.43
2026-04-27 16:46:49,Apple iPad 11-inch  (A16) A3355 128GB Wi-Fi +5G Cellular- Unlocked - Excellent,325.49,325.49,Free shipping,https://www.ebay.com/itm/167717241246?_trkparms=5373%3A5000006400%7C5374%3ATech%7C5079%3A5000006415,0.0,0.0
2026-04-27 16:46:49,"Apple iPad Mini  5th Gen, 64GB, Wi-Fi -  Space Gray - Good - 1 YEAR WARRANTY",149.99,149.99,Free shipping,https://www.ebay.com/itm/198218909233?_trkparms=5373%3A5000006400%7C5374%3ATech%7C5079%3A5000006415,0.0,0.0
2026-04-27 16:46:50,SONY WF1000XM5/B Headphone (BT),149.99,329.99,Free shipping,https://www.ebay.com/itm/276015021037?_trkparms=5373%3A5000006400%7C5374%3ATech%7C5079%3A5000006419,180.0,54.55
2026-04-27 16:46:50,Anker 5000mAh MagGo Power Bank Qi2-Certified 15W Wireless Charging for iPhone,33.74,49.99,Free shipping,https://www.ebay.com/itm/385055887327?_trkparms=5373%3A5000006400%7C5374%3ATech%7C5079%3A5000006419,16.25,32.51
2026-04-27 16:46:50,"iPhone, Watch & AirPods MagSafe 3-in-1 Charging Stand | Apple Certified | Belkin",60.0,149.99,Free shipping,https://www.ebay.com/itm/127462399885?_trkparms=5373%3A5000006400%7C5374%3ATech%7C5079%3A5000006419,89.99000000000001,60.0
2026-04-27 16:46:51,Canon Color imageCLASS MF654Cdw 3 In 1 Wireless Laser Printer (White/Black body),276.99,349.95,Free shipping,https://www.ebay.com/itm/297741419445?_trkparms=5373%3A5000006400%7C5374%3ATech%7C5079%3A5000006417,72.95999999999998,20.85
2026-04-27 16:46:51,Brother MFC-L3720CDW Wireless Digital Color All-in-One Printer,420.99,609.99,Free shipping,https://www.ebay.com/itm/365897900496?_trkparms=5373%3A5000006400%7C5374%3ATech%7C5079%3A5000006417,189.0,30.98
2026-04-27 16:46:51,FUJITSU IX500 Scansnap Document Scanner,191.99,299.95,Free shipping,https://www.ebay.com/itm/366041016592?_trkparms=5373%3A5000006400%7C5374%3ATech%7C5079%3A5000006417,107.95999999999998,35.99
2026-04-27 16:46:51,Canon Color imageCLASS LBP632Cdw Wireless Laser Printer 22 PPM (Refurbished),195.99,199.95,Free shipping,https://www.ebay.com/itm/376306949652?_trkparms=5373%3A5000006400%7C5374%3ATech%7C5079%3A5000006417,3.9599999999999795,1.98
2026-04-27 16:46:52,Canon RF 24-105mm f/4L IS USM Lens,1159.95,1159.95,Free shipping,https://www.ebay.com/itm/223467833156?_trkparms=5373%3A5000006400%7C5374%3ATech%7C5079%3A5000006425,0.0,0.0
2026-04-27 16:46:53,OBSBOT Tiny 2 AI Powered PTZ 4K Webcam with Dual Native ISO Technology,254.99,399.0,Free shipping,https://www.ebay.com/itm/287245016079?_trkparms=5373%3A5000006400%7C5374%3ATech%7C5079%3A5000006427,144.01,36.09
2026-04-27 16:46:53,Samsung Galaxy S25+ Plus 256GB SM-S936U1 Factory Unlocked US Version - Navy,699.99,899.99,Free shipping,https://www.ebay.com/itm/227250293821?_trkparms=5373%3A5000006400%7C5374%3ATech%7C5079%3A5000006411,200.0,22.22
2026-04-27 16:46:53,HP 970 Programmable Wireless Keyboard,81.99,144.99,Free shipping,https://www.ebay.com/itm/156466470048?_trkparms=5373%3A5000006400%7C5374%3ATech%7C5079%3A5000006405,63.000000000000014,43.45
2026-04-27 21:59:03,Apple AirPods Pro 2nd Generation with MagSafe Case USB-C White MTJV3AM/A,124.99,249.0,Shipping info unavailable,https://www.ebay.com/itm/389373092695?_trkparms=5373%3A5000006400%7C5374%3ATech%7C5079%3A5000006400,124.01,49.8
2026-04-27 21:59:03,Genuine OEM Samsung 25W 14V 1.79A Monitor TV AC Power Adapter Black BN44-00989A,16.0,16.0,Free shipping,https://www.ebay.com/itm/389682781972?_trkparms=5373%3A5000006400%7C5374%3ATech%7C5079%3A5000006400,0.0,0.0
2026-04-27 21:59:03,Apple AirPods 3 Generation with Magsafe Charging Case - White MME73LL/A,84.0,169.0,Shipping info unavailable,https://www.ebay.com/itm/336359680981?_trkparms=5373%3A5000006400%7C5374%3ATech%7C5079%3A5000006400,85.0,50.3
2026-04-27 21:59:03,"Apple iPad Air 13"" M3 chip Wi-Fi Tablet 128GB Space Gray MCNH4LL/A 2025 Model",599.0,799.0,Shipping info unavailable,https://www.ebay.com/itm/306309042244?_trkparms=5373%3A5000006400%7C5374%3ATech%7C5079%3A5000006400,200.0,25.03
2026-04-27 21:59:03,Apple Watch Ultra 2 49mm GPS Cell Titanium Case w Blue Trail Loop M/L MX4L3LW/A,412.5,799.0,Shipping info unavailable,https://www.ebay.com/itm/335678194390?_trkparms=5373%3A5000006400%7C5374%3ATech%7C5079%3A5000006400,386.5,48.37
2026-04-27 21:59:04,Samsung Galaxy S23 Ultra 512GB Unlocked Android Phantom Black SM-S918UZKFXAA,419.99,1379.99,Shipping info unavailable,https://www.ebay.com/itm/306847306270?_trkparms=5373%3A5000006400%7C5374%3ATech%7C5079%3A5000006400,960.0,69.57
2026-04-27 21:59:04,Samsung Galaxy S23 Ultra Factory Unlocked 512GB Green SM-S918UZGFXAA Android,449.99,1379.99,Shipping info unavailable,https://www.ebay.com/itm/336520386382?_trkparms=5373%3A5000006400%7C5374%3ATech%7C5079%3A5000006400,930.0,67.39
2026-04-27 21:59:04,"Samsung S36CG Series 27"" 100Hz Curved Monitor 100Hz 4ms Black LS27D36CGANXZA",87.8,249.99,Free shipping,https://www.ebay.com/itm/365766911227?_trkparms=5373%3A5000006400%7C5374%3ATech%7C5079%3A5000006400,162.19,64.88
2026-04-27 21:59:04,"Samsung Galaxy S10 10.9"" FE 128GB WiFi Tablet SM-X520NZACXAR S-Pen Keyboard 2025",292.67,639.99,Free shipping,https://www.ebay.com/itm/146727225499?_trkparms=5373%3A5000006400%7C5374%3ATech%7C5079%3A5000006400,347.32,54.27
2026-04-27 21:59:04,Apple Watch Series 11 42mm GPS Space Gray w Black Sport Band S/M MEQW4LW/A 2025,243.89,399.0,Free shipping,https://www.ebay.com/itm/136617718063?_trkparms=5373%3A5000006400%7C5374%3ATech%7C5079%3A5000006400,155.11,38.87
2026-04-27 21:59:04,Apple Watch Ultra 3 49mm GPS Cellular Titanium Case w Black Ocean Band MF0J4LW/A,584.39,799.0,Free shipping,https://www.ebay.com/itm/365937015430?_trkparms=5373%3A5000006400%7C5374%3ATech%7C5079%3A5000006400,214.61,26.86
2026-04-27 21:59:04,"Dell 31.6"" Plus 4K QD-OLED 3840 x 2160 120Hz 0.03ms Ash White Monitor S3225QC",399.99,849.99,Free shipping,https://www.ebay.com/itm/366111330478?_trkparms=5373%3A5000006400%7C5374%3ATech%7C5079%3A5000006400,450.0,52.94
2026-04-27 21:59:05,Apple Watch Series 11 46mm GPS Space Gray Case w Black Sport Band MEV44LW/A 2025,263.4,429.0,Free shipping,https://www.ebay.com/itm/365930095783?_trkparms=5373%3A5000006400%7C5374%3ATech%7C5079%3A5000006400,165.60000000000002,38.6
2026-04-27 21:59:05,"Samsung 37"" Class ViewFinity S70D 4K UHD Monitor 60Hz 5ms Black LS37D704EANXZA",282.92,499.99,Free shipping,https://www.ebay.com/itm/147077663635?_trkparms=5373%3A5000006400%7C5374%3ATech%7C5079%3A5000006400,217.07,43.41
2026-04-27 21:59:05,"LG 32"" Class Ultrafine 4K UHD IPS Monitor HDR10 60Hz 5ms White 32UN650K-W.AUS",259.99,449.99,Free shipping,https://www.ebay.com/itm/365076399652?_trkparms=5373%3A5000006400%7C5374%3ATech%7C5079%3A5000006400,190.0,42.22
2026-04-27 21:59:05,Apple Watch Ultra 3 49mm Cell Natural Titanium Anchor Blue Ocean Band MEWH4LW/A,584.39,799.0,Free shipping,https://www.ebay.com/itm/365937033361?_trkparms=5373%3A5000006400%7C5374%3ATech%7C5079%3A5000006400,214.61,26.86
2026-04-27 21:59:05,"Apple MacBook Air 13"" M4 chip 16GB RAM 512GB SSD Midnight MW133LL/A 2025 Model",899.99,1199.0,Free shipping,https://www.ebay.com/itm/146505574762?_trkparms=5373%3A5000006400%7C5374%3ATech%7C5079%3A5000006400,299.01,24.94
2026-04-27 21:59:05,Apple Watch Series 11 46mm Cell Rose Gold Case w Light Blush Band M/L MFCJ4LW/A,291.71,529.0,Free shipping,https://www.ebay.com/itm/365977564738?_trkparms=5373%3A5000006400%7C5374%3ATech%7C5079%3A5000006400,237.29000000000002,44.86
2026-04-27 21:59:09,"Apple iPad Air 13"" M3 chip Wi-Fi Tablet 128GB Space Gray MCNH4LL/A 2025 Model",599.0,799.0,Free shipping,https://www.ebay.com/itm/306309042244?_trkparms=5373%3A5000006400%7C5374%3ATech%7C5079%3A5000006415,200.0,25.03
2026-04-27 21:59:09,"Samsung Galaxy S10 10.9"" FE 128GB WiFi Tablet SM-X520NZACXAR S-Pen Keyboard 2025",292.67,639.99,Free shipping,https://www.ebay.com/itm/146727225499?_trkparms=5373%3A5000006400%7C5374%3ATech%7C5079%3A5000006415,347.32,54.27
2026-04-28 03:48:37,eufy Security Floodlight Outdoor Camera E340 Wired 2000 LM Wi-Fi HomeBase S380,249.98,369.98,Free shipping,https://www.ebay.com/itm/136684960933?_trkparms=5373%3A5000006400%7C5374%3ATech%7C5079%3A5000006400,120.00000000000003,32.43
2026-04-28 03:48:38,GoPro HERO 13 Black 5.3K HDR 27MP Camera 2 Battery Bundle CHDCB-131-RT 2024,279.99,439.99,Free shipping,https://www.ebay.com/itm/135288810913?_trkparms=5373%3A5000006400%7C5374%3ATech%7C5079%3A5000006400,160.0,36.36
2026-04-28 03:48:39,eufy Security eufyCam S3 Pro 6-Cam Kit Solar Camera Outdoor Wireless 4K MaxColor,799.99,1199.99,Free shipping,https://www.ebay.com/itm/136684976263?_trkparms=5373%3A5000006400%7C5374%3ATech%7C5079%3A5000006400,400.0,33.33
2026-04-28 03:48:40,Anker Prime 67W USB C Charger 3Port GaN Wall Charger Fast PPS Charging for Phone,35.99,59.99,Shipping info unavailable,https://www.ebay.com/itm/383912652364?_trkparms=5373%3A5000006400%7C5374%3ATech%7C5079%3A5000006400,24.0,40.01
2026-04-28 03:48:42,GoPro HERO 13 Black 5.3K HDR 27MP Camera 2 Battery Bundle CHDCB-131-RT 2024,279.99,439.99,Free shipping,https://www.ebay.com/itm/135288810913?_trkparms=5373%3A5000006400%7C5374%3ATech%7C5079%3A5000006430,160.0,36.36
2026-04-28 03:48:43,"Samsung Galaxy Tab A9+ 11.0"" 64GB Gray Wi-Fi Tablet Bundle SM-X210NZAYXAR 2023",149.99,219.99,Free shipping,https://www.ebay.com/itm/364745080814?_trkparms=5373%3A5000006400%7C5374%3ATech%7C5079%3A5000006415,70.0,31.82
2026-04-28 03:48:43,"Apple iPad 11"" 11th Gen A16 Chip Wi-Fi Tablet 128GB Silver MD3Y4LL/A 2025 Model",292.67,349.0,Free shipping,https://www.ebay.com/itm/146500966559?_trkparms=5373%3A5000006400%7C5374%3ATech%7C5079%3A5000006415,56.329999999999984,16.14
2026-04-28 08:34:49,"Apple iPad Air 11"" M3 chip Wi-Fi 7th Gen 128GB Space Gray MC9W4LL/A 2025 Model",399.0,599.0,Free shipping,https://www.ebay.com/itm/306303585335?_trkparms=5373%3A5000006400%7C5374%3ATech%7C5079%3A5000006415,200.0,33.39
2026-04-28 16:58:32,Netgear RBK13-100NAR Orbi RBK13 AC1200 Mesh WiFi Router - Certified Refurbished,34.99,140.0,Free shipping,https://www.ebay.com/itm/134459996896?_trkparms=5373%3A5000006400%7C5374%3ATech%7C5079%3A5000006400,105.00999999999999,75.01
2026-04-28 16:58:32,"Samsung Chromebook 4 (16GB eMMC, Intel Celeron, 1.10 GHz, 16GB) Laptop - Gray",49.95,49.95,Free shipping,https://www.ebay.com/itm/127775559788?_trkparms=5373%3A5000006400%7C5374%3ATech%7C5079%3A5000006400,0.0,0.0
2026-04-28 16:58:36,Apple AirPods 4 w Active Noise Cancellation & True Wireless White MXP93LL/A 2024,82.99,179.99,Free shipping,https://www.ebay.com/itm/336344343951?_trkparms=5373%3A5000006400%7C5374%3ATech%7C5079%3A5000006403,97.00000000000001,53.89
2026-04-29 08:28:23,Apple AirPods 4 with Active Noise Cancellation - White MXP93LL/A,84.99,179.99,Free shipping,https://www.ebay.com/itm/389238473784?_trkparms=5373%3A5000006400%7C5374%3ATech%7C5079%3A5000006403,95.00000000000001,52.78
2026-04-29 16:47:07,"Acer Aspire 14 AI 14"" Core Ultra 5 226V 16GB 1TB WUXGA Win11 AI PC Refurbished",379.43,579.99,Free shipping,https://www.ebay.com/itm/256960845305?_trkparms=5373%3A5000006400%7C5374%3ATech%7C5079%3A5000006400,200.56,34.58
2026-04-29 16:47:08,"Acer Aspire 3 15.6"" Ryzen 5 7520U 7000 Ser 16GB 1TB SSD Radeon Graphics Refurb",323.63,629.99,Free shipping,https://www.ebay.com/itm/277623301371?_trkparms=5373%3A5000006400%7C5374%3ATech%7C5079%3A5000006407,306.36,48.63
2026-04-30 03:47:04,"TA003 Silent Disco Headphone System,Silent Disco Party Headphones Home Movie lot",169.99,242.84,Free shipping,https://www.ebay.com/itm/326667532470?_trkparms=5373%3A5000006400%7C5374%3ATech%7C5079%3A5000006403,72.85,30.0
2026-04-30 14:13:04,"KINGRID T20 Android 16 Tablet 10.1"" 24GB+256GB/2TB Octa Core 5000mAh Widevine L1",115.0,169.0,Free shipping,https://www.ebay.com/itm/366150937118?_trkparms=5373%3A5000006400%7C5374%3ATech%7C5079%3A5000006415,54.0,31.95
2026-04-30 16:25:52,Apple iPhone 15 Pro Max A2849 1TB Natural Unlocked Very Good Condition,642.99,650.91,Free shipping,https://www.ebay.com/itm/357492955429?_trkparms=5373%3A5000006400%7C5374%3ATech%7C5079%3A5000006400,7.919999999999959,1.22
2026-04-30 16:25:52,Samsung Galaxy S22 Ultra 128GB S908U Unlocked - Very Good,304.99,304.99,Free shipping,https://www.ebay.com/itm/256363270963?_trkparms=5373%3A5000006400%7C5374%3ATech%7C5079%3A5000006400,0.0,0.0
2026-04-30 16:25:53,Klipsch R-41SA Dolby Atmos High Performance Elevation Surround Speaker Set,133.0,499.0,Free shipping,https://www.ebay.com/itm/336509147810?_trkparms=5373%3A5000006400%7C5374%3ATech%7C5079%3A5000006400,366.0,73.35
2026-04-30 16:25:53,Apple iPhone 16e A3212 128GB Unlocked Open Box,428.76,428.76,Free shipping,https://www.ebay.com/itm/287297222259?_trkparms=5373%3A5000006400%7C5374%3ATech%7C5079%3A5000006400,0.0,0.0
2026-04-30 16:25:54,"XGIMI HORIZON 1080p FHD Movie Projector 1500 ISO Lumen, 4K Supported, Android TV",579.0,579.0,Free shipping,https://www.ebay.com/itm/317858615623?_trkparms=5373%3A5000006400%7C5374%3ATech%7C5079%3A5000006409,0.0,0.0
2026-04-30 16:25:58,"XGIMI Horizon S Max 4K Projector, 3100 ISO Lumen, Dolby Vision, IMAX Enhanced",1299.0,1299.0,Free shipping,https://www.ebay.com/itm/317952045090?_trkparms=5373%3A5000006400%7C5374%3ATech%7C5079%3A5000006413,0.0,0.0
2026-04-30 16:25:58,2026 Thinkscan Plus S7 Car OBD2 Scanner Auto Diagnostic Tool ABS SRS BCM IC AC,125.99,189.99,Free shipping,https://www.ebay.com/itm/394131576153?_trkparms=5373%3A5000006400%7C5374%3ATech%7C5079%3A5000006413,64.00000000000001,33.69
2026-04-30 16:25:58,Logitech Crayon Digital Pencil for iPad Pro - Orange  -  Apple 8-Pin,29.99,69.99,Free shipping,https://www.ebay.com/itm/146972628127?_trkparms=5373%3A5000006400%7C5374%3ATech%7C5079%3A5000006427,40.0,57.15
2026-04-30 19:42:15,HP EliteBook 840 G7 14in i5‑10310U 16GB 512GB SSD Win11 Pro Refurbished,230.0,529.99,Shipping info unavailable,https://www.ebay.com/itm/366379283305?_trkparms=5373%3A5000006400%7C5374%3ATech%7C5079%3A5000006400,299.99,56.6
2026-05-01 08:21:14,"Apple iPhone 12 Mini 5.4"" Factory Unlocked (Any Carrier) 64GB 128GB 256GB Good",141.99,550.0,Shipping info unavailable,https://www.ebay.com/itm/204520565065?_trkparms=5373%3A5000006400%7C5374%3ATech%7C5079%3A5000006400,408.01,74.18
2026-05-01 08:21:14,Apple Watch Series 7 41mm/45mm (GPS + Cellular) Unlocked Smart Watch Very Good,112.99,499.0,Shipping info unavailable,https://www.ebay.com/itm/204190232278?_trkparms=5373%3A5000006400%7C5374%3ATech%7C5079%3A5000006400,386.01,77.36
2026-05-01 08:21:14,Samsung Galaxy S21 Ultra 5G 128GB SM-G998U FACTORY UNLOCKED CDMA + GSM OPEN BOX,279.48,999.99,Free shipping,https://www.ebay.com/itm/116048539393?_trkparms=5373%3A5000006400%7C5374%3ATech%7C5079%3A5000006400,720.51,72.05
2026-05-01 08:21:15,Apple Watch SE 3 2025 (3rd Gen) 40mm 44mm (GPS + Cellular) Unlocked Smart Watch,185.99,299.0,Free shipping,https://www.ebay.com/itm/327060159322?_trkparms=5373%3A5000006400%7C5374%3ATech%7C5079%3A5000006400,113.00999999999999,37.8
2026-05-01 08:21:15,"Samsung Galaxy S20 5G UW SM-G981V 128GB Verizon 6.2"" Good",138.99,999.99,Shipping info unavailable,https://www.ebay.com/itm/186356181913?_trkparms=5373%3A5000006400%7C5374%3ATech%7C5079%3A5000006400,861.0,86.1
2026-05-01 08:21:15,Google Pixel 8 128GB Factory Unlocked - Good,217.99,950.0,Shipping info unavailable,https://www.ebay.com/itm/326760211906?_trkparms=5373%3A5000006400%7C5374%3ATech%7C5079%3A5000006400,732.01,77.05
2026-05-01 08:21:15,Apple iPhone XS MAX Fully Unlocked (Any Carrier) 64GB 256GB 512GB,172.99,1000.0,Free shipping,https://www.ebay.com/itm/198116720296?_trkparms=5373%3A5000006400%7C5374%3ATech%7C5079%3A5000006400,827.01,82.7
2026-05-01 08:21:15,Apple Watch Series 11 [GPS + Cellular 46mm] Unlocked - Aluminum Case - Excellent,319.99,529.0,Shipping info unavailable,https://www.ebay.com/itm/406795057546?_trkparms=5373%3A5000006400%7C5374%3ATech%7C5079%3A5000006400,209.01,39.51
2026-05-01 08:21:15,Apple  iPhone 13 Pro Max 5G 256GB Factory Unlocked CDMA + GSM - EXCELLENT,569.48,1199.99,Shipping info unavailable,https://www.ebay.com/itm/135248304451?_trkparms=5373%3A5000006400%7C5374%3ATech%7C5079%3A5000006400,630.51,52.54
2026-05-01 08:21:15,Samsung Galaxy S22 5G SM-S901U1 128GB 256GB Unlocked Good,142.99,999.99,Shipping info unavailable,https://www.ebay.com/itm/186378192943?_trkparms=5373%3A5000006400%7C5374%3ATech%7C5079%3A5000006400,857.0,85.7
2026-05-01 08:21:15,Samsung Galaxy S22 128GB SM-S901U1 FACTORY UNLOCKED CDMA + GSM - OPEN BOX,209.48,799.99,Free shipping,https://www.ebay.com/itm/135654004402?_trkparms=5373%3A5000006400%7C5374%3ATech%7C5079%3A5000006400,590.51,73.81
2026-05-01 08:21:16,Samsung Galaxy Z FLIP 3 -5G 128GB F711U1 FACTORY UNLOCKED CDMA + GSM - EXCELLENT,182.48,999.99,Shipping info unavailable,https://www.ebay.com/itm/134427487399?_trkparms=5373%3A5000006400%7C5374%3ATech%7C5079%3A5000006400,817.51,81.75
2026-05-01 08:21:16,Apple iPhone XR 64gb - FACTORY UNLOCKED CDMA + GSM - EXCELLENT,129.48,499.99,Shipping info unavailable,https://www.ebay.com/itm/136774699339?_trkparms=5373%3A5000006400%7C5374%3ATech%7C5079%3A5000006400,370.51,74.1
2026-05-01 08:21:16,Apple iPhone 11 64GB Factory Unlocked Refurbished Good A2111 1 year warranty,171.99,1099.99,Shipping info unavailable,https://www.ebay.com/itm/205021560340?_trkparms=5373%3A5000006400%7C5374%3ATech%7C5079%3A5000006400,928.0,84.36
2026-05-01 08:21:16,Samsung Galaxy S23 Ultra SM-S918U1 512GB FACTORY UNLOCKED CDMA + GSM - EXCELLENT,449.48,1379.99,Shipping info unavailable,https://www.ebay.com/itm/135187534483?_trkparms=5373%3A5000006400%7C5374%3ATech%7C5079%3A5000006400,930.51,67.43
2026-05-01 08:21:16,"Samsung Galaxy Tab S8+ Plus X800 128GB 12.4"" Wi-FI W/S-Pen - Good Refurbished",302.99,1399.99,Shipping info unavailable,https://www.ebay.com/itm/187520594740?_trkparms=5373%3A5000006400%7C5374%3ATech%7C5079%3A5000006400,1097.0,78.36
2026-05-01 08:21:16,Apple iPhone 12 128GB Factory Unlocked AT&T T-Mobile Verizon Very Good Refurbish,223.99,999.99,Shipping info unavailable,https://www.ebay.com/itm/187038384226?_trkparms=5373%3A5000006400%7C5374%3ATech%7C5079%3A5000006400,776.0,77.6
2026-05-01 08:21:17,Apple iPhone 15 256GB Factory Unlocked CDMA + GSM - Excellent,419.48,1299.99,Shipping info unavailable,https://www.ebay.com/itm/127438911136?_trkparms=5373%3A5000006400%7C5374%3ATech%7C5079%3A5000006400,880.51,67.73
2026-05-01 08:21:17,"Samsung Galaxy Tab S7 11"" T870 256GB WIFI ONLY With S-Pen - Good Refurbished",236.99,1399.99,Shipping info unavailable,https://www.ebay.com/itm/205693601653?_trkparms=5373%3A5000006400%7C5374%3ATech%7C5079%3A5000006400,1163.0,83.07
2026-05-01 08:21:17,Apple iPhone 14 -5G - 512GB Factory Unlocked GSM + CDMA - EXCELLENT,397.48,1199.99,Shipping info unavailable,https://www.ebay.com/itm/116577294040?_trkparms=5373%3A5000006400%7C5374%3ATech%7C5079%3A5000006400,802.51,66.88
2026-05-01 08:21:17,Apple iPhone 12 Pro 256GB A2341 Unlocked AT&T Verizon T-Mobile Excellent Refurb,312.99,1299.99,Shipping info unavailable,https://www.ebay.com/itm/187036208902?_trkparms=5373%3A5000006400%7C5374%3ATech%7C5079%3A5000006400,987.0,75.92
2026-05-01 08:21:17,Google Pixel 7 GVU6C 128GB 256GB Unlocked Phone Good Refurbished 1 Year Warranty,147.99,999.99,Shipping info unavailable,https://www.ebay.com/itm/355617737236?_trkparms=5373%3A5000006400%7C5374%3ATech%7C5079%3A5000006400,852.0,85.2
2026-05-01 08:21:19,Samsung Galaxy S23 Ultra Unlocked 256GB Phantom Black SM-S918UZKAXAA Android,404.99,1199.99,Free shipping,https://www.ebay.com/itm/306863344325?_trkparms=5373%3A5000006400%7C5374%3ATech%7C5079%3A5000006423,795.0,66.25
2026-05-01 08:21:20,"XGIMI Halo 1080p Portable Projector, 600 ISO Lumens, Supports 4K, Android TV",339.0,339.0,Free shipping,https://www.ebay.com/itm/317777401311?_trkparms=5373%3A5000006400%7C5374%3ATech%7C5079%3A5000006409,0.0,0.0
2026-05-01 08:21:20,Acer GC501 Wired Gaming Controller Turbo Action Buttons & LED Certified Refurb,23.24,39.99,Free shipping,https://www.ebay.com/itm/267373251782?_trkparms=5373%3A5000006400%7C5374%3ATech%7C5079%3A5000006401,16.750000000000004,41.89
2026-05-01 08:21:23,HP LaserJet M611dn Mono Printer 2-Sided Ethernet Fast Print 7PS84A,1249.95,1937.99,Free shipping,https://www.ebay.com/itm/197935730064?_trkparms=5373%3A5000006400%7C5374%3ATech%7C5079%3A5000006417,688.04,35.5
2026-05-01 08:21:23,"DNP QW410 4.5"" Dye Sublimation Printer, 300x300 dpi, 190 4x6"" Prints Per Hour -",564.0,564.0,Free shipping,https://www.ebay.com/itm/336022016053?_trkparms=5373%3A5000006400%7C5374%3ATech%7C5079%3A5000006417,0.0,0.0
2026-05-01 08:21:24,🔝2026 MUCAR 892BT Bidirectional OBD2 Scanner Car System AI Diagnostic Scan Tool,489.0,569.0,Free shipping,https://www.ebay.com/itm/396756053401?_trkparms=5373%3A5000006400%7C5374%3ATech%7C5079%3A5000006413,80.0,14.06
2026-05-01 08:21:24,ANNKE 12MP 16CH 8CH NVR 4K Audio PoE Security Camera System Color Night AI IP67,275.59,439.98,Free shipping,https://www.ebay.com/itm/402789127011?_trkparms=5373%3A5000006400%7C5374%3ATech%7C5079%3A5000006413,164.39000000000004,37.36
2026-05-01 08:21:25,Samsung Galaxy S23 Ultra Unlocked 256GB Phantom Black SM-S918UZKAXAA Android,404.99,1199.99,Free shipping,https://www.ebay.com/itm/306863344325?_trkparms=5373%3A5000006400%7C5374%3ATech%7C5079%3A5000006411,795.0,66.25
2026-05-01 10:27:09,"Apple iPhone 17 Pro Max, US Version, 256GB, eSIM, - Unlocked. Excellent",1224.99,1299.99,Shipping info unavailable,https://www.ebay.com/itm/406845932977?_trkparms=5373%3A5000006400%7C5374%3ATech%7C5079%3A5000006400,75.0,5.77
2026-05-01 10:27:10,"Samsung Galaxy S23+ Plus 5G, US Version, 256GB - Unlocked - Excellent",324.99,999.99,Shipping info unavailable,https://www.ebay.com/itm/406873453273?_trkparms=5373%3A5000006400%7C5374%3ATech%7C5079%3A5000006400,675.0,67.5
2026-05-01 10:27:10,Apple Watch Series 8 [GPS 45mm] - Aluminum Case Sport Band. Excellent,149.99,429.0,Shipping info unavailable,https://www.ebay.com/itm/406784915725?_trkparms=5373%3A5000006400%7C5374%3ATech%7C5079%3A5000006400,279.01,65.04
2026-05-01 10:27:11,"Apple iPhone 14 128GB 6.1"" 5G Fully Unlocked US Version. Excellent",287.99,799.0,Shipping info unavailable,https://www.ebay.com/itm/406809981352?_trkparms=5373%3A5000006400%7C5374%3ATech%7C5079%3A5000006400,511.01,63.96
2026-05-01 10:27:17,"DNP QW410 4.5"" Dye Sublimation Printer, 300x300 dpi, 190 4x6"" Prints Per Hour",495.0,495.0,Free shipping,https://www.ebay.com/itm/396747282690?_trkparms=5373%3A5000006400%7C5374%3ATech%7C5079%3A5000006417,0.0,0.0
2026-05-01 10:27:18,Apple Pencil (USB-C) -White - Excellent,59.99,79.0,Free shipping,https://www.ebay.com/itm/406493840216?_trkparms=5373%3A5000006400%7C5374%3ATech%7C5079%3A5000006427,19.009999999999998,24.06
2026-05-01 10:27:18,OEM Apple Pencil Pro Charges & Pairs Magnetically - Excellent,84.99,129.0,Free shipping,https://www.ebay.com/itm/406493840204?_trkparms=5373%3A5000006400%7C5374%3ATech%7C5079%3A5000006427,44.010000000000005,34.12
2026-05-01 16:01:32,Apple iPhone 14 Pro Max 1TB Fully Unlocked - Good,521.99,950.0,Shipping info unavailable,https://www.ebay.com/itm/226820693206?_trkparms=5373%3A5000006400%7C5374%3ATech%7C5079%3A5000006400,428.01,45.05
2026-05-01 16:01:33,Google Pixel 8 Pro G1MNW 128GB Unlocked - Good Refurbished,285.99,999.99,Shipping info unavailable,https://www.ebay.com/itm/205862649931?_trkparms=5373%3A5000006400%7C5374%3ATech%7C5079%3A5000006400,714.0,71.4
2026-05-01 16:01:33,Apple iPhone 12 128GB Factory Unlocked AT&T T-Mobile Verizon Good Refurbish,208.99,999.99,Shipping info unavailable,https://www.ebay.com/itm/187038461281?_trkparms=5373%3A5000006400%7C5374%3ATech%7C5079%3A5000006400,791.0,79.1
2026-05-01 16:01:34,"Acer Aspire 3 15.6"" Ryzen 5 7520U 7000 Ser 16GB 1TB SSD Radeon Graphics Refurb",316.19,629.99,Free shipping,https://www.ebay.com/itm/277623301371?_trkparms=5373%3A5000006400%7C5374%3ATech%7C5079%3A5000006400,313.8,49.81
2026-05-01 16:01:34,Microsoft Surface Pro Copilot+ PC Platinum + Surface Slim Pen 2 Slate,1049.99,1149.98,Free shipping,https://www.ebay.com/itm/297911191766?_trkparms=5373%3A5000006400%7C5374%3ATech%7C5079%3A5000006400,99.99000000000001,8.69
2026-05-01 16:01:34,Apple AirPods Max - Space Gray / MGYH3AM/A,319.99,319.99,Free shipping,https://www.ebay.com/itm/205037673366?_trkparms=5373%3A5000006400%7C5374%3ATech%7C5079%3A5000006400,0.0,0.0
2026-05-01 19:20:50,PNY GeForce RTX 4060 8GB GDDR6 VERTO Dual Fan DLSS 3 VIDEO Graphics CARD,249.0,799.0,Shipping info unavailable,https://www.ebay.com/itm/227253013162?_trkparms=5373%3A5000006400%7C5374%3ATech%7C5079%3A5000006400,550.0,68.84
2026-05-01 19:20:50,"2025 Dell XPS 13 9345 Laptop Snapdragon X Elite 16GB RAM 512GB SSD 13.4"" FHD+",699.0,1299.0,Shipping info unavailable,https://www.ebay.com/itm/236409751525?_trkparms=5373%3A5000006400%7C5374%3ATech%7C5079%3A5000006400,600.0,46.19
2026-05-01 19:20:50,Apple iPhone 15 128GB - Fully Unlocked - GOOD Condition,384.0,799.99,Shipping info unavailable,https://www.ebay.com/itm/326895674053?_trkparms=5373%3A5000006400%7C5374%3ATech%7C5079%3A5000006400,415.99,52.0
2026-05-01 19:20:50,KICKER CX 360W Class AB Bridgeable 4-Channel Car Audio Amplifier,162.0,229.99,Free shipping,https://www.ebay.com/itm/167420959543?_trkparms=5373%3A5000006400%7C5374%3ATech%7C5079%3A5000006400,67.99000000000001,29.56
2026-05-01 19:20:50,"2025 Dell XPS 13 9345 Laptop Snapdragon X Elite 32GB RAM 512GB SSD 13.4"" FHD+",789.0,1199.0,Shipping info unavailable,https://www.ebay.com/itm/236411951545?_trkparms=5373%3A5000006400%7C5374%3ATech%7C5079%3A5000006400,410.0,34.2
2026-05-01 19:20:50,Apple iPhone 12 128GB - Fully Unlocked - EXCELLENT Condition,220.8,349.99,Shipping info unavailable,https://www.ebay.com/itm/226643540005?_trkparms=5373%3A5000006400%7C5374%3ATech%7C5079%3A5000006400,129.19,36.91
2026-05-01 19:20:50,"BOSS Audio Elite 10.1"" Digital Bluetooth Multimedia Receiver",471.0,609.99,Free shipping,https://www.ebay.com/itm/187827504961?_trkparms=5373%3A5000006400%7C5374%3ATech%7C5079%3A5000006400,138.99,22.79
2026-05-01 19:20:50,Apple iPhone SE 3RD GEN 64GB - Fully Unlocked  - EXCELLENT Condition,137.3,299.99,Shipping info unavailable,https://www.ebay.com/itm/326282934184?_trkparms=5373%3A5000006400%7C5374%3ATech%7C5079%3A5000006400,162.69,54.23
2026-05-01 19:20:51,LG OLED55C5P 55 inch Class OLED evo AI C5 4K UHD HDR Smart TV - 2025 Model,882.0,1199.99,Free shipping,https://www.ebay.com/itm/157144915903?_trkparms=5373%3A5000006400%7C5374%3ATech%7C5079%3A5000006400,317.99,26.5
2026-05-01 19:20:51,"BOSS Audio Elite 10.1"" Digital Bluetooth Multimedia Receiver",467.0,609.99,Shipping info unavailable,https://www.ebay.com/itm/167992152610?_trkparms=5373%3A5000006400%7C5374%3ATech%7C5079%3A5000006400,142.99,23.44
2026-05-01 19:20:51,Canon EOS Rebel T7 DSLR Camera with 18-55mm & 75-300mm Lenses,621.0,649.0,Free shipping,https://www.ebay.com/itm/167997012289?_trkparms=5373%3A5000006400%7C5374%3ATech%7C5079%3A5000006400,28.0,4.31
2026-05-01 19:20:51,Nintendo Switch OLED 64GB Pokemon Scarlet & Violet ✨ Limited Edition ✨ Console,338.88,449.99,Shipping info unavailable,https://www.ebay.com/itm/195687374485?_trkparms=5373%3A5000006400%7C5374%3ATech%7C5079%3A5000006400,111.11000000000001,24.69
2026-05-01 19:20:51,LG OLED65C5P 65 inch Class OLED evo AI C5 4K UHD HDR Smart TV - 2025 Model,1099.0,1399.99,Shipping info unavailable,https://www.ebay.com/itm/167625677410?_trkparms=5373%3A5000006400%7C5374%3ATech%7C5079%3A5000006400,300.99,21.5
2026-05-01 19:20:52,Pioneer AVH-3500NEX 1-DIN 6.8  Touchscreen Car Stereo DVD Player Receiver,668.0,829.99,Free shipping,https://www.ebay.com/itm/167420959525?_trkparms=5373%3A5000006400%7C5374%3ATech%7C5079%3A5000006400,161.99,19.52
2026-05-01 19:20:52,Apple iPhone 15 256GB - Fully Unlocked - VERY GOOD Condition,432.0,699.99,Shipping info unavailable,https://www.ebay.com/itm/326506790203?_trkparms=5373%3A5000006400%7C5374%3ATech%7C5079%3A5000006400,267.99,38.28
2026-05-01 19:20:52,"DS18 PRO-X6M 6.5"" Midrange Car Loudspeaker - 1 Speaker",31.35,45.95,Free shipping,https://www.ebay.com/itm/154661182129?_trkparms=5373%3A5000006400%7C5374%3ATech%7C5079%3A5000006400,14.600000000000001,31.77
2026-05-01 19:20:52,"JBL BassPro 12 Powered 12"" Subwoofer 150W RMS",287.0,291.95,Free shipping,https://www.ebay.com/itm/157623217204?_trkparms=5373%3A5000006400%7C5374%3ATech%7C5079%3A5000006400,4.949999999999989,1.7
2026-05-01 19:20:52,"DS18 GEN-X 5x7"" 3-Way 50 Watts Coaxial Speakers",40.96,57.95,Free shipping,https://www.ebay.com/itm/187222478716?_trkparms=5373%3A5000006400%7C5374%3ATech%7C5079%3A5000006400,16.990000000000002,29.32
2026-05-01 19:20:52,Altec Lansing SoundRover Wireless Party Tailgate Speaker with Microphone - Black,105.0,149.8,Shipping info unavailable,https://www.ebay.com/itm/165421207762?_trkparms=5373%3A5000006400%7C5374%3ATech%7C5079%3A5000006400,44.80000000000001,29.91
2026-05-01 19:20:52,"2025 Dell XPS 13 9345 Laptop Snapdragon X Elite 32GB RAM 1TB SSD 13.4"" FHD+ W11H",849.0,1199.0,Shipping info unavailable,https://www.ebay.com/itm/236409751882?_trkparms=5373%3A5000006400%7C5374%3ATech%7C5079%3A5000006400,350.0,29.19
2026-05-01 19:20:52,Samsung 55 inch QN70F 4K Smart TV QLED HDR 120Hz (2025),548.0,597.99,Shipping info unavailable,https://www.ebay.com/itm/187352198452?_trkparms=5373%3A5000006400%7C5374%3ATech%7C5079%3A5000006400,49.99000000000001,8.36
2026-05-01 19:20:52,Optoma GT2000HDR 1080p Full HD Short Throw Laser Gaming Projector,920.0,999.0,Shipping info unavailable,https://www.ebay.com/itm/156939522394?_trkparms=5373%3A5000006400%7C5374%3ATech%7C5079%3A5000006400,79.0,7.91
2026-05-01 19:20:53,Pioneer FH-S722BS 2-DIN Bluetooth Car Stereo CD Receiver Player,179.0,229.99,Free shipping,https://www.ebay.com/itm/187105154131?_trkparms=5373%3A5000006400%7C5374%3ATech%7C5079%3A5000006400,50.99000000000001,22.17
2026-05-01 19:20:53,Apple iPhone 13 Pro Max  1TB- Fully Unlocked - VERY GOOD Condition,475.2,499.99,Shipping info unavailable,https://www.ebay.com/itm/226619662480?_trkparms=5373%3A5000006400%7C5374%3ATech%7C5079%3A5000006400,24.79000000000002,4.96
2026-05-01 19:20:53,High Power HP1-J700GD-F12S 700W 80 Plus Gold Switching Power Supply,49.0,49.0,Free shipping,https://www.ebay.com/itm/326757215188?_trkparms=5373%3A5000006400%7C5374%3ATech%7C5079%3A5000006400,0.0,0.0
2026-05-01 19:20:55,Nintendo Switch OLED 64GB Special Editions Region Free + 1 Year Warranty 🛡️,328.88,449.99,Free shipping,https://www.ebay.com/itm/287247230855?_trkparms=5373%3A5000006400%7C5374%3ATech%7C5079%3A5000006401,121.11000000000001,26.91
2026-05-01 19:20:55,Nintendo Switch OLED 64GB NEON Red Blue Joy Con Newest Version +FAST FREE SHIP!⭐,259.99,359.99,Free shipping,https://www.ebay.com/itm/195122716310?_trkparms=5373%3A5000006400%7C5374%3ATech%7C5079%3A5000006401,100.0,27.78
2026-05-01 19:20:55,Nintendo OLED Switch Console Legend of ZELDA Tears of the Kingdom Limtd Edition!,329.99,449.99,Free shipping,https://www.ebay.com/itm/196060253300?_trkparms=5373%3A5000006400%7C5374%3ATech%7C5079%3A5000006401,120.0,26.67
2026-05-01 19:20:59,Kanto Living ORA 2-Way Active Wireless Reference Desktop Speakers (Pair) - Black,259.0,349.99,Free shipping,https://www.ebay.com/itm/156981296490?_trkparms=5373%3A5000006400%7C5374%3ATech%7C5079%3A5000006427,90.99000000000001,26.0
2026-05-01 21:58:02,Apple iPhone 16 Pro Max (Fully Unlocked) 256GB Natural Titanium (Excellent),769.99,1500.0,Shipping info unavailable,https://www.ebay.com/itm/286967949814?_trkparms=5373%3A5000006400%7C5374%3ATech%7C5079%3A5000006400,730.01,48.67
2026-05-01 21:58:04,Apple iPhone 12 Pro 256GB - Fully Unlocked - VERY GOOD Condition,266.9,499.99,Shipping info unavailable,https://www.ebay.com/itm/326522312272?_trkparms=5373%3A5000006400%7C5374%3ATech%7C5079%3A5000006400,233.09000000000003,46.62
2026-05-01 21:58:10,"DNP Event Photo Printer DS-RX1HS 6"" Dye           Sublimation, for Booth Portrai",695.0,695.0,Free shipping,https://www.ebay.com/itm/396732185897?_trkparms=5373%3A5000006400%7C5374%3ATech%7C5079%3A5000006417,0.0,0.0
2026-05-01 21:58:10,DNP QW410 4.5-inch Dye-Sublimation Professional Photo Printer Essential Bundle w,574.0,574.0,Free shipping,https://www.ebay.com/itm/336238124804?_trkparms=5373%3A5000006400%7C5374%3ATech%7C5079%3A5000006417,0.0,0.0
2026-05-02 03:31:53,"HP Elitebook 845 G8 14"" FHD Laptop AMD Ryzen 5 PRO 5650U 32GB 256GB W11P",329.99,1499.99,Shipping info unavailable,https://www.ebay.com/itm/168327587260?_trkparms=5373%3A5000006400%7C5374%3ATech%7C5079%3A5000006400,1170.0,78.0
2026-05-02 03:31:53,Samsung Galaxy S24 Plus 5G S926U (AT&T Only) 256GB Onyx Black (Excellent),460.99,1299.0,Shipping info unavailable,https://www.ebay.com/itm/287092044616?_trkparms=5373%3A5000006400%7C5374%3ATech%7C5079%3A5000006400,838.01,64.51
2026-05-02 03:31:54,Lenovo Chromebook 300e (2nd Gen) 4GB RAM 32GB eMMC11.6 LED Black (Excellent),70.99,199.99,Shipping info unavailable,https://www.ebay.com/itm/287260796764?_trkparms=5373%3A5000006400%7C5374%3ATech%7C5079%3A5000006400,129.0,64.5
2026-05-02 03:31:54,"Samsung Galaxy Tab Active2 8.0"" T390 (WiFi) 16GB Black (Excellent)",51.99,399.99,Shipping info unavailable,https://www.ebay.com/itm/286985517253?_trkparms=5373%3A5000006400%7C5374%3ATech%7C5079%3A5000006400,348.0,87.0
2026-05-02 03:31:54,"Apple Watch Series 9 Aluminum 41mm A2978 (GPS Only, No Cellular) Midnight (Good)",184.99,499.0,Shipping info unavailable,https://www.ebay.com/itm/286892209531?_trkparms=5373%3A5000006400%7C5374%3ATech%7C5079%3A5000006400,314.01,62.93
2026-05-02 03:31:54,HP LaserJet Managed Flow MFP E52645c Monochrome Printer,549.99,5369.46,Shipping info unavailable,https://www.ebay.com/itm/168327587209?_trkparms=5373%3A5000006400%7C5374%3ATech%7C5079%3A5000006400,4819.47,89.76
2026-05-02 03:31:54,"Apple Watch Series 7 Aluminum 41mm A2473 (GPS Only, No Cellular) Red (Very Good)",131.99,499.0,Shipping info unavailable,https://www.ebay.com/itm/286968025792?_trkparms=5373%3A5000006400%7C5374%3ATech%7C5079%3A5000006400,367.01,73.55
2026-05-02 03:31:54,"Apple Watch SE (2022) 2nd Gen 40mm (GPS Only, No Cellular) Midnight (Very Good)",108.99,299.99,Shipping info unavailable,https://www.ebay.com/itm/286894094917?_trkparms=5373%3A5000006400%7C5374%3ATech%7C5079%3A5000006400,191.0,63.67
2026-05-02 03:31:54,"Apple Watch Series 9 Aluminum 45mm A2980 (GPS Only, No Cellular) Midnight (Good)",198.99,499.0,Shipping info unavailable,https://www.ebay.com/itm/286892202268?_trkparms=5373%3A5000006400%7C5374%3ATech%7C5079%3A5000006400,300.01,60.12
2026-05-02 03:31:55,Samsung Galaxy Xcover6 Pro G736U AT&T Only 128GB Black (Excellent),151.99,499.99,Shipping info unavailable,https://www.ebay.com/itm/286934592466?_trkparms=5373%3A5000006400%7C5374%3ATech%7C5079%3A5000006400,348.0,69.6
2026-05-02 03:31:55,"Apple Watch Series 7 Aluminum 41mm A2473 (GPS Only, No Cellular) Green (Good)",127.99,499.0,Shipping info unavailable,https://www.ebay.com/itm/286892205415?_trkparms=5373%3A5000006400%7C5374%3ATech%7C5079%3A5000006400,371.01,74.35
2026-05-02 03:31:55,"Apple Watch Series 8 Aluminum 45mm A2771 (GPS Only, No Cellular) Midnight (Good)",146.99,499.0,Shipping info unavailable,https://www.ebay.com/itm/286892260465?_trkparms=5373%3A5000006400%7C5374%3ATech%7C5079%3A5000006400,352.01,70.54
2026-05-02 03:31:55,"Apple Watch Series 10 Aluminum 46mm (GPS Only, No Cellular) Rose Gold(Excellent)",253.99,499.0,Shipping info unavailable,https://www.ebay.com/itm/287091932782?_trkparms=5373%3A5000006400%7C5374%3ATech%7C5079%3A5000006400,245.01,49.1
2026-05-02 03:31:55,Apple Watch SE (2020) 1st Gen 40mm A2353 (GPS + Cellular) Gold (Very Good),98.99,299.99,Shipping info unavailable,https://www.ebay.com/itm/286892155762?_trkparms=5373%3A5000006400%7C5374%3ATech%7C5079%3A5000006400,201.0,67.0
2026-05-02 03:31:55,Apple iPad Pro 11 2018 WiFi + Cellular Unlocked 512GB Space Gray (Excellent),329.99,949.0,Shipping info unavailable,https://www.ebay.com/itm/287258969071?_trkparms=5373%3A5000006400%7C5374%3ATech%7C5079%3A5000006400,619.01,65.23
2026-05-02 03:31:56,Apple iPhone 16e A3212 (AT&T LOCKED) 128GB Black (Excellent),361.99,1500.0,Shipping info unavailable,https://www.ebay.com/itm/286886663908?_trkparms=5373%3A5000006400%7C5374%3ATech%7C5079%3A5000006400,1138.01,75.87
2026-05-02 03:31:56,Nintendo Switch OLED - HEG-001 - 64GB - Red & Blue Joy Con (Very Good),248.99,399.99,Shipping info unavailable,https://www.ebay.com/itm/287262465058?_trkparms=5373%3A5000006400%7C5374%3ATech%7C5079%3A5000006400,151.0,37.75
2026-05-02 03:31:56,Apple Watch Series 7 Aluminum 45 mm GPS Only No Cellular Starlight (Good),127.99,429.0,Shipping info unavailable,https://www.ebay.com/itm/287091940900?_trkparms=5373%3A5000006400%7C5374%3ATech%7C5079%3A5000006400,301.01,70.17
2026-05-02 03:31:56,"Apple Watch Series 8 Aluminum 41mm A2978 (GPS Only, No Cellular) Midnight (Good)",146.99,499.0,Shipping info unavailable,https://www.ebay.com/itm/286892160526?_trkparms=5373%3A5000006400%7C5374%3ATech%7C5079%3A5000006400,352.01,70.54
2026-05-02 03:31:56,Apple iPad Pro 11 2018 A1980 WiFi 64GB Space Gray (Very Good),231.99,799.0,Shipping info unavailable,https://www.ebay.com/itm/287062235926?_trkparms=5373%3A5000006400%7C5374%3ATech%7C5079%3A5000006400,567.01,70.96
2026-05-02 03:31:56,Apple Watch Series 7 Aluminum 45 mm GPS + Cellular Starlight (Good),127.99,529.0,Shipping info unavailable,https://www.ebay.com/itm/287091939685?_trkparms=5373%3A5000006400%7C5374%3ATech%7C5079%3A5000006400,401.01,75.81
2026-05-02 03:31:59,Nintendo Switch OLED - HEG-001 - 64GB - Red & Blue Joy Con (Good),239.99,399.99,Free shipping,https://www.ebay.com/itm/287262456903?_trkparms=5373%3A5000006400%7C5374%3ATech%7C5079%3A5000006401,160.0,40.0
2026-05-02 03:31:59,Nintendo Switch OLED - HEG-001 - 64GB - Red & Blue Joy Con (Very Good),248.99,399.99,Free shipping,https://www.ebay.com/itm/287262465058?_trkparms=5373%3A5000006400%7C5374%3ATech%7C5079%3A5000006401,151.0,37.75
2026-05-02 03:31:59,Sony PlayStation 5 - DualSense Wireless Controller - White,56.83,79.99,Free shipping,https://www.ebay.com/itm/317499189516?_trkparms=5373%3A5000006400%7C5374%3ATech%7C5079%3A5000006401,23.159999999999997,28.95
2026-05-02 03:31:59,Sony PlayStation 5 - DualSense Wireless Controller -  Starlight Blue - Refurbish,56.83,79.99,Free shipping,https://www.ebay.com/itm/336535658531?_trkparms=5373%3A5000006400%7C5374%3ATech%7C5079%3A5000006401,23.159999999999997,28.95
2026-05-02 03:32:02,Sony FE 16mm f/1.8 G Lens Wide Angle Prime PRO,898.0,898.0,Free shipping,https://www.ebay.com/itm/286663274499?_trkparms=5373%3A5000006400%7C5374%3ATech%7C5079%3A5000006425,0.0,0.0
2026-05-02 03:32:02,Sony FE 24-50mm F2.8 G Compact Standard Zoom Lens SEL2450G E mount,1198.0,1298.0,Free shipping,https://www.ebay.com/itm/375421355079?_trkparms=5373%3A5000006400%7C5374%3ATech%7C5079%3A5000006425,100.0,7.7
2026-05-02 10:03:59,Apple iPhone 16 Pro Max A3084 (Fully Unlocked) 512GB Black Titanium (Good),792.99,1500.0,Shipping info unavailable,https://www.ebay.com/itm/287101978249?_trkparms=5373%3A5000006400%7C5374%3ATech%7C5079%3A5000006400,707.01,47.13
2026-05-02 19:10:42,Sony PlayStation 5 Console 1TB Fortnite Flowering Chaos Bundle 1000049926,577.99,589.99,Free shipping,https://www.ebay.com/itm/397755284002?_trkparms=5373%3A5000006400%7C5374%3ATech%7C5079%3A5000006400,12.0,2.03
2026-05-02 19:10:42,vSeeBox V6 Plus 8K UHD Streaming Media Player WiFi HDMI Black,285.85,285.85,Free shipping,https://www.ebay.com/itm/306904974969?_trkparms=5373%3A5000006400%7C5374%3ATech%7C5079%3A5000006400,0.0,0.0
2026-05-02 19:10:42,"Apple iPad Mini 6 8.3"" 64GB 256GB All Colors WiFi or Cellular - Very Good",336.99,336.99,Free shipping,https://www.ebay.com/itm/155074977128?_trkparms=5373%3A5000006400%7C5374%3ATech%7C5079%3A5000006400,0.0,0.0
2026-05-02 21:51:41,Motorola Edge 5G XT2405 2024 256GB Midnight Blue (Unlocked)SmartPhone-Acceptable,139.99,139.99,Free shipping,https://www.ebay.com/itm/157857737195?_trkparms=5373%3A5000006400%7C5374%3ATech%7C5079%3A5000006400,0.0,0.0
2026-05-02 21:51:41,JBL Partybox Encore Essential Portable Wireless Party Speaker -Black,299.99,299.99,Free shipping,https://www.ebay.com/itm/287088918977?_trkparms=5373%3A5000006400%7C5374%3ATech%7C5079%3A5000006400,0.0,0.0
2026-05-02 21:51:41,"DS18 EAGLE-F3 4K Triple Dash Camera with Front, In-Cabin and Rear Cameras",97.46,129.95,Free shipping,https://www.ebay.com/itm/306815776795?_trkparms=5373%3A5000006400%7C5374%3ATech%7C5079%3A5000006400,32.489999999999995,25.0
2026-05-03 15:54:35,Apple Watch Series 7 Stainless 45mm A2477 (GPS + Cellular) Gold (Excellent),168.99,499.0,Shipping info unavailable,https://www.ebay.com/itm/286967967664?_trkparms=5373%3A5000006400%7C5374%3ATech%7C5079%3A5000006400,330.01,66.13
2026-05-03 15:54:36,"Samsung QN65LS03FA The Frame 65"" QLED 4K UHD HDR Smart TV – 2025 Model",853.0,997.99,Free shipping,https://www.ebay.com/itm/157039989949?_trkparms=5373%3A5000006400%7C5374%3ATech%7C5079%3A5000006400,144.99,14.53
2026-05-03 15:54:36,Samsung Galaxy Z Fold5 512GB F946U Unlocked - Excellent,448.99,1799.99,Free shipping,https://www.ebay.com/itm/256612382690?_trkparms=5373%3A5000006400%7C5374%3ATech%7C5079%3A5000006400,1351.0,75.06
2026-05-03 15:54:36,"Acer Aspire 14 AI Laptop 14"" WUXGA Core Ultra 7 256V ARC 140V 16GB RAM 1TB SSD",529.99,1049.99,Free shipping,https://www.ebay.com/itm/267509973827?_trkparms=5373%3A5000006400%7C5374%3ATech%7C5079%3A5000006400,520.0,49.52
2026-05-03 15:54:36,Apple MacBook Pro 2023 A2779 14in M2 Pro 10 Core CPU 16GB RAM 512GB SSD Good,864.95,1999.0,Free shipping,https://www.ebay.com/itm/298026911816?_trkparms=5373%3A5000006400%7C5374%3ATech%7C5079%3A5000006400,1134.05,56.73
2026-05-03 15:54:38,Apple iPhone 15 Pro Max A2849 512GB Unlocked Very Good Condition,613.99,613.99,Free shipping,https://www.ebay.com/itm/357482464547?_trkparms=5373%3A5000006400%7C5374%3ATech%7C5079%3A5000006423,0.0,0.0
2026-05-03 15:54:43,Apple iPhone 16 Pro Max 256GB Unlocked Excellent Condition,874.99,874.99,Free shipping,https://www.ebay.com/itm/356605681295?_trkparms=5373%3A5000006400%7C5374%3ATech%7C5079%3A5000006411,0.0,0.0
2026-05-04 03:50:55,"Acer Aspire 14"" i9-288V Core Ultra 9 32GB 1TB SSD ARC 140V AI PC Refurbished",799.99,1399.99,Free shipping,https://www.ebay.com/itm/277574166311?_trkparms=5373%3A5000006400%7C5374%3ATech%7C5079%3A5000006407,600.0,42.86
2026-05-04 14:19:03,"DELL Latitude 7420 2-in-1 Laptop Intel Core i7-1165G7 16GB 256GB SSD 14"" W11P",326.49,506.49,Free shipping,https://www.ebay.com/itm/389530602413?_trkparms=5373%3A5000006400%7C5374%3ATech%7C5079%3A5000006407,180.0,35.54
2026-05-04 14:19:04,DJI Air 3S (RC-N3) (Certified Refurbished),999.0,999.0,Free shipping,https://www.ebay.com/itm/306788552019?_trkparms=5373%3A5000006400%7C5374%3ATech%7C5079%3A5000006430,0.0,0.0
2026-05-04 14:19:04,DJI Osmo Action 5 Pro Adventure Combo (Certified Refurbished),359.0,359.0,Free shipping,https://www.ebay.com/itm/306791888900?_trkparms=5373%3A5000006400%7C5374%3ATech%7C5079%3A5000006430,0.0,0.0
2026-05-04 14:19:04,Sony PULSE Elite Wireless Bluetooth Headset w/ Microphone PS5 PC,149.99,149.99,Free shipping,https://www.ebay.com/itm/167875595688?_trkparms=5373%3A5000006400%7C5374%3ATech%7C5079%3A5000006401,0.0,0.0
2026-05-04 14:19:05,"Anker Smart Display Charger, Anker Nano 45W GaN Fast Charging USB C Charger, 180",39.99,39.99,Free shipping,https://www.ebay.com/itm/327075829337?_trkparms=5373%3A5000006400%7C5374%3ATech%7C5079%3A5000006419,0.0,0.0
2026-05-04 14:19:05,Anker Fast Charging Adapter with 67W USB C Charger &30W GaN PIQ 3.0 Wall Charger,24.79,49.99,Free shipping,https://www.ebay.com/itm/387335776578?_trkparms=5373%3A5000006400%7C5374%3ATech%7C5079%3A5000006419,25.200000000000003,50.41
2026-05-04 14:19:05,Anker 140W USB-C Charger 4-Port Laptop Advanced GaN Power Adapter for Mac/iPhone,89.99,89.99,Free shipping,https://www.ebay.com/itm/226534918439?_trkparms=5373%3A5000006400%7C5374%3ATech%7C5079%3A5000006419,0.0,0.0
2026-05-04 14:19:06,"Bose SoundLink Max Portable Speaker, Certified Refurbished",319.0,399.0,Free shipping,https://www.ebay.com/itm/187576160757?_trkparms=5373%3A5000006400%7C5374%3ATech%7C5079%3A5000006403,80.0,20.05
2026-05-04 14:19:06,"Bose QuietComfort Ultra Noise Cancelling Earbuds, Certified Refurbished",199.0,299.0,Free shipping,https://www.ebay.com/itm/186465664855?_trkparms=5373%3A5000006400%7C5374%3ATech%7C5079%3A5000006403,100.0,33.44
2026-05-04 14:19:07,"Black Diamond 2x 6.5"" & 2x 6x9"" Mid-range Loudspeaker w/ Built-in Bullet Tweeter",289.95,289.95,Free shipping,https://www.ebay.com/itm/305677344178?_trkparms=5373%3A5000006400%7C5374%3ATech%7C5079%3A5000006432,0.0,0.0
2026-05-04 14:19:07,"DS18 2x 6.5"" Mid-Range Loudspeaker with 2X Super Bullet Tweeter - Pro Car Audio",117.95,117.95,Free shipping,https://www.ebay.com/itm/305341554627?_trkparms=5373%3A5000006400%7C5374%3ATech%7C5079%3A5000006432,0.0,0.0
2026-05-04 14:19:08,Anker 778 Thunderbolt 4 Docking Station 12-in-1 40Gbps 100W Charging for Laptop,159.99,299.99,Free shipping,https://www.ebay.com/itm/385528850566?_trkparms=5373%3A5000006400%7C5374%3ATech%7C5079%3A5000006427,140.0,46.67
2026-05-04 14:19:08,"Anker Smart Display Charger, Anker Nano 45W GaN Fast Charging USB C Charger, 180",39.99,39.99,Free shipping,https://www.ebay.com/itm/327075829337?_trkparms=5373%3A5000006400%7C5374%3ATech%7C5079%3A5000006411,0.0,0.0
2026-05-04 14:19:08,Anker Fast Charging Adapter with 67W USB C Charger &30W GaN PIQ 3.0 Wall Charger,24.79,49.99,Free shipping,https://www.ebay.com/itm/387335776578?_trkparms=5373%3A5000006400%7C5374%3ATech%7C5079%3A5000006411,25.200000000000003,50.41
2026-05-04 14:19:08,Anker 140W USB-C Charger 4-Port Laptop Advanced GaN Power Adapter for Mac/iPhone,89.99,89.99,Free shipping,https://www.ebay.com/itm/226534918439?_trkparms=5373%3A5000006400%7C5374%3ATech%7C5079%3A5000006411,0.0,0.0
2026-05-04 14:19:09,Anker MagGo Power Bank 10000mAh 15W Wireless Magnetic Charger for iPhone|Refurb,39.99,74.99,Free shipping,https://www.ebay.com/itm/386984137518?_trkparms=5373%3A5000006400%7C5374%3ATech%7C5079%3A5000006411,34.99999999999999,46.67
2026-05-04 14:19:09,Anker 12-in-1 USB-C Docking Station Monitor Stand Wireless Charging Pad | Refurb,119.99,249.99,Free shipping,https://www.ebay.com/itm/386138894842?_trkparms=5373%3A5000006400%7C5374%3ATech%7C5079%3A5000006405,130.0,52.0
2026-05-04 16:53:24,KTC H27T27 27'' QHD Computer Monitor 2K 100Hz IPS Gaming Monitor 1440P Frameless,71.0,78.1,Shipping info unavailable,https://www.ebay.com/itm/306684447526?_trkparms=5373%3A5000006400%7C5374%3ATech%7C5079%3A5000006400,7.099999999999994,9.09
2026-05-04 16:53:24,"EcoFlow GLACIER Car Refrigerator Plug-in Battery, for Camping, Travel, Fishing",248.57,399.0,Free shipping,https://www.ebay.com/itm/145055179672?_trkparms=5373%3A5000006400%7C5374%3ATech%7C5079%3A5000006400,150.43,37.7
2026-05-04 16:53:24,EcoFlow Rapid Pro Powerbank 20000mAh 230W Max Output & 100W Cable for iPhone,228.56,299.0,Free shipping,https://www.ebay.com/itm/146807999392?_trkparms=5373%3A5000006400%7C5374%3ATech%7C5079%3A5000006400,70.44,23.56
2026-05-04 16:53:24,EcoFlow Rapid Power Bank 25000mAh 100W Built-in & Retractable Cables Compatible,142.84,159.0,Free shipping,https://www.ebay.com/itm/146813882431?_trkparms=5373%3A5000006400%7C5374%3ATech%7C5079%3A5000006400,16.159999999999997,10.16
2026-05-04 16:53:24,EcoFlow 170W Rapid Power Bank 25000mAh with Dual 140W USB-C Ports Compatible,121.41,169.0,Free shipping,https://www.ebay.com/itm/146823817921?_trkparms=5373%3A5000006400%7C5374%3ATech%7C5079%3A5000006400,47.59,28.16
2026-05-04 16:53:24,EcoFlow 65W USB-C Charger with Retractable Cable 3-in-1 Fast Charger Compatible,85.7,119.0,Free shipping,https://www.ebay.com/itm/146825616352?_trkparms=5373%3A5000006400%7C5374%3ATech%7C5079%3A5000006400,33.3,27.98
2026-05-04 16:53:25,Potensic ATOM 2 Drone 3-Axis Gimbal 10KM Transmission 4K Video 8K Photo Camera,298.99,369.19,Shipping info unavailable,https://www.ebay.com/itm/287090153866?_trkparms=5373%3A5000006400%7C5374%3ATech%7C5079%3A5000006400,70.19999999999999,19.01
2026-05-04 16:53:25,Hisense 100L9H-RB 4K TriChroma Projector 3000 ANSI Lumens Dolby Vision & Atmos,1193.0,1360.0,Shipping info unavailable,https://www.ebay.com/itm/306674456446?_trkparms=5373%3A5000006400%7C5374%3ATech%7C5079%3A5000006400,167.0,12.28
2026-05-04 16:53:25,Refurbished Potensic ATOM 2 Drone with RC PTD 1 3-Axis Gimbal 4K Video Camera,357.49,549.99,Shipping info unavailable,https://www.ebay.com/itm/287163623260?_trkparms=5373%3A5000006400%7C5374%3ATech%7C5079%3A5000006400,192.5,35.0
2026-05-04 16:53:25,KTC H27P3 27''Dual Mode 5K 2K Computer Monitor 99% DCI-P3 100% sRGB for Mac mini,400.0,440.0,Shipping info unavailable,https://www.ebay.com/itm/306686233024?_trkparms=5373%3A5000006400%7C5374%3ATech%7C5079%3A5000006400,40.0,9.09
2026-05-04 16:53:25,KTC M27T6 Mini LED Monitor 27inch Gaming Monitor 2K 180Hz QHD 2560x1440P HDR1400,224.0,246.4,Shipping info unavailable,https://www.ebay.com/itm/306615583963?_trkparms=5373%3A5000006400%7C5374%3ATech%7C5079%3A5000006400,22.400000000000006,9.09
2026-05-04 16:53:25,KTC H32D6 32'' IPS Computer Monitor 2K 1440P 120Hz Adaptive Sync 109% sRGB HDR10,128.0,140.8,Shipping info unavailable,https://www.ebay.com/itm/306686199928?_trkparms=5373%3A5000006400%7C5374%3ATech%7C5079%3A5000006400,12.800000000000011,9.09
2026-05-04 16:53:25,"KTC H34S18S 34'' Curved Ultrawide Gaming Monitor, 21:9, 3440x1440P 1500R",168.0,184.8,Shipping info unavailable,https://www.ebay.com/itm/306615508192?_trkparms=5373%3A5000006400%7C5374%3ATech%7C5079%3A5000006400,16.80000000000001,9.09
2026-05-04 16:53:25,Potensic ATOM 2 Standard Kit with RC PTD 1 Drone 4K Video Camera 3-Axis Gimbal,298.99,459.99,Shipping info unavailable,https://www.ebay.com/itm/287250010015?_trkparms=5373%3A5000006400%7C5374%3ATech%7C5079%3A5000006400,161.0,35.0
2026-05-04 16:53:26,Hisense R632 3.1 Channel Bluetooth Soundbar Wireless Subwoofer Dolby Atmos 380W,89.99,99.0,Shipping info unavailable,https://www.ebay.com/itm/306624225613?_trkparms=5373%3A5000006400%7C5374%3ATech%7C5079%3A5000006400,9.010000000000005,9.1
2026-05-04 16:53:26,KTC H32T13 32'' 2K Monitor 1440P Frameless for Office & Gaming Tilt Adjustable,136.0,149.6,Shipping info unavailable,https://www.ebay.com/itm/306615557080?_trkparms=5373%3A5000006400%7C5374%3ATech%7C5079%3A5000006400,13.599999999999994,9.09
2026-05-04 16:53:26,ECO-WORTHY 5.12kWh 48V 100AH Lithium Battery Server Rack UL1973&UL9540A CEC,937.99,937.99,Free shipping,https://www.ebay.com/itm/127714348204?_trkparms=5373%3A5000006400%7C5374%3ATech%7C5079%3A5000006400,0.0,0.0
2026-05-04 16:53:26,36V 100Ah Lithium Golf Cart Battery with 25A Charger Golf Cart Trolling Motor RV,774.99,774.99,Free shipping,https://www.ebay.com/itm/146166509884?_trkparms=5373%3A5000006400%7C5374%3ATech%7C5079%3A5000006400,0.0,0.0
2026-05-04 16:53:26,ECO-WORTHY 5120Wh 48V 100AH LiFePO4 Lithium Battery UL1973& UL9540A& CEC Listed,999.99,999.99,Free shipping,https://www.ebay.com/itm/126715493848?_trkparms=5373%3A5000006400%7C5374%3ATech%7C5079%3A5000006400,0.0,0.0
2026-05-04 16:53:27,"2021 Apple iPad Pro 3 11"" 128GB Unlocked - (Space Gray) A2301 w/1 Year Warranty",409.2,999.0,Free shipping,https://www.ebay.com/itm/146970156300?_trkparms=5373%3A5000006400%7C5374%3ATech%7C5079%3A5000006400,589.8,59.04
2026-05-04 16:53:28,vSeeBox V6 Max Android TV Box 64GB Media Streamer WiFi HDMI Black,311.89,311.89,Free shipping,https://www.ebay.com/itm/306910708830?_trkparms=5373%3A5000006400%7C5374%3ATech%7C5079%3A5000006400,0.0,0.0
2026-05-04 16:53:31,Sony Alpha ZV-E10 II APS-C Interchangeable Lens Mirrorless Camera Refurbished,901.0,1199.99,Free shipping,https://www.ebay.com/itm/327030789454?_trkparms=5373%3A5000006400%7C5374%3ATech%7C5079%3A5000006430,298.99,24.92
2026-05-04 16:53:31,DJI Mavic 3 Intelligent Flight Battery for Mavic 3 Drone Quadcopter (Open Box),119.2,119.2,Free shipping,https://www.ebay.com/itm/305003427819?_trkparms=5373%3A5000006400%7C5374%3ATech%7C5079%3A5000006430,0.0,0.0
2026-05-04 16:53:31,DJI Mavic 2 Pro (Certified Refurbished),1099.0,1099.0,Free shipping,https://www.ebay.com/itm/306790338613?_trkparms=5373%3A5000006400%7C5374%3ATech%7C5079%3A5000006430,0.0,0.0
2026-05-04 16:53:32,Arcade Pinball,19.99,34.99,Free shipping,https://www.ebay.com/itm/177736543477?_trkparms=5373%3A5000006400%7C5374%3ATech%7C5079%3A5000006401,15.000000000000004,42.87
2026-05-04 16:53:32,"Anker Prime Charger, 160W 3-Port Compact GaN USB C Charger Block, Smart Display",149.99,149.99,Free shipping,https://www.ebay.com/itm/336421587221?_trkparms=5373%3A5000006400%7C5374%3ATech%7C5079%3A5000006419,0.0,0.0
2026-05-04 16:53:33,HP LaserJet Managed Flow MFP E52645c Monochrome Printer,549.99,5369.46,Free shipping,https://www.ebay.com/itm/168327587209?_trkparms=5373%3A5000006400%7C5374%3ATech%7C5079%3A5000006417,4819.47,89.76
2026-05-04 16:53:34,HP Color LaserJet Managed E57540dn Laser Printer,278.99,4628.66,Free shipping,https://www.ebay.com/itm/168327586950?_trkparms=5373%3A5000006400%7C5374%3ATech%7C5079%3A5000006417,4349.67,93.97
2026-05-04 16:53:34,HP LaserJet Managed E60155dn Monochrome Laser Printer,349.99,2525.38,Free shipping,https://www.ebay.com/itm/168327586818?_trkparms=5373%3A5000006400%7C5374%3ATech%7C5079%3A5000006417,2175.3900000000003,86.14
2026-05-04 16:53:34,HP Color LaserJet Managed Flow MFP E57540c Printer,595.99,5681.12,Free shipping,https://www.ebay.com/itm/168327587157?_trkparms=5373%3A5000006400%7C5374%3ATech%7C5079%3A5000006417,5085.13,89.51
2026-05-04 16:53:35,NEW Panasonic Lumix 12-60mm Lens FREE SHIPPING,881.99,1014.29,Free shipping,https://www.ebay.com/itm/298253983153?_trkparms=5373%3A5000006400%7C5374%3ATech%7C5079%3A5000006425,132.29999999999995,13.04
2026-05-04 16:53:36,"Anker Prime Charger, 160W 3-Port Compact GaN USB C Charger Block, Smart Display",149.99,149.99,Free shipping,https://www.ebay.com/itm/336421587221?_trkparms=5373%3A5000006400%7C5374%3ATech%7C5079%3A5000006411,0.0,0.0
2026-05-04 19:49:35,Skullcandy Method 360 ANC (Certified Refurbished)-Black,61.9,129.99,Shipping info unavailable,https://www.ebay.com/itm/376584848878?_trkparms=5373%3A5000006400%7C5374%3ATech%7C5079%3A5000006400,68.09,52.38
2026-05-04 19:49:35,Skullcandy Smokin' Buds - Black (CERTIFIED REFURBISHED),14.0,29.99,Shipping info unavailable,https://www.ebay.com/itm/267070107442?_trkparms=5373%3A5000006400%7C5374%3ATech%7C5079%3A5000006400,15.989999999999998,53.32
2026-05-04 19:49:35,"Apple MacBook Pro 14"" M5 Chip 10-Core A3434 16GB RAM 512GB SSD 2025 • Excellent",1299.0,1299.0,Free shipping,https://www.ebay.com/itm/298276846717?_trkparms=5373%3A5000006400%7C5374%3ATech%7C5079%3A5000006400,0.0,0.0
2026-05-04 19:49:35,Skullcandy Smokin Buds XT -Future-Certified Refurbished,14.0,29.99,Shipping info unavailable,https://www.ebay.com/itm/267454389535?_trkparms=5373%3A5000006400%7C5374%3ATech%7C5079%3A5000006400,15.989999999999998,53.32
2026-05-04 19:49:36,Skullcandy PLYR Wireless-Multi-Platform (Certified Refurbished)-Black Digi-Hype,57.0,99.99,Shipping info unavailable,https://www.ebay.com/itm/375335707486?_trkparms=5373%3A5000006400%7C5374%3ATech%7C5079%3A5000006400,42.989999999999995,42.99
2026-05-04 19:49:36,"Apple MacBook Pro 13"" 2019 Intel i7-8569U Space Gray 16GB 256GB SSD  A2159",358.0,898.0,Shipping info unavailable,https://www.ebay.com/itm/376864826338?_trkparms=5373%3A5000006400%7C5374%3ATech%7C5079%3A5000006400,540.0,60.13
2026-05-04 19:49:36,Skullcandy JIB TRUE 2  Wireless In-Ear Headphones (Certified Refurbished),12.34,12.34,Free shipping,https://www.ebay.com/itm/375379862137?_trkparms=5373%3A5000006400%7C5374%3ATech%7C5079%3A5000006400,0.0,0.0
2026-05-04 19:49:36,"Apple MacBook Pro 14"" M5 Chip 16GB RAM 512GB SSD Silver 2025 90%+ • Excellent",1259.0,1259.0,Free shipping,https://www.ebay.com/itm/127836182764?_trkparms=5373%3A5000006400%7C5374%3ATech%7C5079%3A5000006400,0.0,0.0
2026-05-04 19:49:36,"Apple MacBook Air 13"" M4 16GB RAM 256GB SSD 2025 Silver • Excellent Condition",739.0,739.0,Free shipping,https://www.ebay.com/itm/298276888612?_trkparms=5373%3A5000006400%7C5374%3ATech%7C5079%3A5000006400,0.0,0.0
2026-05-04 19:49:37,STATUS Between 3ANC Wireless Earbuds (CERTIFIED REFURBISHED)  - ONYX,90.0,249.0,Shipping info unavailable,https://www.ebay.com/itm/266692431952?_trkparms=5373%3A5000006400%7C5374%3ATech%7C5079%3A5000006400,159.0,63.86
2026-05-04 19:49:37,"Lenovo ThinkPad GEN2 14"" FHD Gaming Laptop AMD Ryzen 7 PRO 32GB RAM 512GB SSD",634.99,634.99,Free shipping,https://www.ebay.com/itm/336419610127?_trkparms=5373%3A5000006400%7C5374%3ATech%7C5079%3A5000006400,0.0,0.0
2026-05-04 19:49:37,Dell FHD Touchscreen i7 Light Gaming Laptop 16GB | 512GB NVMe SSD | Win 11 Pro,369.99,389.99,Shipping info unavailable,https://www.ebay.com/itm/336537172882?_trkparms=5373%3A5000006400%7C5374%3ATech%7C5079%3A5000006400,20.0,5.13
2026-05-04 19:49:37,Skullcandy-SMOKIN' BUDS XT-PINK (Certified Refurbished),12.0,29.99,Shipping info unavailable,https://www.ebay.com/itm/267148898074?_trkparms=5373%3A5000006400%7C5374%3ATech%7C5079%3A5000006400,17.99,59.99
2026-05-04 19:49:37,Skullcandy GROM XT Wireless Headphones (Cert Refurbished)-BLACK,28.86,49.99,Shipping info unavailable,https://www.ebay.com/itm/375284142427?_trkparms=5373%3A5000006400%7C5374%3ATech%7C5079%3A5000006400,21.130000000000003,42.27
2026-05-04 19:49:37,STATUS Between 3ANC Wireless Earbuds (CERTIFIED REFURBISHED)  - BONE,90.0,249.0,Shipping info unavailable,https://www.ebay.com/itm/266692491610?_trkparms=5373%3A5000006400%7C5374%3ATech%7C5079%3A5000006400,159.0,63.86
2026-05-04 19:49:38,"Lenovo ThinkPad L14 Gen 2 14"" FHD Ryzen 7 Business Laptop | NVMe SSD | Win 11",329.99,329.99,Free shipping,https://www.ebay.com/itm/336528283153?_trkparms=5373%3A5000006400%7C5374%3ATech%7C5079%3A5000006400,0.0,0.0
2026-05-04 19:49:38,Skullcandy HESH ANC XT - Over-Ear Headset (Certified Refurbished)-BLACK,45.0,89.99,Shipping info unavailable,https://www.ebay.com/itm/267286397770?_trkparms=5373%3A5000006400%7C5374%3ATech%7C5079%3A5000006400,44.989999999999995,49.99
2026-05-05 03:33:03,Kenwood KMM-X705 1-DIN Bluetooth Car Stereo Digital Media Receiver,199.0,249.95,Free shipping,https://www.ebay.com/itm/167877505284?_trkparms=5373%3A5000006400%7C5374%3ATech%7C5079%3A5000006432,50.94999999999999,20.38
2026-05-05 03:33:04,NEW Panasonic Lumix S-S35 35mm Lens F 1.8 - SHIPS FREE,659.99,788.89,Free shipping,https://www.ebay.com/itm/306897157674?_trkparms=5373%3A5000006400%7C5374%3ATech%7C5079%3A5000006425,128.89999999999998,16.34
2026-05-05 14:12:09,"Bose Smart Soundbar, Certified Refurbished",449.0,549.0,Free shipping,https://www.ebay.com/itm/157308855395?_trkparms=5373%3A5000006400%7C5374%3ATech%7C5079%3A5000006409,100.0,18.21
2026-05-05 16:46:28,Potensic ATOM GPS Drone 3-Axis Gimbal 4K Standard Kit Under 249g Foldable,155.99,239.99,Shipping info unavailable,https://www.ebay.com/itm/286362738310?_trkparms=5373%3A5000006400%7C5374%3ATech%7C5079%3A5000006400,84.0,35.0
2026-05-05 16:46:30,ECO-WORTHY 48V 50Ah LiFePO4 Lithium Battery Golf Cart Monitor with 18A Charger,539.99,539.99,Free shipping,https://www.ebay.com/itm/127728366436?_trkparms=5373%3A5000006400%7C5374%3ATech%7C5079%3A5000006400,0.0,0.0
2026-05-05 16:46:30,DCHOUSE 48V 100Ah LiFePO4 Lithium Golf Cart Battery for Golf Cart Trolling Motor,1062.48,1062.48,Free shipping,https://www.ebay.com/itm/145965021334?_trkparms=5373%3A5000006400%7C5374%3ATech%7C5079%3A5000006400,0.0,0.0
2026-05-05 16:46:31,"Microsoft Surface Pro Copilot+ PC Platinum + Surface Pro 12"" Keyboard Ocean",989.99,1049.98,Free shipping,https://www.ebay.com/itm/127579061728?_trkparms=5373%3A5000006400%7C5374%3ATech%7C5079%3A5000006400,59.99000000000001,5.71
2026-05-05 16:46:31,"Lenovo ThinkCentre Tiny-In-One Gen 5 23.8"" Touch Monitor - IPS, Webcam, Speakers",329.99,329.99,Free shipping,https://www.ebay.com/itm/136837054639?_trkparms=5373%3A5000006400%7C5374%3ATech%7C5079%3A5000006400,0.0,0.0
2026-05-05 16:46:31,"2026 HP Laptop Computer 15.6"" Touch, 10-Core Intel i7, Upto 64GB RAM 2TB SSD Pro",619.0,619.0,Free shipping,https://www.ebay.com/itm/147097262704?_trkparms=5373%3A5000006400%7C5374%3ATech%7C5079%3A5000006400,0.0,0.0
2026-05-05 16:46:32,"Acer PM161Q 15.6"" 1920x1080 60Hz 250Nit 7ms 15.6 Portable Monitor Refurbished",49.99,99.99,Free shipping,https://www.ebay.com/itm/276789897235?_trkparms=5373%3A5000006400%7C5374%3ATech%7C5079%3A5000006400,49.99999999999999,50.01
2026-05-05 16:46:32,Apple Watch Series SE (2nd Gen) 40mm GPS + WiFi + Cellular Unlocked - Very Good,112.99,112.99,Free shipping,https://www.ebay.com/itm/404470175023?_trkparms=5373%3A5000006400%7C5374%3ATech%7C5079%3A5000006400,0.0,0.0
2026-05-05 16:46:34,Samsung Galaxy S24 Ultra SM-S928U 256GB Unlocked Very Good Condition,569.64,569.64,Free shipping,https://www.ebay.com/itm/357600637044?_trkparms=5373%3A5000006400%7C5374%3ATech%7C5079%3A5000006423,0.0,0.0
2026-05-05 16:46:35,"Samsung QN65LS03FA The Frame 65"" QLED 4K UHD HDR Smart TV – 2025 Model",853.0,997.99,Free shipping,https://www.ebay.com/itm/157039989949?_trkparms=5373%3A5000006400%7C5374%3ATech%7C5079%3A5000006409,144.99,14.53
2026-05-05 16:46:36,Apple iPad Air 5th Gen 64GB 256GB WiFi Cellular (Very Good),299.99,299.99,Free shipping,https://www.ebay.com/itm/286910029283?_trkparms=5373%3A5000006400%7C5374%3ATech%7C5079%3A5000006415,0.0,0.0
2026-05-05 16:46:36,Apple iPad 7th Gen 2019 (Wi-Fi) 32GB Space Gray (Excellent),112.99,329.0,Free shipping,https://www.ebay.com/itm/286883266287?_trkparms=5373%3A5000006400%7C5374%3ATech%7C5079%3A5000006415,216.01,65.66
2026-05-05 16:46:39,"Samsung QN65LS03FA The Frame 65"" QLED 4K UHD HDR Smart TV – 2025 Model",853.0,997.99,Free shipping,https://www.ebay.com/itm/157039989949?_trkparms=5373%3A5000006400%7C5374%3ATech%7C5079%3A5000006413,144.99,14.53
2026-05-05 19:43:53,"RayNeo Air 3s AR/XR Glasses - 201"" 120Hz FHD HueView Display (NEW)",179.0,196.9,Shipping info unavailable,https://www.ebay.com/itm/198167831870?_trkparms=5373%3A5000006400%7C5374%3ATech%7C5079%3A5000006400,17.900000000000006,9.09
2026-05-05 19:43:53,Potensic ATOM LT GPS Drone 2.5K Camera FPV Foldable Drone Expansion Kit,99.44,152.99,Shipping info unavailable,https://www.ebay.com/itm/286626793655?_trkparms=5373%3A5000006400%7C5374%3ATech%7C5079%3A5000006400,53.55000000000001,35.0
2026-05-05 19:43:54,Potensic ATOM 2 GPS Drone 4K Camera 3-Axis Gimbal Quadcopter Costco Edition,275.59,423.99,Shipping info unavailable,https://www.ebay.com/itm/286887964527?_trkparms=5373%3A5000006400%7C5374%3ATech%7C5079%3A5000006400,148.40000000000003,35.0
2026-05-05 19:43:54,Refurbished Potensic ATOM 2 Drone with RC PTD 1 4K Video Camera 3-Axis Gimbal,449.47,691.5,Shipping info unavailable,https://www.ebay.com/itm/287071670207?_trkparms=5373%3A5000006400%7C5374%3ATech%7C5079%3A5000006400,242.02999999999997,35.0
2026-05-05 19:43:54,Hisense AX3125H 3.1.2Ch Sound Bar 7 Speaker Wireless Subwoofer 440W Dolby Atmos,128.0,140.8,Shipping info unavailable,https://www.ebay.com/itm/306492930941?_trkparms=5373%3A5000006400%7C5374%3ATech%7C5079%3A5000006400,12.800000000000011,9.09
2026-05-05 19:43:55,Samsung Galaxy Z Fold5 512GB F946U Unlocked - Excellent,448.99,1799.99,Free shipping,https://www.ebay.com/itm/256612382690?_trkparms=5373%3A5000006400%7C5374%3ATech%7C5079%3A5000006423,1351.0,75.06
2026-05-05 19:43:56,Apple MacBook Pro 2023 A2779 14in M2 Pro 10 Core CPU 16GB RAM 512GB SSD Good,864.95,1999.0,Free shipping,https://www.ebay.com/itm/298026911816?_trkparms=5373%3A5000006400%7C5374%3ATech%7C5079%3A5000006407,1134.05,56.73
2026-05-05 19:43:57,DJI FPV Combo and FPV Backpack,969.0,1299.0,Free shipping,https://www.ebay.com/itm/304925265035?_trkparms=5373%3A5000006400%7C5374%3ATech%7C5079%3A5000006430,330.0,25.4
2026-05-05 19:43:57,Sony PlayStation 5 Console 1TB Fortnite Flowering Chaos Bundle 1000049926,549.99,589.99,Free shipping,https://www.ebay.com/itm/397755284002?_trkparms=5373%3A5000006400%7C5374%3ATech%7C5079%3A5000006401,40.0,6.78
2026-05-05 19:43:58,"2021 Apple iPad Pro 3 11"" 128GB Unlocked - (Space Gray) A2301 w/1 Year Warranty",409.2,999.0,Free shipping,https://www.ebay.com/itm/146970156300?_trkparms=5373%3A5000006400%7C5374%3ATech%7C5079%3A5000006415,589.8,59.04
2026-05-05 19:43:58,"Apple iPad Mini 6 8.3"" 64GB 256GB All Colors WiFi or Cellular - Very Good",336.99,336.99,Free shipping,https://www.ebay.com/itm/155074977128?_trkparms=5373%3A5000006400%7C5374%3ATech%7C5079%3A5000006415,0.0,0.0
2026-05-05 19:43:58,Apple AirPods Max - Space Gray / MGYH3AM/A,319.99,319.99,Free shipping,https://www.ebay.com/itm/205037673366?_trkparms=5373%3A5000006400%7C5374%3ATech%7C5079%3A5000006419,0.0,0.0
2026-05-05 19:44:01,Apple Watch Ultra 2 2nd Gen 49MM GPS & Cellular Finish Black Titanium -Excellent,393.59,393.59,Free shipping,https://www.ebay.com/itm/156653678440?_trkparms=5373%3A5000006400%7C5374%3ATech%7C5079%3A5000006411,0.0,0.0
2026-05-05 19:44:01,Apple AirPods Max - Space Gray / MGYH3AM/A,319.99,319.99,Free shipping,https://www.ebay.com/itm/205037673366?_trkparms=5373%3A5000006400%7C5374%3ATech%7C5079%3A5000006411,0.0,0.0
2026-05-05 19:44:01,Samsung Galaxy Z Fold5 512GB F946U Unlocked - Excellent,448.99,1799.99,Free shipping,https://www.ebay.com/itm/256612382690?_trkparms=5373%3A5000006400%7C5374%3ATech%7C5079%3A5000006411,1351.0,75.06
2026-05-05 22:06:07,"Apple MacBook Air 15"" M4 chip 16GB RAM 512GB SSD Midnight MW1M3LL/A 2025 Model",949.99,1399.0,Free shipping,https://www.ebay.com/itm/365518359048?_trkparms=5373%3A5000006400%7C5374%3ATech%7C5079%3A5000006400,449.01,32.1
2026-05-05 22:06:07,"Apple Macbook Air 15.3"" M5 Chip 16GB 512GB SSD 10-core GPU Sky Blue MDVQ4LL/A",1199.0,1299.0,Free shipping,https://www.ebay.com/itm/366345923065?_trkparms=5373%3A5000006400%7C5374%3ATech%7C5079%3A5000006400,100.0,7.7
2026-05-05 22:06:07,"Apple 30W USB-C Power Adapter MW2G3AM/A Fast Charging For Macbook  iPad, iPhone",14.5,45.0,Free shipping,https://www.ebay.com/itm/286959253200?_trkparms=5373%3A5000006400%7C5374%3ATech%7C5079%3A5000006400,30.5,67.78
2026-05-05 22:06:07,Apple MagSafe Wireles Fast Charger 1M Braided A2580 MX6X3LL/A Authentic,19.45,60.0,Free shipping,https://www.ebay.com/itm/287237499235?_trkparms=5373%3A5000006400%7C5374%3ATech%7C5079%3A5000006400,40.55,67.58
2026-05-05 22:06:07,Samsung Galaxy Watch 5 Pro 45mm SM-R920 Smartwatch Wifi / Bluetooth - Excellent,66.45,200.0,Shipping info unavailable,https://www.ebay.com/itm/286760729001?_trkparms=5373%3A5000006400%7C5374%3ATech%7C5079%3A5000006400,133.55,66.78
2026-05-05 22:06:07,JBL Tune 520BT Wireless Bluetooth On-Ear Headphones With Built-In Microphone,25.45,60.0,Free shipping,https://www.ebay.com/itm/285940263627?_trkparms=5373%3A5000006400%7C5374%3ATech%7C5079%3A5000006400,34.55,57.58
2026-05-05 22:06:07,JBL Tune Buds 2 True Wireless Bluetooth Noise Cancelling Earbuds Ghost Edition,36.45,100.0,Shipping info unavailable,https://www.ebay.com/itm/277414421006?_trkparms=5373%3A5000006400%7C5374%3ATech%7C5079%3A5000006400,63.55,63.55
2026-05-05 22:06:07,Apple AirPods Pro 3 (3rd Gen) Replacement - Left Side only A3064 - Very Good,67.75,250.0,Shipping info unavailable,https://www.ebay.com/itm/297922119292?_trkparms=5373%3A5000006400%7C5374%3ATech%7C5079%3A5000006400,182.25,72.9
2026-05-05 22:06:08,Apple AirPods 4 (4th Generation) Wireless Bluetooth Earbuds Headphones MXP63LL/A,87.45,130.0,Shipping info unavailable,https://www.ebay.com/itm/276717756841?_trkparms=5373%3A5000006400%7C5374%3ATech%7C5079%3A5000006400,42.55,32.73
2026-05-05 22:06:08,Apple Pencil 2nd Generation for iPad Pro Stylus MU8F2AM/A with Wireless Charging,69.95,120.0,Shipping info unavailable,https://www.ebay.com/itm/283418233310?_trkparms=5373%3A5000006400%7C5374%3ATech%7C5079%3A5000006400,50.05,41.71
2026-05-05 22:06:08,Apple Pencil 1st Generation with USB-C to Pencil Adapter White MQLY3AM/A,54.95,120.0,Shipping info unavailable,https://www.ebay.com/itm/285998309615?_trkparms=5373%3A5000006400%7C5374%3ATech%7C5079%3A5000006400,65.05,54.21
2026-05-05 22:06:10,"Apple MacBook Pro 14"" M5 Chip 16GB 512GB SSD 10-core GPU Space Black MDE04LL/A",1349.0,1599.0,Free shipping,https://www.ebay.com/itm/366015100722?_trkparms=5373%3A5000006400%7C5374%3ATech%7C5079%3A5000006400,250.0,15.63
2026-05-05 22:06:10,"Apple Macbook Air 15.3"" M5 Chip 16GB 512GB SSD 10-core GPU Midnight MDVH4LL/A",1199.0,1299.0,Free shipping,https://www.ebay.com/itm/147257850340?_trkparms=5373%3A5000006400%7C5374%3ATech%7C5079%3A5000006400,100.0,7.7
2026-05-06 03:46:59,"MSI PRO MP165 E6 CT 16"" FHD IPS Biz Portable Monitor 60Hz/4ms Built-in Speaker",59.99,89.99,Shipping info unavailable,https://www.ebay.com/itm/327045327035?_trkparms=5373%3A5000006400%7C5374%3ATech%7C5079%3A5000006400,29.999999999999993,33.34
2026-05-06 03:47:00,KTC H32S25E 32'' 240Hz 2K Curved Gaming Monitor 1000R VA QHD 4000:1 Contrast,184.0,202.4,Shipping info unavailable,https://www.ebay.com/itm/306615470432?_trkparms=5373%3A5000006400%7C5374%3ATech%7C5079%3A5000006400,18.400000000000006,9.09
2026-05-06 03:47:01,Hisense C1 Portable Mini Laser Projector Outdoor 4K UHD RGB Dolby HDR10,833.0,999.99,Shipping info unavailable,https://www.ebay.com/itm/306792962607?_trkparms=5373%3A5000006400%7C5374%3ATech%7C5079%3A5000006400,166.99,16.7
2026-05-06 03:47:02,"ACEMAGIC 16.1"" FHD Laptop AMD Ryzen 7 5700U 16GB DDR4 512GB 5G [Refurbished]",319.99,419.99,Shipping info unavailable,https://www.ebay.com/itm/357216739892?_trkparms=5373%3A5000006400%7C5374%3ATech%7C5079%3A5000006400,100.0,23.81
2026-05-06 03:47:02,Hisense AX3125H 3.1.2Ch Soundbar w/Wireless Subwoofer 440W Bluetooth 5.3,159.99,176.0,Shipping info unavailable,https://www.ebay.com/itm/365983325526?_trkparms=5373%3A5000006400%7C5374%3ATech%7C5079%3A5000006400,16.00999999999999,9.1
2026-05-06 03:47:02,ECO-WORTHY 3584Wh 12V 280Ah Bluetooth LiFePO4 Lithium Battery For RV Home,462.99,462.99,Free shipping,https://www.ebay.com/itm/126036129048?_trkparms=5373%3A5000006400%7C5374%3ATech%7C5079%3A5000006400,0.0,0.0
2026-05-06 03:47:02,ECO-WORTHY 4019Wh 12V 314AH LiFePO4 Lithium Battery With SOC Display Bluetooth,459.99,499.99,Free shipping,https://www.ebay.com/itm/126713872314?_trkparms=5373%3A5000006400%7C5374%3ATech%7C5079%3A5000006400,40.0,8.0
2026-05-06 03:47:02,ECO-WORTHY 1920Wh 12V 150Ah LiFePO4 Lithium Battery Bluetooth RV Trolling Motor,239.99,249.99,Free shipping,https://www.ebay.com/itm/126839185935?_trkparms=5373%3A5000006400%7C5374%3ATech%7C5079%3A5000006400,10.0,4.0
2026-05-06 03:47:06,Netac Internal SSD 2.5'' SATA III M.2 NVMe PCIe Gen 3.0×4 Solid State Drive lot,27.99,27.99,Free shipping,https://www.ebay.com/itm/313831486251?_trkparms=5373%3A5000006400%7C5374%3ATech%7C5079%3A5000006421,0.0,0.0
2026-05-06 03:47:06,Netac 1TB 512GB 256GB Internal SSD 2.5inch SATA Solid State Drive lot PC Laptop,27.99,27.99,Free shipping,https://www.ebay.com/itm/315707748236?_trkparms=5373%3A5000006400%7C5374%3ATech%7C5079%3A5000006421,0.0,0.0
2026-05-06 03:47:06,Netac 2TB 1TB 512GB 256GB TLC Internal SSD 2.5inch SATAIII Solid State Drive lot,29.99,29.99,Free shipping,https://www.ebay.com/itm/317028969558?_trkparms=5373%3A5000006400%7C5374%3ATech%7C5079%3A5000006421,0.0,0.0
2026-05-06 03:47:08,"Black Diamond Full Bundle - 6.5"" Loudspeakers + 12"" Subwoofers + Tweeters + Amps",734.95,734.95,Free shipping,https://www.ebay.com/itm/306664560902?_trkparms=5373%3A5000006400%7C5374%3ATech%7C5079%3A5000006432,0.0,0.0
2026-05-06 11:11:06,Refurbished Potensic ATOM 2 GPS Drone 3-Axis Gimbal 4K Camera Standard Kit,223.99,344.6,Shipping info unavailable,https://www.ebay.com/itm/286709954606?_trkparms=5373%3A5000006400%7C5374%3ATech%7C5079%3A5000006400,120.61000000000001,35.0
2026-05-06 11:11:14,Anker 140W USB-C Charger 4-Port Laptop Advanced GaN Power Adapter for Mac/iPhone,89.99,89.99,Free shipping,https://www.ebay.com/itm/226534918439?_trkparms=5373%3A5000006400%7C5374%3ATech%7C5079%3A5000006427,0.0,0.0
2026-05-06 11:11:14,"Anker Prime Docking Station (DL7400), 14-Port Triple Display with DisplayLink",299.99,299.99,Free shipping,https://www.ebay.com/itm/227203461854?_trkparms=5373%3A5000006400%7C5374%3ATech%7C5079%3A5000006427,0.0,0.0
2026-05-06 11:11:14,Apple Pencil 1st Generation with USB-C to Pencil Adapter White MQLY3AM/A,54.95,120.0,Free shipping,https://www.ebay.com/itm/285998309615?_trkparms=5373%3A5000006400%7C5374%3ATech%7C5079%3A5000006427,65.05,54.21
2026-05-06 11:11:14,"Hewlett Packard 27"" 527sf Series 5 FHD 100Hz 5ms IPS PC Monitor, Black/Silver",124.99,199.99,Free shipping,https://www.ebay.com/itm/335521520692?_trkparms=5373%3A5000006400%7C5374%3ATech%7C5079%3A5000006405,75.00000000000001,37.5
2026-05-06 11:11:15,Anker 140W USB-C Charger 4-Port Laptop Advanced GaN Power Adapter for Mac/iPhone,89.99,89.99,Free shipping,https://www.ebay.com/itm/226534918439?_trkparms=5373%3A5000006400%7C5374%3ATech%7C5079%3A5000006405,0.0,0.0
2026-05-06 11:11:15,"Anker Prime Docking Station (DL7400), 14-Port Triple Display with DisplayLink",299.99,299.99,Free shipping,https://www.ebay.com/itm/227203461854?_trkparms=5373%3A5000006400%7C5374%3ATech%7C5079%3A5000006405,0.0,0.0
2026-05-06 16:48:07,Apple MacBook Air 2025 A3240 13in M4 10 Core GPU 24GB RAM 512GB SSD Excellent,1118.95,1399.0,Shipping info unavailable,https://www.ebay.com/itm/306919935511?_trkparms=5373%3A5000006400%7C5374%3ATech%7C5079%3A5000006400,280.04999999999995,20.02
2026-05-06 16:48:07,Apple MacBook Air 2025 A3240 13in M4 10 Core GPU 16GB RAM 512GB SSD Very Good,996.95,1199.0,Shipping info unavailable,https://www.ebay.com/itm/298291638534?_trkparms=5373%3A5000006400%7C5374%3ATech%7C5079%3A5000006400,202.04999999999995,16.85
2026-05-06 16:48:07,Apple MacBook Air 2025 A3241 15in M4 10 Core GPU 16GB RAM 256GB SSD Very Good,1029.95,1199.0,Shipping info unavailable,https://www.ebay.com/itm/306919935049?_trkparms=5373%3A5000006400%7C5374%3ATech%7C5079%3A5000006400,169.04999999999995,14.1
2026-05-06 16:48:07,Apple MacBook Air 2024 A3113 13in M3 10 Core GPU 24GB RAM 512GB SSD Very Good,864.95,1699.0,Shipping info unavailable,https://www.ebay.com/itm/306920453370?_trkparms=5373%3A5000006400%7C5374%3ATech%7C5079%3A5000006400,834.05,49.09
2026-05-06 16:48:07,"Apple MacBook Pro 14"" M5 Chip 16GB 512GB SSD 10-core GPU Silver MDE44LL/A 2025",1319.0,1599.0,Free shipping,https://www.ebay.com/itm/146983887470?_trkparms=5373%3A5000006400%7C5374%3ATech%7C5079%3A5000006400,280.0,17.51
2026-05-06 16:48:07,Apple MacBook Air 2025 A3241 15in M4 10 Core GPU 24GB RAM 512GB SSD Very Good,1226.95,1599.0,Shipping info unavailable,https://www.ebay.com/itm/306919935225?_trkparms=5373%3A5000006400%7C5374%3ATech%7C5079%3A5000006400,372.04999999999995,23.27
2026-05-06 16:48:08,Apple MacBook Air 2025 A3241 15in M4 10 Core GPU 24GB RAM 512GB SSD Excellent,1245.95,1599.0,Shipping info unavailable,https://www.ebay.com/itm/298291638949?_trkparms=5373%3A5000006400%7C5374%3ATech%7C5079%3A5000006400,353.04999999999995,22.08
2026-05-06 16:48:08,Apple MacBook Air 2025 A3241 15in M4 10 Core GPU 16GB RAM 512GB SSD Excellent,1142.95,1399.0,Shipping info unavailable,https://www.ebay.com/itm/306919936169?_trkparms=5373%3A5000006400%7C5374%3ATech%7C5079%3A5000006400,256.04999999999995,18.3
2026-05-06 16:48:08,"Apple MacBook Air 15"" M4 chip 16GB RAM 512GB SSD Sky Blue MC7C4LL/A 2025 Model",975.0,1399.0,Free shipping,https://www.ebay.com/itm/135684498116?_trkparms=5373%3A5000006400%7C5374%3ATech%7C5079%3A5000006400,424.0,30.31
2026-05-06 16:48:08,Apple MacBook Air 2025 A3241 15in M4 10 Core GPU 32GB RAM 512GB SSD Excellent,1339.95,1799.0,Shipping info unavailable,https://www.ebay.com/itm/298291639075?_trkparms=5373%3A5000006400%7C5374%3ATech%7C5079%3A5000006400,459.04999999999995,25.52
2026-05-06 16:48:08,Garmin Bounce Kids Tracking Smartwatch in Black Camo 010-02448-00,89.99,149.99,Shipping info unavailable,https://www.ebay.com/itm/177062518495?_trkparms=5373%3A5000006400%7C5374%3ATech%7C5079%3A5000006400,60.000000000000014,40.0
2026-05-06 16:48:08,Garmin eTrex 32x Rugged Outdoor Handheld GPS 010-02257-00,199.99,299.99,Shipping info unavailable,https://www.ebay.com/itm/204797942861?_trkparms=5373%3A5000006400%7C5374%3ATech%7C5079%3A5000006400,100.0,33.33
2026-05-06 16:48:08,Garmin Bounce Kids Tracking Smartwatch in Lilac Floral 010-02448-01,89.99,149.99,Shipping info unavailable,https://www.ebay.com/itm/205698501669?_trkparms=5373%3A5000006400%7C5374%3ATech%7C5079%3A5000006400,60.000000000000014,40.0
2026-05-06 16:48:09,Garmin Tread Overland Edition GPS Offroading Ruggedized Navigator 010-02508-00,849.99,1299.99,Shipping info unavailable,https://www.ebay.com/itm/206038462992?_trkparms=5373%3A5000006400%7C5374%3ATech%7C5079%3A5000006400,450.0,34.62
2026-05-06 16:48:09,Samsung Galaxy S23 Ultra 256GB SM-S918U1 Factory Unlocked - Excellent,394.48,394.48,Free shipping,https://www.ebay.com/itm/116285984225?_trkparms=5373%3A5000006400%7C5374%3ATech%7C5079%3A5000006400,0.0,0.0
2026-05-06 16:48:09,Skullcandy JIB TRUE XT2 Wireless In-Ear Earbuds (Certified Refurbished)  2 PACK,18.04,18.04,Free shipping,https://www.ebay.com/itm/374348254649?_trkparms=5373%3A5000006400%7C5374%3ATech%7C5079%3A5000006400,0.0,0.0
2026-05-06 16:48:09,Apple iPhone 15 Pro Max A2849 1TB Unlocked Excellent Condition,679.7,679.7,Free shipping,https://www.ebay.com/itm/357341419650?_trkparms=5373%3A5000006400%7C5374%3ATech%7C5079%3A5000006400,0.0,0.0
2026-05-06 16:48:09,WYZE Outdoor Floodlight Security Camera Pro 2.5K HD 3000Lumen LED 180° Wide View,79.99,79.99,Free shipping,https://www.ebay.com/itm/306544237443?_trkparms=5373%3A5000006400%7C5374%3ATech%7C5079%3A5000006400,0.0,0.0
2026-05-06 16:48:12,"Netac 120GB 256GB 512GB SSD 2.5"" SATA III 6GB/s Internal Solid State Drive lot",27.99,27.99,Free shipping,https://www.ebay.com/itm/314002724093?_trkparms=5373%3A5000006400%7C5374%3ATech%7C5079%3A5000006421,0.0,0.0
2026-05-06 16:48:12,Netac Internal SSD 500GB Solid State Drive M.2 2280 PCIe Gen3.0 NVMe 3100MB/s,79.99,79.99,Free shipping,https://www.ebay.com/itm/314491550846?_trkparms=5373%3A5000006400%7C5374%3ATech%7C5079%3A5000006421,0.0,0.0
2026-05-06 16:48:15,"Acer PM161Q 15.6"" 1920x1080 60Hz 250Nit 7ms 15.6 Portable Monitor Refurbished",49.99,99.99,Free shipping,https://www.ebay.com/itm/276789897235?_trkparms=5373%3A5000006400%7C5374%3ATech%7C5079%3A5000006405,49.99999999999999,50.01
2026-05-06 19:54:27,Apple iPhone 17 Pro Max A3257 512GB Unlocked Excellent Condition,1349.99,1799.99,Shipping info unavailable,https://www.ebay.com/itm/358165938635?_trkparms=5373%3A5000006400%7C5374%3ATech%7C5079%3A5000006400,450.0,25.0
2026-05-06 19:54:27,Apple iPhone 15 Pro A2848 128GB Unlocked - Very Good Condition,512.99,749.99,Shipping info unavailable,https://www.ebay.com/itm/356227875584?_trkparms=5373%3A5000006400%7C5374%3ATech%7C5079%3A5000006400,237.0,31.6
2026-05-06 19:54:28,Apple iPhone 16 Pro 256GB Unlocked Very Good Condition,714.99,899.99,Shipping info unavailable,https://www.ebay.com/itm/356605638056?_trkparms=5373%3A5000006400%7C5374%3ATech%7C5079%3A5000006400,185.0,20.56
2026-05-06 19:54:29,Apple iPhone 16 128GB Unlocked Very Good Condition,571.99,749.99,Shipping info unavailable,https://www.ebay.com/itm/356605678205?_trkparms=5373%3A5000006400%7C5374%3ATech%7C5079%3A5000006400,178.0,23.73
2026-05-06 19:54:29,Apple iPhone 14 Pro Max 128GB Network Unlocked Very Good Condition,481.99,699.99,Shipping info unavailable,https://www.ebay.com/itm/355094939620?_trkparms=5373%3A5000006400%7C5374%3ATech%7C5079%3A5000006400,218.0,31.14
2026-05-06 19:54:29,Apple iPhone 17 Pro Max A3257 256GB Unlocked Excellent Condition,1344.99,1699.99,Shipping info unavailable,https://www.ebay.com/itm/358163044422?_trkparms=5373%3A5000006400%7C5374%3ATech%7C5079%3A5000006400,355.0,20.88
2026-05-07 03:46:19,"Apple MacBook Air 13"" M4 chip 16GB RAM 256GB SSD Sky Blue MC6T4LL/A 2025 Model",739.0,999.0,Free shipping,https://www.ebay.com/itm/135684516679?_trkparms=5373%3A5000006400%7C5374%3ATech%7C5079%3A5000006400,260.0,26.03
2026-05-07 03:46:25,HP Color Laserjet 4300 Smart Print Cartridge - Yellow,102.0,102.0,Free shipping,https://www.ebay.com/itm/335755878045?_trkparms=5373%3A5000006400%7C5374%3ATech%7C5079%3A5000006417,0.0,0.0
2026-05-07 03:46:25,Zebra GK420t Thermal Transfer Desktop Label Printer,174.99,249.0,Free shipping,https://www.ebay.com/itm/318199104867?_trkparms=5373%3A5000006400%7C5374%3ATech%7C5079%3A5000006417,74.00999999999999,29.72
2026-05-07 03:46:25,ZEBRA ZP 450 Label Thermal Bar Code Monochrome Printer,239.99,379.99,Free shipping,https://www.ebay.com/itm/366190650606?_trkparms=5373%3A5000006400%7C5374%3ATech%7C5079%3A5000006417,140.0,36.84
2026-05-07 03:46:25,Zebra GK420T Thermal Transfer Desktop Printer,206.99,309.95,Free shipping,https://www.ebay.com/itm/366055307738?_trkparms=5373%3A5000006400%7C5374%3ATech%7C5079%3A5000006417,102.95999999999998,33.22
2026-05-07 03:46:26,Sigma 18-50mm F2.8 DC DN | C lens Canon RF Mount - Open Box,575.0,599.0,Free shipping,https://www.ebay.com/itm/336192320196?_trkparms=5373%3A5000006400%7C5374%3ATech%7C5079%3A5000006425,24.0,4.01
2026-05-07 03:46:26,"Sony FE 24mm F1.4 GM Alpha E-mount Wide Angle G Master Lens (SEL24F14GM), Open B",1009.0,1398.0,Free shipping,https://www.ebay.com/itm/318163831642?_trkparms=5373%3A5000006400%7C5374%3ATech%7C5079%3A5000006425,389.0,27.83
2026-05-07 08:43:40,Apple iPhone 15 Pro A2848 256GB Unlocked Excellent Condition,567.99,799.99,Shipping info unavailable,https://www.ebay.com/itm/356895116213?_trkparms=5373%3A5000006400%7C5374%3ATech%7C5079%3A5000006400,232.0,29.0
2026-05-07 16:57:37,DJI Air 3S (RC-N3) (Certified Refurbished),999.0,999.0,Free shipping,https://www.ebay.com/itm/306788552019?_trkparms=5373%3A5000006400%7C5374%3ATech%7C5079%3A5000006400,0.0,0.0
2026-05-07 16:57:37,"HP OmniBook 7 Laptop Computer 16"" 2K Touch Screen Intel Core Ultra 5 16 GB",679.99,1199.99,Free shipping,https://www.ebay.com/itm/157158639360?_trkparms=5373%3A5000006400%7C5374%3ATech%7C5079%3A5000006400,520.0,43.33
2026-05-07 16:57:38,Lenovo TP T14s G3 14-inch WUXGA Touch Intel Core i7-1270U 32GB 512GB SSD W11 Pro,594.99,2299.0,Free shipping,https://www.ebay.com/itm/298089516385?_trkparms=5373%3A5000006400%7C5374%3ATech%7C5079%3A5000006400,1704.01,74.12
2026-05-08 03:38:09,Apple Watch Series 11 46mm Aluminum Cellular - Space Gray,301.4,529.0,Shipping info unavailable,https://www.ebay.com/itm/147262030752?_trkparms=5373%3A5000006400%7C5374%3ATech%7C5079%3A5000006400,227.60000000000002,43.02
2026-05-08 03:38:09,"Apple iPhone 15 128GB Unlocked 90%+ Battery 6.1"" (Black) A2846 w/Year Warranty",426.91,799.0,Shipping info unavailable,https://www.ebay.com/itm/376513198651?_trkparms=5373%3A5000006400%7C5374%3ATech%7C5079%3A5000006400,372.09,46.57
2026-05-08 03:38:10,Apple Watch Series 11 46mm Aluminum Cellular - Rose Gold,324.22,529.0,Shipping info unavailable,https://www.ebay.com/itm/377118821980?_trkparms=5373%3A5000006400%7C5374%3ATech%7C5079%3A5000006400,204.77999999999997,38.71
2026-05-08 03:38:10,Apple Watch SE 3 40mm Aluminum Cellular Starlight - AA,192.06,299.0,Shipping info unavailable,https://www.ebay.com/itm/147260666831?_trkparms=5373%3A5000006400%7C5374%3ATech%7C5079%3A5000006400,106.94,35.77
2026-05-08 03:38:10,"Apple iPhone 15 128GB Unlocked 6.1"" - (Black) A2846 w/1 Year Warranty",371.76,799.0,Shipping info unavailable,https://www.ebay.com/itm/146557295323?_trkparms=5373%3A5000006400%7C5374%3ATech%7C5079%3A5000006400,427.24,53.47
2026-05-08 03:38:10,"Apple iPhone 16 Pro 128GB Unlocked 90%+ Battery 6.3"" (Desert) A3083 w/Warranty",699.79,999.0,Shipping info unavailable,https://www.ebay.com/itm/147109341133?_trkparms=5373%3A5000006400%7C5374%3ATech%7C5079%3A5000006400,299.21000000000004,29.95
2026-05-08 03:38:10,"Apple iPhone 14 6.1"" Unlocked 128GB (Red) A2649 - w/1 Year Warranty",291.9,799.0,Shipping info unavailable,https://www.ebay.com/itm/375646072475?_trkparms=5373%3A5000006400%7C5374%3ATech%7C5079%3A5000006400,507.1,63.47
2026-05-08 03:38:10,"Apple iPhone 15 128GB Unlocked 6.1"" - (Pink) A2846 w/1 Year Warranty",376.52,799.0,Shipping info unavailable,https://www.ebay.com/itm/146557296479?_trkparms=5373%3A5000006400%7C5374%3ATech%7C5079%3A5000006400,422.48,52.88
2026-05-08 03:38:10,"Apple iPhone 14 Plus 6.7"" Unlocked w/128GB (Purple) - A2632 w/1 Year Warranty",315.67,899.0,Shipping info unavailable,https://www.ebay.com/itm/146520405856?_trkparms=5373%3A5000006400%7C5374%3ATech%7C5079%3A5000006400,583.3299999999999,64.89
2026-05-08 03:38:10,"Apple iPhone 14 Plus 6.7"" Unlocked 128GB - (Midnight) A2632 w/1 Year Warranty",284.29,899.0,Shipping info unavailable,https://www.ebay.com/itm/145967070949?_trkparms=5373%3A5000006400%7C5374%3ATech%7C5079%3A5000006400,614.71,68.38
2026-05-08 03:38:10,"2021 Apple iPad Pro 3 11 11"" Display 128GB Storage WiFi + Cellular A2301 - Space Gray",455.26,999.0,Shipping info unavailable,https://www.ebay.com/itm/377136664911?_trkparms=5373%3A5000006400%7C5374%3ATech%7C5079%3A5000006400,543.74,54.43
2026-05-08 03:38:11,Apple iPhone 15 Plus 128GB Unlocked 90%+ Battery (Blue) A2847 w/Year Warranty,475.4,899.0,Shipping info unavailable,https://www.ebay.com/itm/357750742228?_trkparms=5373%3A5000006400%7C5374%3ATech%7C5079%3A5000006400,423.6,47.12
2026-05-08 03:38:11,"Apple iPhone 15 6.1"" Unlocked 128GB - (Blue) A2846 w/1 Year Warranty",367.96,799.0,Shipping info unavailable,https://www.ebay.com/itm/357750761045?_trkparms=5373%3A5000006400%7C5374%3ATech%7C5079%3A5000006400,431.04,53.95
2026-05-08 03:38:11,"Microsoft Surface Laptop Go 12.4"" Core i5-1035G1 1GHz 8GB RAM 256GB SSD 21O-00001 - Platinum (Skinned)",202.03,899.0,Shipping info unavailable,https://www.ebay.com/itm/358391508122?_trkparms=5373%3A5000006400%7C5374%3ATech%7C5079%3A5000006400,696.97,77.53
2026-05-08 03:38:11,"2022 Apple iPad 10 10.9"" Display 64GB Storage WiFi Only MPQ03LL/A - Silver",259.75,449.0,Shipping info unavailable,https://www.ebay.com/itm/147274496020?_trkparms=5373%3A5000006400%7C5374%3ATech%7C5079%3A5000006400,189.25,42.15
2026-05-08 03:38:11,Apple iPhone SE 2 64GB Black - BB,129.31,399.0,Shipping info unavailable,https://www.ebay.com/itm/147274593667?_trkparms=5373%3A5000006400%7C5374%3ATech%7C5079%3A5000006400,269.69,67.59
2026-05-08 03:38:11,"2020 Apple MacBook Air 13"" 3.20GHz/16GB/256GB SSD (Silver) A2337 - w/Warranty",471.09,899.0,Shipping info unavailable,https://www.ebay.com/itm/355562804601?_trkparms=5373%3A5000006400%7C5374%3ATech%7C5079%3A5000006400,427.91,47.6
2026-05-08 03:38:12,"Apple iPhone 15 128GB Unlocked 6.1"" (Pink) A2846 - w/1 Year Warranty",397.43,799.0,Shipping info unavailable,https://www.ebay.com/itm/146882537063?_trkparms=5373%3A5000006400%7C5374%3ATech%7C5079%3A5000006400,401.57,50.26
2026-05-08 03:38:12,"Apple iPhone 14 6.1"" Unlocked 128GB (Blue) A2649 - w/1 Year Warranty",288.09,799.0,Shipping info unavailable,https://www.ebay.com/itm/145740995923?_trkparms=5373%3A5000006400%7C5374%3ATech%7C5079%3A5000006400,510.91,63.94
2026-05-08 03:38:12,"Apple iPhone 13 128GB Unlocked 6.1"" (Green) A2482 - w/1 Year Warranty",254.81,799.0,Shipping info unavailable,https://www.ebay.com/itm/145674849518?_trkparms=5373%3A5000006400%7C5374%3ATech%7C5079%3A5000006400,544.19,68.11
2026-05-08 03:38:12,"2019 Apple iPad 7 10.2"" 32GB WiFi Only (Silver) A2197 - w/1 Year Warranty",113.58,329.0,Shipping info unavailable,https://www.ebay.com/itm/354524117251?_trkparms=5373%3A5000006400%7C5374%3ATech%7C5079%3A5000006400,215.42000000000002,65.48
2026-05-08 03:38:12,"Apple iPhone 16 Pro 128GB Unlocked 90%+ Battery 6.3"" (Black) A3083 w/Warranty",699.79,999.0,Shipping info unavailable,https://www.ebay.com/itm/357807819254?_trkparms=5373%3A5000006400%7C5374%3ATech%7C5079%3A5000006400,299.21000000000004,29.95
2026-05-08 03:38:12,"2020 Apple 90%+ Battery iPad 8 32GB WiFi Only 10.2"" (Gray) A2270 w/Warranty",143.37,329.0,Shipping info unavailable,https://www.ebay.com/itm/358119850962?_trkparms=5373%3A5000006400%7C5374%3ATech%7C5079%3A5000006400,185.63,56.42
2026-05-08 03:38:13,"Apple iPhone 16 Pro 128GB Unlocked 6.3"" - (Black) A3083 w/1 Year Warranty",611.36,999.0,Shipping info unavailable,https://www.ebay.com/itm/147063396642?_trkparms=5373%3A5000006400%7C5374%3ATech%7C5079%3A5000006400,387.64,38.8
2026-05-08 03:38:13,"2020 Apple MacBook Air 13.3"" M1 16GB/256GB SSD - (Silver) A2337 w/ Year Warranty",399.4,899.0,Shipping info unavailable,https://www.ebay.com/itm/356717541241?_trkparms=5373%3A5000006400%7C5374%3ATech%7C5079%3A5000006400,499.6,55.57
2026-05-08 03:38:16,Snakebyte GamePad Pro X Controller for Xbox Series X and PC (White),18.99,129.99,Free shipping,https://www.ebay.com/itm/286014554031?_trkparms=5373%3A5000006400%7C5374%3ATech%7C5079%3A5000006401,111.00000000000001,85.39
2026-05-08 03:38:19,Rokinon 135mm T2.2 DSX High Speed Cine Full Frame Lens for Sony E PRO,452.99,699.0,Free shipping,https://www.ebay.com/itm/376575740748?_trkparms=5373%3A5000006400%7C5374%3ATech%7C5079%3A5000006425,246.01,35.19
2026-05-08 03:38:20,"Samsung Galaxy Tab Book Cover Keyboard Slim AI Key S9, S9 FE, S10 FE, S10 Lite",59.99,139.99,Free shipping,https://www.ebay.com/itm/389896131145?_trkparms=5373%3A5000006400%7C5374%3ATech%7C5079%3A5000006427,80.0,57.15
2026-05-08 07:50:03,"Apple iPhone 11 64GB Unlocked 6.1"" 90%+ Battery (White) A2111 w/Year Warranty",163.54,699.0,Shipping info unavailable,https://www.ebay.com/itm/358453666142?_trkparms=5373%3A5000006400%7C5374%3ATech%7C5079%3A5000006400,535.46,76.6
2026-05-08 07:50:04,"Apple iPhone 13 mini 128GB Unlocked 5.4"" (Green) A2481 - w/1 Year Warranty",228.19,699.0,Shipping info unavailable,https://www.ebay.com/itm/358169465438?_trkparms=5373%3A5000006400%7C5374%3ATech%7C5079%3A5000006400,470.81,67.35
2026-05-08 07:50:05,"2022 Apple 90%+ Battery iPad Air 5 256GB Cellular 10.9"" (Gray) A2589 w/Warranty",409.64,899.0,Shipping info unavailable,https://www.ebay.com/itm/377113705462?_trkparms=5373%3A5000006400%7C5374%3ATech%7C5079%3A5000006400,489.36,54.43
2026-05-08 07:50:06,"2020 Apple M1 MacBook Air 13.3"" 16GB/256GB SSD (Space Gray) - A2337 w/Warranty",595.84,999.0,Shipping info unavailable,https://www.ebay.com/itm/147270572034?_trkparms=5373%3A5000006400%7C5374%3ATech%7C5079%3A5000006400,403.15999999999997,40.36
2026-05-08 10:43:47,Apple Watch Series 7 45mm GPS + Cellular 4KJH3LL/A - Graphite Stainless Steel with Abyss Blue Sport Loop,186.36,779.0,Shipping info unavailable,https://www.ebay.com/itm/377116491934?_trkparms=5373%3A5000006400%7C5374%3ATech%7C5079%3A5000006400,592.64,76.08
2026-05-08 16:20:21,Apple iPhone 16 Pro Max 256GB Unlocked Excellent Condition,855.28,855.28,Free shipping,https://www.ebay.com/itm/356605681295?_trkparms=5373%3A5000006400%7C5374%3ATech%7C5079%3A5000006400,0.0,0.0
2026-05-08 16:20:26,"Acer Aspire 15 15.6"" Ryzen 5 7520U 7000 Series 8GB 512GB SSD Radeon Win11 Refurb",341.24,449.99,Free shipping,https://www.ebay.com/itm/267508897387?_trkparms=5373%3A5000006400%7C5374%3ATech%7C5079%3A5000006400,108.75,24.17
2026-05-08 16:20:27,HP OfficeJet Pro 8135e All-in-One Printer w/3 Months Instant Ink free w/ HP+,149.99,239.99,Free shipping,https://www.ebay.com/itm/156049752317?_trkparms=5373%3A5000006400%7C5374%3ATech%7C5079%3A5000006400,90.0,37.5
2026-05-08 16:20:27,"Ray-Ban Meta Wayfarer (Refurbished.), Matte Black / Clear to G-15 Green Transiti",227.0,303.0,Free shipping,https://www.ebay.com/itm/406261411191?_trkparms=5373%3A5000006400%7C5374%3ATech%7C5079%3A5000006400,76.0,25.08
2026-05-08 16:20:27,"MSI PRO MP272L 27"" FHD Business Flat IPS Monitor 100Hz/1ms HDR Ready",74.99,114.99,Free shipping,https://www.ebay.com/itm/257240982396?_trkparms=5373%3A5000006400%7C5374%3ATech%7C5079%3A5000006400,40.0,34.79
2026-05-08 16:20:27,DJI Osmo Action 5 Pro Adventure Combo (Certified Refurbished),359.0,359.0,Free shipping,https://www.ebay.com/itm/306791888900?_trkparms=5373%3A5000006400%7C5374%3ATech%7C5079%3A5000006400,0.0,0.0
2026-05-08 16:20:27,"Apple iPad Pro (M4, 11"") 512GB (Wifi + Unlocked LTE) - Space Black",799.95,1199.0,Free shipping,https://www.ebay.com/itm/318187552725?_trkparms=5373%3A5000006400%7C5374%3ATech%7C5079%3A5000006400,399.04999999999995,33.28
2026-05-08 16:20:27,Samsung Galaxy S25 Ultra  512GB AI Smartphone Unlocked - Excellent,820.79,820.79,Free shipping,https://www.ebay.com/itm/157857931569?_trkparms=5373%3A5000006400%7C5374%3ATech%7C5079%3A5000006400,0.0,0.0
2026-05-08 16:20:35,JBL JBLPARTYBOX720  Portable Bluetooth Speaker-Black,840.03,840.03,Free shipping,https://www.ebay.com/itm/306361322162?_trkparms=5373%3A5000006400%7C5374%3ATech%7C5079%3A5000006413,0.0,0.0
2026-05-08 16:20:36,"MSI PRO MP165 E6 CT 16"" FHD IPS Biz Portable Monitor 60Hz/4ms Built-in Speaker",59.99,89.99,Free shipping,https://www.ebay.com/itm/327045327035?_trkparms=5373%3A5000006400%7C5374%3ATech%7C5079%3A5000006405,29.999999999999993,33.34
2026-05-08 19:27:43,Apple iPhone 17 A3258 256GB Unlocked Very Good Condition,764.12,764.12,Free shipping,https://www.ebay.com/itm/358159233631?_trkparms=5373%3A5000006400%7C5374%3ATech%7C5079%3A5000006400,0.0,0.0
2026-05-08 19:27:45,"Apple iPhone 16 128GB Unlocked 6.1"" - (Pink) A3081 w/1 Year Warranty",506.78,799.0,Shipping info unavailable,https://www.ebay.com/itm/147068912849?_trkparms=5373%3A5000006400%7C5374%3ATech%7C5079%3A5000006400,292.22,36.57
2026-05-08 19:27:45,"Apple iPhone 15 Plus 6.7"" Unlocked 256GB - (Black) A2847 w/1 Year Warranty",405.04,999.0,Shipping info unavailable,https://www.ebay.com/itm/356809247549?_trkparms=5373%3A5000006400%7C5374%3ATech%7C5079%3A5000006400,593.96,59.46
2026-05-08 19:27:49,Apple iPhone 17 A3258 256GB Unlocked Very Good Condition,764.12,764.12,Free shipping,https://www.ebay.com/itm/358159233631?_trkparms=5373%3A5000006400%7C5374%3ATech%7C5079%3A5000006423,0.0,0.0
2026-05-08 22:03:42,"2020 Apple iPad Air 4 64GB WiFi Only 10.9"" - (Space Gray) A2316 w/Year Warranty",191.79,599.0,Shipping info unavailable,https://www.ebay.com/itm/357884810186?_trkparms=5373%3A5000006400%7C5374%3ATech%7C5079%3A5000006400,407.21000000000004,67.98
2026-05-09 15:58:44,Snakebyte Xbox Series GamePad Pro X Licensed Wired Video Game Controller (Black),28.99,69.99,Free shipping,https://www.ebay.com/itm/375595506267?_trkparms=5373%3A5000006400%7C5374%3ATech%7C5079%3A5000006401,41.0,58.58
2026-05-09 19:12:52,Apple Watch Series 11 42mm Aluminum Cellular Black - AA,331.83,499.0,Shipping info unavailable,https://www.ebay.com/itm/377168325798?_trkparms=5373%3A5000006400%7C5374%3ATech%7C5079%3A5000006400,167.17000000000002,33.5
2026-05-09 19:12:53,Apple Watch Series 11 Cellular 46mm Aluminum 90%+ w/Black Band (Black) Warranty,356.55,529.0,Shipping info unavailable,https://www.ebay.com/itm/147259058148?_trkparms=5373%3A5000006400%7C5374%3ATech%7C5079%3A5000006400,172.45,32.6
2026-05-09 19:12:53,"Apple iPhone 14 128GB Unlocked 6.1"" - (Purple) A2649 w/1 Year Warranty",261.47,799.0,Shipping info unavailable,https://www.ebay.com/itm/376557595097?_trkparms=5373%3A5000006400%7C5374%3ATech%7C5079%3A5000006400,537.53,67.28
2026-05-09 21:53:43,"Apple iPhone 15 Pro 6.1"" Unlocked 128GB (Black Titanium) A2848 - w/Warranty",493.47,999.0,Shipping info unavailable,https://www.ebay.com/itm/376217121045?_trkparms=5373%3A5000006400%7C5374%3ATech%7C5079%3A5000006400,505.53,50.6
2026-05-10 15:59:53,Honeycomb Aeronautical Alpha Flight Controls Yoke Switch Panel Pilot Simulator,268.99,449.99,Free shipping,https://www.ebay.com/itm/376925126304?_trkparms=5373%3A5000006400%7C5374%3ATech%7C5079%3A5000006401,181.0,40.22
2026-05-11 09:53:25,JBL JBLBAR1300XM2BLKAM-Z 11.1.4 Ch Dolby Atmos MK2 Soundbar - Refurbished,949.99,1999.95,Free shipping,https://www.ebay.com/itm/137229293156?_trkparms=5373%3A5000006400%7C5374%3ATech%7C5079%3A5000006409,1049.96,52.5
2026-05-11 09:53:25,RCA 1080P Smart Streaming Projector w/ Roku Express Streaming Device RPJ227,54.99,149.99,Free shipping,https://www.ebay.com/itm/396398628143?_trkparms=5373%3A5000006400%7C5374%3ATech%7C5079%3A5000006409,95.0,63.34
2026-05-11 09:53:25,DJI FPV Combo Expert Pro Bundle-Certified Refurbished,987.0,1459.0,Free shipping,https://www.ebay.com/itm/304723382254?_trkparms=5373%3A5000006400%7C5374%3ATech%7C5079%3A5000006430,472.0,32.35
2026-05-11 09:53:25,DJI Mini 3 Pro Intelligent Flight Battery-Certified Refurbished,55.0,55.0,Free shipping,https://www.ebay.com/itm/305595432446?_trkparms=5373%3A5000006400%7C5374%3ATech%7C5079%3A5000006430,0.0,0.0
2026-05-11 09:53:26,EcoFlow Rapid Pro 3-in-1 Power Bank 10000mAh & 67W Foldable AC Plug 45W Recharge,99.99,159.0,Free shipping,https://www.ebay.com/itm/146810033846?_trkparms=5373%3A5000006400%7C5374%3ATech%7C5079%3A5000006419,59.010000000000005,37.11
2026-05-11 09:53:27,EcoFlow Rapid Pro Powerbank 20000mAh 230W Max Output & 100W Cable for iPhone,228.56,299.0,Free shipping,https://www.ebay.com/itm/146807999392?_trkparms=5373%3A5000006400%7C5374%3ATech%7C5079%3A5000006419,70.44,23.56
2026-05-11 09:53:27,EcoFlow 300W 27650mAh Rapid Pro Power Bank 4-Port Portable Charger 99.54Wh,314.27,359.0,Free shipping,https://www.ebay.com/itm/146800456923?_trkparms=5373%3A5000006400%7C5374%3ATech%7C5079%3A5000006419,44.73000000000002,12.46
2026-05-11 09:53:27,Glyph Atom PRO External NVMe 1TB Black SSD V2 with Thunderbolt 3 Connectivity,359.99,359.99,Free shipping,https://www.ebay.com/itm/377076541926?_trkparms=5373%3A5000006400%7C5374%3ATech%7C5079%3A5000006421,0.0,0.0
2026-05-11 09:53:27,Samsung 256GB NVMe M.2 PCle SSD Gen 3x4 PM991a Dell P/N: VT6KM,40.99,47.14,Free shipping,https://www.ebay.com/itm/298199197882?_trkparms=5373%3A5000006400%7C5374%3ATech%7C5079%3A5000006421,6.149999999999999,13.05
2026-05-11 09:53:27,JBL Tune Buds 2 True Wireless Bluetooth Noise Cancelling Earbuds Ghost Edition,36.45,100.0,Free shipping,https://www.ebay.com/itm/277414421006?_trkparms=5373%3A5000006400%7C5374%3ATech%7C5079%3A5000006403,63.55,63.55
2026-05-11 09:53:27,JBL Tune 520BT Wireless Bluetooth On-Ear Headphones With Built-In Microphone,25.45,60.0,Free shipping,https://www.ebay.com/itm/285940263627?_trkparms=5373%3A5000006400%7C5374%3ATech%7C5079%3A5000006403,34.55,57.58
2026-05-11 09:53:28,Garmin eTrex 32x Rugged Outdoor Handheld GPS 010-02257-00,199.99,299.99,Free shipping,https://www.ebay.com/itm/204797942861?_trkparms=5373%3A5000006400%7C5374%3ATech%7C5079%3A5000006432,100.0,33.33
2026-05-11 09:53:30,EcoFlow 170W Rapid Power Bank 25000mAh with Dual 140W USB-C Ports Compatible,121.41,169.0,Free shipping,https://www.ebay.com/itm/146823817921?_trkparms=5373%3A5000006400%7C5374%3ATech%7C5079%3A5000006411,47.59,28.16
2026-05-11 09:53:30,OBSBOT Tiny 2 AI Powered PTZ 4K Webcam with Dual Native ISO Technology,254.99,399.0,Free shipping,https://www.ebay.com/itm/287245016079?_trkparms=5373%3A5000006400%7C5374%3ATech%7C5079%3A5000006405,144.01,36.09
2026-05-11 09:53:30,"LG 27"" FHD HDR10 16:9 Curved Monitor 5ms GtG 100Hz - Black 27U421A-B 2026 Model",99.99,149.99,Free shipping,https://www.ebay.com/itm/366359151782?_trkparms=5373%3A5000006400%7C5374%3ATech%7C5079%3A5000006405,50.000000000000014,33.34
2026-05-11 09:53:30,"Samsung 32"" ViewFinity UJ59 4K UHD AMD FreeSync Monitor 4ms 60Hz LU32J59DUQNXZA",169.99,399.99,Free shipping,https://www.ebay.com/itm/135253331546?_trkparms=5373%3A5000006400%7C5374%3ATech%7C5079%3A5000006405,230.0,57.5
2026-05-11 09:53:30,"Samsung 49"" Class Odyssey G95C DQHD 240Hz Curved Gaming Monitor LS49CG95DENXZA",679.99,999.99,Free shipping,https://www.ebay.com/itm/145923494263?_trkparms=5373%3A5000006400%7C5374%3ATech%7C5079%3A5000006405,320.0,32.0
2026-05-11 15:27:12,"Dell - Plus - 14"" 2K 2-in-1 Touchscreen Laptop - Intel Core Ultra 7 256V 2024...",1199.99,1199.99,Free shipping,https://www.ebay.com/itm/197449081804?_trkparms=5373%3A5000006400%7C5374%3ATech%7C5079%3A5000006400,0.0,0.0
2026-05-11 15:27:12,"Apple iPad Pro 6th Gen A2436 12.9"" 256GB - Wi-Fi only - Space Gray - New in Box",689.99,689.99,Free shipping,https://www.ebay.com/itm/227274448071?_trkparms=5373%3A5000006400%7C5374%3ATech%7C5079%3A5000006400,0.0,0.0
2026-05-11 15:27:12,"New 2026 Apple - MacBook Neo 13-inch Laptop - A18 Pro chip, Choose Color, SSD",699.0,699.0,Free shipping,https://www.ebay.com/itm/188188059449?_trkparms=5373%3A5000006400%7C5374%3ATech%7C5079%3A5000006400,0.0,0.0
2026-05-11 15:27:13,Apple iPad Air 11” 2026 M4 – All Colors & Storage – Brand New & Sealed,645.0,645.0,Free shipping,https://www.ebay.com/itm/336481593695?_trkparms=5373%3A5000006400%7C5374%3ATech%7C5079%3A5000006400,0.0,0.0
2026-05-11 15:27:14,"Apple iPad Air 11/13-inch (M2): Liquid Retina Display, All Sizes 128/256/512/1TB",600.0,600.0,Free shipping,https://www.ebay.com/itm/335406791759?_trkparms=5373%3A5000006400%7C5374%3ATech%7C5079%3A5000006400,0.0,0.0
2026-05-11 15:27:14,DJI Osmo Pocket 3 Handheld Camera 3-Axis Gimbal CP.OS.00000301.01,424.99,424.99,Free shipping,https://www.ebay.com/itm/326218340948?_trkparms=5373%3A5000006400%7C5374%3ATech%7C5079%3A5000006400,0.0,0.0
2026-05-11 15:27:15,Apple iPhone 16 Pro Max A3084 512GB Unlocked Excellent Condition,864.28,864.28,Free shipping,https://www.ebay.com/itm/357482182735?_trkparms=5373%3A5000006400%7C5374%3ATech%7C5079%3A5000006423,0.0,0.0
2026-05-11 15:27:15,Samsung Galaxy S23 Ultra 256GB SM-S918U1 Factory Unlocked - Excellent,394.48,394.48,Free shipping,https://www.ebay.com/itm/116285984225?_trkparms=5373%3A5000006400%7C5374%3ATech%7C5079%3A5000006423,0.0,0.0
2026-05-11 15:27:16,Bose FreeSpace Surface-mount Indoor/Outdoor Loudspeaker 2-Pair - White FS2SE,219.99,349.0,Free shipping,https://www.ebay.com/itm/137045569210?_trkparms=5373%3A5000006400%7C5374%3ATech%7C5079%3A5000006409,129.01,36.97
2026-05-11 15:27:17,GoPro MAX2 True 8K 360 Video Action Camera Bundle - Black CHDFZ-311-TH,339.99,569.99,Free shipping,https://www.ebay.com/itm/336438700390?_trkparms=5373%3A5000006400%7C5374%3ATech%7C5079%3A5000006430,230.0,40.35
2026-05-11 15:27:17,Apple iPad 7th Gen 2019 (Wi-Fi) 32GB Silver (Excellent),108.99,329.0,Free shipping,https://www.ebay.com/itm/286883336263?_trkparms=5373%3A5000006400%7C5374%3ATech%7C5079%3A5000006415,220.01,66.87
2026-05-11 15:27:18,Apple AirPods Pro 3 (3rd Generation) Wireless Earbuds Type C - Excellent,191.99,191.99,Free shipping,https://www.ebay.com/itm/168187160154?_trkparms=5373%3A5000006400%7C5374%3ATech%7C5079%3A5000006419,0.0,0.0
2026-05-11 15:27:18,"Toshiba 2TB 5400RPM SATA III 6.0Gb/s 2.5"" Internal Hard Drive MQ04ABD200",83.44,149.0,Free shipping,https://www.ebay.com/itm/306896521253?_trkparms=5373%3A5000006400%7C5374%3ATech%7C5079%3A5000006421,65.56,44.0
2026-05-11 15:27:18,"Samsung MZ-ILT7T6A 7.68TB 2.5"" SAS SSD 12Gbps Dell EMC P/N 118000634",1149.0,1999.0,Free shipping,https://www.ebay.com/itm/298225889465?_trkparms=5373%3A5000006400%7C5374%3ATech%7C5079%3A5000006421,850.0,42.52
2026-05-11 15:27:18,"Seagate Mobile HDD 2TB, 5400 RPM, 2.5"" SATA III Internal Hard Drive ST2000LM007",92.81,169.0,Free shipping,https://www.ebay.com/itm/298252844099?_trkparms=5373%3A5000006400%7C5374%3ATech%7C5079%3A5000006421,76.19,45.08
2026-05-11 15:27:18,"Toshiba 500GB SATA III 7200 RPM 2.5"" Internal Hard Drive MQ01ACF050 AV002D",17.81,39.0,Free shipping,https://www.ebay.com/itm/306898021710?_trkparms=5373%3A5000006400%7C5374%3ATech%7C5079%3A5000006421,21.19,54.33
2026-05-11 15:27:18,"Lot of 3 Western Digital Blue PC Mobile Hard Drive 1TB 2.5"" SATA III WD10SPZX-08",74.06,129.0,Free shipping,https://www.ebay.com/itm/117157169805?_trkparms=5373%3A5000006400%7C5374%3ATech%7C5079%3A5000006421,54.94,42.59
2026-05-11 15:27:19,Apple AirPods Pro 3rd Wireless Active Noise Cancelling Earbuds - White MFHP4LL/A,154.99,249.0,Free shipping,https://www.ebay.com/itm/306633328373?_trkparms=5373%3A5000006400%7C5374%3ATech%7C5079%3A5000006403,94.00999999999999,37.76
2026-05-11 15:27:20,Garmin GPSMAP 67i Handheld GPS w/ inReach Satellite SOS & Messaging 010-02812-00,439.99,599.99,Free shipping,https://www.ebay.com/itm/176812013633?_trkparms=5373%3A5000006400%7C5374%3ATech%7C5079%3A5000006432,160.0,26.67
2026-05-11 15:27:20,Tamron 35-150mm f/2-2.8 Di III VXD Lens for Sony E AFA058S700,1298.0,1298.0,Free shipping,https://www.ebay.com/itm/354433882862?_trkparms=5373%3A5000006400%7C5374%3ATech%7C5079%3A5000006425,0.0,0.0
2026-05-11 15:27:20,Apple AirPods 3 Generation with Magsafe Charging Case - White MME73LL/A,84.0,169.0,Free shipping,https://www.ebay.com/itm/336359680981?_trkparms=5373%3A5000006400%7C5374%3ATech%7C5079%3A5000006413,85.0,50.3
2026-05-11 15:27:20,Apple AirPods 4 w Active Noise Cancellation & True Wireless White MXP93LL/A 2024,82.99,179.99,Free shipping,https://www.ebay.com/itm/336344343951?_trkparms=5373%3A5000006400%7C5374%3ATech%7C5079%3A5000006413,97.00000000000001,53.89
2026-05-11 15:27:21,Samsung Galaxy S24 Ultra SM-S928U 256GB Unlocked Very Good Condition,583.94,583.94,Free shipping,https://www.ebay.com/itm/357600637044?_trkparms=5373%3A5000006400%7C5374%3ATech%7C5079%3A5000006411,0.0,0.0
2026-05-11 15:27:21,Samsung Galaxy Watch 5 40mm WiFi + Bluetooth + Cellular R900 / R905 - Excellent,73.99,73.99,Free shipping,https://www.ebay.com/itm/406798320618?_trkparms=5373%3A5000006400%7C5374%3ATech%7C5079%3A5000006411,0.0,0.0
2026-05-11 15:27:22,"MSI MAG401QR 40"" UWQHD Flat IPS Gaming Monitor, 155Hz/1ms HDR400",279.99,399.99,Free shipping,https://www.ebay.com/itm/146193143116?_trkparms=5373%3A5000006400%7C5374%3ATech%7C5079%3A5000006405,120.0,30.0
2026-05-11 19:57:00,Samsung Galaxy Watch 4 40mm GPS + WiFi + Bluetooth R860 Smart Watch - Very Good,46.99,199.99,Shipping info unavailable,https://www.ebay.com/itm/314242989338?_trkparms=5373%3A5000006400%7C5374%3ATech%7C5079%3A5000006400,153.0,76.5
2026-05-11 19:57:00,Apple Watch Series 10 42mm GPS + WiFi + Bluetooth Aluminum - Good,208.99,399.99,Shipping info unavailable,https://www.ebay.com/itm/316865816300?_trkparms=5373%3A5000006400%7C5374%3ATech%7C5079%3A5000006400,191.0,47.75
2026-05-11 19:57:00,Apple Watch Series 7 45mm GPS + WiFi + Bluetooth Aluminum Case - Good Condition,118.99,299.99,Shipping info unavailable,https://www.ebay.com/itm/404057629543?_trkparms=5373%3A5000006400%7C5374%3ATech%7C5079%3A5000006400,181.0,60.34
2026-05-11 19:57:00,Apple Watch Series 6 44mm Blue Case Navy Band GPS+ WIFI + BLUETOOTH - Good,112.99,299.99,Shipping info unavailable,https://www.ebay.com/itm/405401656345?_trkparms=5373%3A5000006400%7C5374%3ATech%7C5079%3A5000006400,187.0,62.34
2026-05-11 19:57:00,Apple Watch Series SE (2nd Gen) 44mm GPS + WiFi + Cellular Unlocked - Good,106.99,299.99,Shipping info unavailable,https://www.ebay.com/itm/404675971416?_trkparms=5373%3A5000006400%7C5374%3ATech%7C5079%3A5000006400,193.0,64.34
2026-05-11 19:57:01,Motorola XT2513 Moto G 5G 2025 128GB Forest Gray Unlocked - Very Good,114.99,299.99,Shipping info unavailable,https://www.ebay.com/itm/197588449417?_trkparms=5373%3A5000006400%7C5374%3ATech%7C5079%3A5000006400,185.0,61.67
2026-05-11 19:57:01,Google Pixel 7A 5G - 128GB - Black White Blue - Unlocked - Very Good,174.99,299.99,Shipping info unavailable,https://www.ebay.com/itm/196167497033?_trkparms=5373%3A5000006400%7C5374%3ATech%7C5079%3A5000006400,125.0,41.67
2026-05-11 19:57:01,Apple Watch Series 3 38mm 42mm GPS + WiFi + Bluetooth Gold Gray Silver - Good,79.99,199.99,Shipping info unavailable,https://www.ebay.com/itm/404011999294?_trkparms=5373%3A5000006400%7C5374%3ATech%7C5079%3A5000006400,120.00000000000001,60.0
2026-05-11 19:57:01,Samsung Galaxy S21 5G SM-G991U 128GB Unlocked Smartphone - Good,129.99,299.99,Shipping info unavailable,https://www.ebay.com/itm/195096160016?_trkparms=5373%3A5000006400%7C5374%3ATech%7C5079%3A5000006400,170.0,56.67
2026-05-11 19:57:01,Samsung Galaxy S10e G970U GSM Factory Unlocked 128GB Smartphone - Very Good,109.99,299.99,Shipping info unavailable,https://www.ebay.com/itm/194297515141?_trkparms=5373%3A5000006400%7C5374%3ATech%7C5079%3A5000006400,190.0,63.34
2026-05-11 19:57:01,Apple Watch Series 6 40mm 44mm GPS + WiFi + Bluetooth - All Colors- Good,99.99,299.99,Shipping info unavailable,https://www.ebay.com/itm/195487978103?_trkparms=5373%3A5000006400%7C5374%3ATech%7C5079%3A5000006400,200.0,66.67
2026-05-11 19:57:01,Apple Watch Series SE 3 3rd Gen 40mm GPS + WiFi + Cellular Unlocked - Good,164.99,299.99,Shipping info unavailable,https://www.ebay.com/itm/198026454735?_trkparms=5373%3A5000006400%7C5374%3ATech%7C5079%3A5000006400,135.0,45.0
2026-05-11 19:57:01,Apple Watch Ultra 2 2nd Generation GPS & Cellular 49mm - Titanium - Very Good,387.99,599.99,Shipping info unavailable,https://www.ebay.com/itm/316712297086?_trkparms=5373%3A5000006400%7C5374%3ATech%7C5079%3A5000006400,212.0,35.33
2026-05-11 19:57:02,Samsung Galaxy Watch 4 40mm Aluminum Smartwatch SM-R860 Pink Gold - Good,47.99,199.99,Shipping info unavailable,https://www.ebay.com/itm/405841974654?_trkparms=5373%3A5000006400%7C5374%3ATech%7C5079%3A5000006400,152.0,76.0
2026-05-11 19:57:02,Apple Watch Series SE (2nd Gen) 44mm GPS + WiFi + Bluetooth -Very Good Condition,109.99,299.99,Shipping info unavailable,https://www.ebay.com/itm/195962329769?_trkparms=5373%3A5000006400%7C5374%3ATech%7C5079%3A5000006400,190.0,63.34
2026-05-11 19:57:02,Samsung Galaxy S20 FE SM-G781U 128GB 5G GSM Unlocked Cloud Navy - Good,122.99,299.99,Shipping info unavailable,https://www.ebay.com/itm/314044484861?_trkparms=5373%3A5000006400%7C5374%3ATech%7C5079%3A5000006400,177.0,59.0
2026-05-11 19:57:02,Apple Watch Series 9 41mm 45mm GPS + LTE UNLOCKED Stainless Steel - Very Good,234.99,399.99,Shipping info unavailable,https://www.ebay.com/itm/405442453828?_trkparms=5373%3A5000006400%7C5374%3ATech%7C5079%3A5000006400,165.0,41.25
2026-05-11 19:57:02,Apple Watch Series 5 40mm 44mm GPS + WiFi + Bluetooth Gold Gray Silver - Good,91.99,199.99,Shipping info unavailable,https://www.ebay.com/itm/195498594437?_trkparms=5373%3A5000006400%7C5374%3ATech%7C5079%3A5000006400,108.00000000000001,54.0
2026-05-11 19:57:02,Motorola Moto Edge 2025 256GB XT2519 UNLOCKED 5G Deep Forest - Excellent,251.99,399.99,Shipping info unavailable,https://www.ebay.com/itm/406457277608?_trkparms=5373%3A5000006400%7C5374%3ATech%7C5079%3A5000006400,148.0,37.0
2026-05-11 19:57:02,Samsung Galaxy S10e G970U GSM Factory Unlocked 128GB Smartphone - Good,104.99,299.99,Shipping info unavailable,https://www.ebay.com/itm/313643795539?_trkparms=5373%3A5000006400%7C5374%3ATech%7C5079%3A5000006400,195.0,65.0
2026-05-11 19:57:02,Apple Watch Series 9 41mm GPS + WiFi + Cellular Unlocked Aluminum Case Very Good,185.99,299.99,Shipping info unavailable,https://www.ebay.com/itm/315186981596?_trkparms=5373%3A5000006400%7C5374%3ATech%7C5079%3A5000006400,114.0,38.0
2026-05-11 19:57:03,Samsung Galaxy Watch 4 40mm Aluminum Smartwatch SM-R860 Pink Gold - Very Good,48.99,199.99,Shipping info unavailable,https://www.ebay.com/itm/194746006228?_trkparms=5373%3A5000006400%7C5374%3ATech%7C5079%3A5000006400,151.0,75.5
2026-05-11 19:57:03,Google Pixel Watch 2 41mm GPS + WiFi + Bluetooth Gold Black Silver - Very Good,63.99,199.99,Shipping info unavailable,https://www.ebay.com/itm/315783972295?_trkparms=5373%3A5000006400%7C5374%3ATech%7C5079%3A5000006400,136.0,68.0
2026-05-11 19:57:03,Apple Watch Series 7 45mm GPS + WiFi + Cellular Unlocked Aluminum Case - Good,115.99,299.99,Shipping info unavailable,https://www.ebay.com/itm/404057662889?_trkparms=5373%3A5000006400%7C5374%3ATech%7C5079%3A5000006400,184.0,61.34
2026-05-11 19:57:03,Apple Watch Series 8 41mm GPS + WiFi + Bluetooth Aluminum Case - Very Good,165.99,299.99,Shipping info unavailable,https://www.ebay.com/itm/314808088586?_trkparms=5373%3A5000006400%7C5374%3ATech%7C5079%3A5000006400,134.0,44.67
2026-05-11 19:57:03,"2021 Apple M1 Pro MacBook Pro 16"" 16GB/512GB SSD - (Space Gray) A2485 w/Warranty",660.08,2499.0,Free shipping,https://www.ebay.com/itm/376409885029?_trkparms=5373%3A5000006400%7C5374%3ATech%7C5079%3A5000006400,1838.92,73.59
2026-05-11 19:57:03,JBL FLIP 6 Portable Speaker Waterproof - Certified Refurbished,84.99,129.95,Free shipping,https://www.ebay.com/itm/135244698790?_trkparms=5373%3A5000006400%7C5374%3ATech%7C5079%3A5000006400,44.959999999999994,34.6
2026-05-11 19:57:04,Samsung Galaxy Z Flip5 256GB F731U Unlocked - Good,249.99,1119.99,Free shipping,https://www.ebay.com/itm/257044397441?_trkparms=5373%3A5000006400%7C5374%3ATech%7C5079%3A5000006423,870.0,77.68
2026-05-11 19:57:04,Samsung Galaxy S25 Ultra  512GB AI Smartphone Unlocked - Excellent,820.79,820.79,Free shipping,https://www.ebay.com/itm/157857931569?_trkparms=5373%3A5000006400%7C5374%3ATech%7C5079%3A5000006423,0.0,0.0
2026-05-11 19:57:04,Lenovo TP T14s G3 14-inch WUXGA Touch Intel Core i7-1270U 32GB 512GB SSD W11 Pro,594.99,2299.0,Free shipping,https://www.ebay.com/itm/298089516385?_trkparms=5373%3A5000006400%7C5374%3ATech%7C5079%3A5000006407,1704.01,74.12
2026-05-11 19:57:05,Logitech G920 Wheel and Shifter Bundle for XBOX,160.99,329.99,Free shipping,https://www.ebay.com/itm/168191570109?_trkparms=5373%3A5000006400%7C5374%3ATech%7C5079%3A5000006401,169.0,51.21
2026-05-11 19:57:05,Nintendo Switch Gray Joy Cons 32GB Gaming Console + 2DAY Ship ✈️ + 1YR Warnty,218.88,299.99,Free shipping,https://www.ebay.com/itm/195302463857?_trkparms=5373%3A5000006400%7C5374%3ATech%7C5079%3A5000006401,81.11000000000001,27.04
2026-05-11 19:57:07,Soundcore C30i Open-Ear Earbuds Clip-On Headphone Lightweight Comfortable|Refurb,20.99,69.99,Free shipping,https://www.ebay.com/itm/387276599367?_trkparms=5373%3A5000006400%7C5374%3ATech%7C5079%3A5000006403,49.0,70.01
2026-05-11 19:57:08,HP OfficeJet Pro 8135e All-in-One Printer w/3 Months Instant Ink free w/ HP+,149.99,239.99,Free shipping,https://www.ebay.com/itm/156049752317?_trkparms=5373%3A5000006400%7C5374%3ATech%7C5079%3A5000006417,90.0,37.5
2026-05-11 19:57:09,"Bose SoundLink Max Portable Speaker, Certified Refurbished",218.0,319.0,Free shipping,https://www.ebay.com/itm/187576160757?_trkparms=5373%3A5000006400%7C5374%3ATech%7C5079%3A5000006413,101.0,31.66
2026-05-11 19:57:09,Soundcore C30i Open-Ear Earbuds Clip-On Headphone Lightweight Comfortable|Refurb,20.99,69.99,Free shipping,https://www.ebay.com/itm/387276599367?_trkparms=5373%3A5000006400%7C5374%3ATech%7C5079%3A5000006413,49.0,70.01
2026-05-11 19:57:10,Dell USB-C Pro Smart Dock in Black - DELL-SD25 - Open Box,148.0,148.0,Free shipping,https://www.ebay.com/itm/318081578474?_trkparms=5373%3A5000006400%7C5374%3ATech%7C5079%3A5000006427,0.0,0.0
2026-05-11 19:57:10,Samsung Galaxy Z Flip5 256GB F731U Unlocked - Good,249.99,1119.99,Free shipping,https://www.ebay.com/itm/257044397441?_trkparms=5373%3A5000006400%7C5374%3ATech%7C5079%3A5000006411,870.0,77.68
2026-05-11 19:57:10,Samsung Galaxy Watch 8 40mm Silver Smartwatch w/Two Chargers SM-L320NZSCXAA 2025,179.99,329.99,Free shipping,https://www.ebay.com/itm/146827115002?_trkparms=5373%3A5000006400%7C5374%3ATech%7C5079%3A5000006411,150.0,45.46
2026-05-11 19:57:10,Samsung Galaxy S25 Ultra  512GB AI Smartphone Unlocked - Excellent,820.79,820.79,Free shipping,https://www.ebay.com/itm/157857931569?_trkparms=5373%3A5000006400%7C5374%3ATech%7C5079%3A5000006411,0.0,0.0
2026-05-11 19:57:10,HP OfficeJet Pro 8135e All-in-One Printer w/3 Months Instant Ink free w/ HP+,149.99,239.99,Free shipping,https://www.ebay.com/itm/156049752317?_trkparms=5373%3A5000006400%7C5374%3ATech%7C5079%3A5000006405,90.0,37.5
2026-05-12 03:49:45,Microsoft Surface Laptop 7 13.8 2K TOUCH Ultra 7 268V 3.4GHz 32GB 1TB SSD,1349.99,1349.99,Free shipping,https://www.ebay.com/itm/298166880356?_trkparms=5373%3A5000006400%7C5374%3ATech%7C5079%3A5000006400,0.0,0.0
2026-05-12 03:49:45,Lenovo ThinkPad T14 Gen 5 FHD+ TOUCH 1.6 GHz Ultra 5 135U 16GB 512GB SSD,649.99,649.99,Free shipping,https://www.ebay.com/itm/286760698116?_trkparms=5373%3A5000006400%7C5374%3ATech%7C5079%3A5000006400,0.0,0.0
2026-05-12 03:49:45,Apple MacBook Pro 16 2021 M1 Pro 3.2 GHz 10-Core CPU 16GB 1TB 16-Core GPU Gray,759.99,759.99,Free shipping,https://www.ebay.com/itm/295243696562?_trkparms=5373%3A5000006400%7C5374%3ATech%7C5079%3A5000006400,0.0,0.0
2026-05-12 03:49:45,Lenovo Legion Go AMD Ryzen Z1 Extreme 16GB RAM 1TB w/ Case & Charger- Excellent,719.99,719.99,Free shipping,https://www.ebay.com/itm/297740856061?_trkparms=5373%3A5000006400%7C5374%3ATech%7C5079%3A5000006400,0.0,0.0
2026-05-12 03:49:45,Samsung Galaxy Z Fold7 512GB Jetblack Unlocked Excellent Condition,1329.99,1329.99,Free shipping,https://www.ebay.com/itm/277405117668?_trkparms=5373%3A5000006400%7C5374%3ATech%7C5079%3A5000006400,0.0,0.0
2026-05-12 03:49:45,AirPods Max Lightning Space Gray  w/ Smart Case - Very Good,279.99,279.99,Free shipping,https://www.ebay.com/itm/297821011649?_trkparms=5373%3A5000006400%7C5374%3ATech%7C5079%3A5000006400,0.0,0.0
2026-05-12 03:49:46,Apple iPad 5 32GB WiFi Very Good Condition - All Colors,84.99,84.99,Free shipping,https://www.ebay.com/itm/285680827524?_trkparms=5373%3A5000006400%7C5374%3ATech%7C5079%3A5000006400,0.0,0.0
2026-05-12 03:49:46,Valve Steam Deck OLED Handheld Console - 1TB Excellent w/ Case + Charger,1069.99,1069.99,Free shipping,https://www.ebay.com/itm/285795616245?_trkparms=5373%3A5000006400%7C5374%3ATech%7C5079%3A5000006400,0.0,0.0
2026-05-12 03:49:46,Apple iPhone 11 64GB Unlocked Very Good Condition - All Colors,154.99,154.99,Free shipping,https://www.ebay.com/itm/276216536192?_trkparms=5373%3A5000006400%7C5374%3ATech%7C5079%3A5000006400,0.0,0.0
2026-05-12 03:49:47,Apple iPad 10 256GB Unlocked Excellent Condition - All Colors,359.99,359.99,Free shipping,https://www.ebay.com/itm/285763080352?_trkparms=5373%3A5000006400%7C5374%3ATech%7C5079%3A5000006400,0.0,0.0
2026-05-12 03:49:47,Dell Latitude 5440 14 Gray FHD 1.8 GHz i7-1365U 16GB RAM 512GB SSD Very Good,399.99,399.99,Free shipping,https://www.ebay.com/itm/298246679976?_trkparms=5373%3A5000006400%7C5374%3ATech%7C5079%3A5000006400,0.0,0.0
2026-05-12 03:49:47,Apple iPad 6 32GB WiFi Excellent Condition - All Colors,89.99,89.99,Free shipping,https://www.ebay.com/itm/285680866449?_trkparms=5373%3A5000006400%7C5374%3ATech%7C5079%3A5000006400,0.0,0.0
2026-05-12 03:49:47,Lenovo ThinkPad X1 Carbon Gen 11 14 FHD+ TOUCH 1.7 GHz i7-1355U 16GB 512GB SSD,689.99,689.99,Free shipping,https://www.ebay.com/itm/297859614092?_trkparms=5373%3A5000006400%7C5374%3ATech%7C5079%3A5000006400,0.0,0.0
2026-05-12 03:49:47,Apple iPhone SE 2020 64gb FACTORY UNLOCKED VERIZON ATT TMOBILE - EXCELLENT,119.48,119.48,Free shipping,https://www.ebay.com/itm/125570215340?_trkparms=5373%3A5000006400%7C5374%3ATech%7C5079%3A5000006400,0.0,0.0
2026-05-12 03:49:47,Apple iPhone 14 Pro Max 128GB Unlocked Very Good Condition - All Colors,479.99,479.99,Free shipping,https://www.ebay.com/itm/276217872260?_trkparms=5373%3A5000006400%7C5374%3ATech%7C5079%3A5000006400,0.0,0.0
2026-05-12 03:49:47,Apple iPhone 12 - 5G - 128GB Factory Unlocked GSM + CDMA - EXCELLENT,199.48,199.48,Free shipping,https://www.ebay.com/itm/134411668661?_trkparms=5373%3A5000006400%7C5374%3ATech%7C5079%3A5000006400,0.0,0.0
2026-05-12 03:49:48,Apple iPhone Air 256GB Unlocked Very Good Condition - All Colors,749.99,749.99,Free shipping,https://www.ebay.com/itm/286969590502?_trkparms=5373%3A5000006400%7C5374%3ATech%7C5079%3A5000006400,0.0,0.0
2026-05-12 03:49:48,MacBook Pro 14 Space Gray 2023 3.49 GHz M2 Pro 10-Core / 16-Core GPU 16GB 512GB,864.99,864.99,Free shipping,https://www.ebay.com/itm/275948306833?_trkparms=5373%3A5000006400%7C5374%3ATech%7C5079%3A5000006400,0.0,0.0
2026-05-12 03:49:48,Apple iPhone 15 Pro Max 256GB Unlocked Excellent Condition - All Colors,679.99,679.99,Free shipping,https://www.ebay.com/itm/296097787049?_trkparms=5373%3A5000006400%7C5374%3ATech%7C5079%3A5000006400,0.0,0.0
2026-05-12 03:49:48,Apple iPhone 14 128GB Unlocked Very Good Condition - All Colors,279.99,279.99,Free shipping,https://www.ebay.com/itm/276217865650?_trkparms=5373%3A5000006400%7C5374%3ATech%7C5079%3A5000006400,0.0,0.0
2026-05-12 03:49:48,Samsung Galaxy Tab S10 FE 128GB Gray Unlocked Excellent Condition,319.99,319.99,Free shipping,https://www.ebay.com/itm/286673875740?_trkparms=5373%3A5000006400%7C5374%3ATech%7C5079%3A5000006400,0.0,0.0
2026-05-12 03:49:51,Lenovo Legion Go AMD Ryzen Z1 Extreme 16GB RAM 1TB w/ Case & Charger- Excellent,719.99,719.99,Free shipping,https://www.ebay.com/itm/297740856061?_trkparms=5373%3A5000006400%7C5374%3ATech%7C5079%3A5000006401,0.0,0.0
2026-05-12 03:49:51,Valve Steam Deck OLED Handheld Console - 1TB Excellent w/ Case + Charger,1069.99,1069.99,Free shipping,https://www.ebay.com/itm/285795616245?_trkparms=5373%3A5000006400%7C5374%3ATech%7C5079%3A5000006401,0.0,0.0
2026-05-12 14:38:45,Valve Steam Deck OLED Handheld Console Black 1TB w/ Case & Charger - Very Good,919.99,919.99,Free shipping,https://www.ebay.com/itm/277473184483?_trkparms=5373%3A5000006400%7C5374%3ATech%7C5079%3A5000006400,0.0,0.0
2026-05-12 17:18:56,SONY WHCH720N/B Headphones,59.99,179.99,Free shipping,https://www.ebay.com/itm/314505929469?_trkparms=5373%3A5000006400%7C5374%3ATech%7C5079%3A5000006400,120.0,66.67
2026-05-12 17:19:00,Apple iPhone 16 Pro Max A3084 512GB Unlocked Excellent Condition,864.28,864.28,Free shipping,https://www.ebay.com/itm/357482182735?_trkparms=5373%3A5000006400%7C5374%3ATech%7C5079%3A5000006400,0.0,0.0
2026-05-12 17:19:00,"Bose SoundLink Max Portable Speaker, Certified Refurbished",218.0,319.0,Free shipping,https://www.ebay.com/itm/187576160757?_trkparms=5373%3A5000006400%7C5374%3ATech%7C5079%3A5000006400,101.0,31.66
2026-05-12 17:19:00,Apple iPhone 17 Pro Max A3257 256GB Unlocked Very Good Condition,1242.88,1242.88,Free shipping,https://www.ebay.com/itm/358165932078?_trkparms=5373%3A5000006400%7C5374%3ATech%7C5079%3A5000006400,0.0,0.0
2026-05-12 17:19:01,"2021 Apple M1 Pro MacBook Pro 16"" 16GB/512GB SSD - (Space Gray) A2485 w/Warranty",660.08,2499.0,Free shipping,https://www.ebay.com/itm/376409885029?_trkparms=5373%3A5000006400%7C5374%3ATech%7C5079%3A5000006407,1838.92,73.59
2026-05-12 17:19:01,Sony BRAVIA 7 K65XR70 65 inch 4K HDR Smart QLED Mini-LED TV (2024),849.99,1999.99,Free shipping,https://www.ebay.com/itm/318063084657?_trkparms=5373%3A5000006400%7C5374%3ATech%7C5079%3A5000006409,1150.0,57.5
2026-05-12 17:19:04,Skullcandy JIB TRUE XT2 Wireless In-Ear Earbuds (Certified Refurbished)  2 PACK,18.04,18.04,Free shipping,https://www.ebay.com/itm/374348254649?_trkparms=5373%3A5000006400%7C5374%3ATech%7C5079%3A5000006403,0.0,0.0
2026-05-12 17:19:04,JBL FLIP 6 Portable Speaker Waterproof - Certified Refurbished,84.99,129.95,Free shipping,https://www.ebay.com/itm/135244698790?_trkparms=5373%3A5000006400%7C5374%3ATech%7C5079%3A5000006403,44.959999999999994,34.6
2026-05-12 17:19:04,Skullcandy HESH ANC XT - Over-Ear Headset (Certified Refurbished)-BLACK,45.0,89.99,Free shipping,https://www.ebay.com/itm/267286397770?_trkparms=5373%3A5000006400%7C5374%3ATech%7C5079%3A5000006403,44.989999999999995,49.99
2026-05-12 17:19:06,Skullcandy JIB TRUE XT2 Wireless In-Ear Earbuds (Certified Refurbished)  2 PACK,18.04,18.04,Free shipping,https://www.ebay.com/itm/374348254649?_trkparms=5373%3A5000006400%7C5374%3ATech%7C5079%3A5000006413,0.0,0.0
2026-05-12 17:19:06,JBL FLIP 6 Portable Speaker Waterproof - Certified Refurbished,84.99,129.95,Free shipping,https://www.ebay.com/itm/135244698790?_trkparms=5373%3A5000006400%7C5374%3ATech%7C5079%3A5000006413,44.959999999999994,34.6
2026-05-12 17:19:06,Sony BRAVIA 7 K65XR70 65 inch 4K HDR Smart QLED Mini-LED TV (2024),849.99,1999.99,Free shipping,https://www.ebay.com/itm/318063084657?_trkparms=5373%3A5000006400%7C5374%3ATech%7C5079%3A5000006413,1150.0,57.5
2026-05-12 17:19:06,Skullcandy HESH ANC XT - Over-Ear Headset (Certified Refurbished)-BLACK,45.0,89.99,Free shipping,https://www.ebay.com/itm/267286397770?_trkparms=5373%3A5000006400%7C5374%3ATech%7C5079%3A5000006413,44.989999999999995,49.99
2026-05-12 20:02:24,Valve Steam Deck OLED Handheld Console Black 1TB w/ Case & Charger - Very Good,919.99,919.99,Free shipping,https://www.ebay.com/itm/277473184483?_trkparms=5373%3A5000006400%7C5374%3ATech%7C5079%3A5000006401,0.0,0.0
2026-05-12 22:16:51,"Apple iPad Pro 4th Gen 256GB Wi-Fi 12.9"" Retina Display Space Gray MY2J2LL/A",469.99,599.99,Shipping info unavailable,https://www.ebay.com/itm/298153674245?_trkparms=5373%3A5000006400%7C5374%3ATech%7C5079%3A5000006400,130.0,21.67
2026-05-12 22:16:51,"HP EliteBook 840 G8 Laptop Intel Core i5-1145G7 16GB 512GB SSD 14"" W11P",296.99,399.99,Shipping info unavailable,https://www.ebay.com/itm/296758500187?_trkparms=5373%3A5000006400%7C5374%3ATech%7C5079%3A5000006400,103.0,25.75
2026-05-12 22:16:51,"2019 Apple MacBook Pro Intel Core i9 16GB RAM 1TB SSD 16"" macOS (MVVM2LL/A)",496.99,699.99,Shipping info unavailable,https://www.ebay.com/itm/389890955046?_trkparms=5373%3A5000006400%7C5374%3ATech%7C5079%3A5000006400,203.0,29.0
2026-05-12 22:16:51,"Dell Latitude 5430 Laptop Intel Core i7-1265U 32GB RAM 512GB SSD 14"" FHD W11P",439.99,579.99,Shipping info unavailable,https://www.ebay.com/itm/306794417496?_trkparms=5373%3A5000006400%7C5374%3ATech%7C5079%3A5000006400,140.0,24.14
2026-05-12 22:16:51,"Dell Latitude 5530 Laptop Intel Core i7-1270P 16GB Memory 512GB SSD 15.6"" W11P",459.99,599.99,Shipping info unavailable,https://www.ebay.com/itm/306881034893?_trkparms=5373%3A5000006400%7C5374%3ATech%7C5079%3A5000006400,140.0,23.33
2026-05-12 22:16:51,"DELL Latitude 5320 Laptop Intel Core i7-1185G7 16GB RAM 256GB SSD 13.3"" FHD W11P",268.99,399.99,Shipping info unavailable,https://www.ebay.com/itm/306881034892?_trkparms=5373%3A5000006400%7C5374%3ATech%7C5079%3A5000006400,131.0,32.75
2026-05-12 22:16:52,"ASUS TUF Gaming 27"" 1080P Gaming Monitor (VG277Q1A) Full HD Display 165Hz",133.99,199.99,Shipping info unavailable,https://www.ebay.com/itm/306639745574?_trkparms=5373%3A5000006400%7C5374%3ATech%7C5079%3A5000006400,66.0,33.0
2026-05-12 22:16:52,"ASUS Vivobook S16 Laptop Intel Core Ultra 9 285H 32GB Memory 1TB SSD 16"" W11H",939.99,1099.99,Shipping info unavailable,https://www.ebay.com/itm/306881034889?_trkparms=5373%3A5000006400%7C5374%3ATech%7C5079%3A5000006400,160.0,14.55
2026-05-12 22:16:52,"Lenovo ThinkPad T490 Laptop Intel Core i7-8650U 16GB Memory 512GB SSD 14"" W11P",262.99,349.99,Shipping info unavailable,https://www.ebay.com/itm/306881034888?_trkparms=5373%3A5000006400%7C5374%3ATech%7C5079%3A5000006400,87.0,24.86
2026-05-12 22:16:52,"HP EliteBook 645 G9 Laptop AMD Ryzen 5 Pro 5675U 16GB RAM 256GB SSD 14"" W11P",286.99,439.99,Shipping info unavailable,https://www.ebay.com/itm/389826958445?_trkparms=5373%3A5000006400%7C5374%3ATech%7C5079%3A5000006400,153.0,34.77
2026-05-12 22:16:52,"Lenovo ThinkPad T480s Laptop Intel Core i5-8250U 16GB Memory 256GB SSD 14"" W11P",217.99,299.99,Shipping info unavailable,https://www.ebay.com/itm/306881030814?_trkparms=5373%3A5000006400%7C5374%3ATech%7C5079%3A5000006400,82.0,27.33
2026-05-12 22:16:52,"Lenovo ThinkPad T14 Gen 1 Laptop Intel Core i5-10210U 16GB 256GB SSD 14"" W11P",268.99,399.99,Shipping info unavailable,https://www.ebay.com/itm/389826958448?_trkparms=5373%3A5000006400%7C5374%3ATech%7C5079%3A5000006400,131.0,32.75
2026-05-12 22:16:52,"Dell Precision 3571 Laptop Intel Core i7-12800H 32GB 512GB SSD 15.6"" FHD W11P",684.99,899.99,Shipping info unavailable,https://www.ebay.com/itm/389934601702?_trkparms=5373%3A5000006400%7C5374%3ATech%7C5079%3A5000006400,215.0,23.89
2026-05-12 22:16:52,"Lenovo ThinkPad T14 Gen 2 Intel Core i5-1135G7 16GB RAM 256GB SSD  14"" FHD W11P",306.99,439.99,Shipping info unavailable,https://www.ebay.com/itm/306853565634?_trkparms=5373%3A5000006400%7C5374%3ATech%7C5079%3A5000006400,133.0,30.23
2026-05-12 22:16:53,"Lenovo ThinkPad X1 Carbon Gen 9 Intel Core i7-1165G7 16GB RAM 256GB SSD 14"" W11P",429.99,599.99,Shipping info unavailable,https://www.ebay.com/itm/306786788297?_trkparms=5373%3A5000006400%7C5374%3ATech%7C5079%3A5000006400,170.0,28.33
2026-05-12 22:16:53,"Lenovo ThinkPad T490 Laptop Intel Core i5-8250U 16GB Memory 256GB SSD 14.0"" W11P",213.99,299.99,Shipping info unavailable,https://www.ebay.com/itm/389890937971?_trkparms=5373%3A5000006400%7C5374%3ATech%7C5079%3A5000006400,86.0,28.67
2026-05-12 22:16:53,"Dell Latitude 5420 Laptop Intel Core i5-1145G7 16GB 256GB SSD 14"" Touch W11P",265.99,349.99,Shipping info unavailable,https://www.ebay.com/itm/306881030820?_trkparms=5373%3A5000006400%7C5374%3ATech%7C5079%3A5000006400,84.0,24.0
2026-05-12 22:16:53,"HP EliteBook 845 G8 Laptop AMD Ryzen 7 PRO 5850U 16GB RAM 512GB SSD 14"" FHD W11P",393.99,599.99,Shipping info unavailable,https://www.ebay.com/itm/306746143061?_trkparms=5373%3A5000006400%7C5374%3ATech%7C5079%3A5000006400,206.0,34.33
2026-05-12 22:16:53,"MSI MAG 275CQPF 27"" Curved WQHD Gaming Monitor 180 Hz Rapid VA 2560 x 1440",117.99,149.99,Shipping info unavailable,https://www.ebay.com/itm/306707626520?_trkparms=5373%3A5000006400%7C5374%3ATech%7C5079%3A5000006400,32.000000000000014,21.33
2026-05-12 22:16:53,"DELL Latitude 7430 2-in-1 Laptop Intel Core i7-1265U 32GB RAM 512GB SSD 14"" W11P",457.99,599.99,Shipping info unavailable,https://www.ebay.com/itm/306794417517?_trkparms=5373%3A5000006400%7C5374%3ATech%7C5079%3A5000006400,142.0,23.67
2026-05-12 22:16:53,"DELL Latitude 5420 Laptop Intel Core i7-1185G7 16GB RAM 256 GB SSD 14.0"" W11P",311.99,399.99,Shipping info unavailable,https://www.ebay.com/itm/388865186315?_trkparms=5373%3A5000006400%7C5374%3ATech%7C5079%3A5000006400,88.0,22.0
2026-05-12 22:16:53,"Dell Latitude 5420Laptop Intel Core i7-1185G7 16GB RAM 512GB SSD 14"" FHD W11P",342.99,499.99,Shipping info unavailable,https://www.ebay.com/itm/305576935426?_trkparms=5373%3A5000006400%7C5374%3ATech%7C5079%3A5000006400,157.0,31.4
2026-05-12 22:16:54,"Dell Latitude 5430 Laptop Intel Core i7-1265U 16GB RAM 256GB SSD 14.0"" FHD W11P",371.99,499.99,Shipping info unavailable,https://www.ebay.com/itm/298227364969?_trkparms=5373%3A5000006400%7C5374%3ATech%7C5079%3A5000006400,128.0,25.6
2026-05-12 22:16:54,"ASUS VivoBook Laptop Intel Core Ultra 7 258V 32GB RAM 1 TB SSD 16"" Touch W11H",909.99,1099.99,Shipping info unavailable,https://www.ebay.com/itm/298227364968?_trkparms=5373%3A5000006400%7C5374%3ATech%7C5079%3A5000006400,190.0,17.27
2026-05-12 22:16:54,"Lenovo IdeaPad 5 2-in-1 Laptops AMD Ryzen AI 7 350 16GB 1 TB SSD 14"" W11H",480.99,649.99,Shipping info unavailable,https://www.ebay.com/itm/306470695117?_trkparms=5373%3A5000006400%7C5374%3ATech%7C5079%3A5000006400,169.0,26.0
2026-05-12 22:16:54,"Dell Latitude 5430 Laptop Intel Core i7-1255U 16GB RAM 256 SSD 14.0"" Touch W11P",383.99,499.99,Shipping info unavailable,https://www.ebay.com/itm/389890957452?_trkparms=5373%3A5000006400%7C5374%3ATech%7C5079%3A5000006400,116.0,23.2
2026-05-12 22:16:54,"Lenovo ThinkPad T15 Gen 1 Intel Core i5-10310U 16GB RAM 512GB SSD 15.6"" W11P",362.99,549.99,Shipping info unavailable,https://www.ebay.com/itm/389890957449?_trkparms=5373%3A5000006400%7C5374%3ATech%7C5079%3A5000006400,187.0,34.0
2026-05-12 22:16:54,"HP EliteBook 840 G8 Laptop Intel Core i7-1185G7 16GB Memory 256GB SSD 14"" W11P",321.99,499.99,Shipping info unavailable,https://www.ebay.com/itm/389323433658?_trkparms=5373%3A5000006400%7C5374%3ATech%7C5079%3A5000006400,178.0,35.6
2026-05-12 22:16:54,"Lenovo ThinkPad T14 Gen 1 Laptop Intel Core i5-10310U 16GB 256GB SSD 14"" W11P",252.99,349.99,Shipping info unavailable,https://www.ebay.com/itm/306639463876?_trkparms=5373%3A5000006400%7C5374%3ATech%7C5079%3A5000006400,97.0,27.72
2026-05-12 22:16:54,"Lenovo IdeaPad Slim 5 Laptop AMD Ryzen AI 7 350 16GB RAM 1 TB SSD 16"" Touch W11H",529.99,649.99,Shipping info unavailable,https://www.ebay.com/itm/298260407892?_trkparms=5373%3A5000006400%7C5374%3ATech%7C5079%3A5000006400,120.0,18.46
2026-05-12 22:16:57,Sony Cyber-Shot DSC-RX100 35 Language Camera 8749 8752-8759 US DUTY PAID,383.07,383.07,Free shipping,https://www.ebay.com/itm/305089572130?_trkparms=5373%3A5000006400%7C5374%3ATech%7C5079%3A5000006430,0.0,0.0
2026-05-13 03:58:25,"DELL Latitude 5300 Laptop Intel Core i5-8365U 16GB RAM 256GB SSD 13.3"" FHD W11P",199.99,299.99,Shipping info unavailable,https://www.ebay.com/itm/306892517485?_trkparms=5373%3A5000006400%7C5374%3ATech%7C5079%3A5000006400,100.0,33.33
2026-05-13 17:20:41,Apple Watch Ultra  3 49MM GPS + Cellular Black Titanium Case - Excellent,599.99,599.99,Free shipping,https://www.ebay.com/itm/188251587351?_trkparms=5373%3A5000006400%7C5374%3ATech%7C5079%3A5000006400,0.0,0.0
2026-05-13 17:20:44,Canon PowerShot SX740 HS 20.3MP 4K Digital Camera 40x Optical Zoom Wi-Fi Black,719.95,719.95,Free shipping,https://www.ebay.com/itm/332836163358?_trkparms=5373%3A5000006400%7C5374%3ATech%7C5079%3A5000006400,0.0,0.0
2026-05-13 17:20:44,"MSI Katana 15 HX B14WEK-001US 15.6"" Gaming Laptop i7-14650HX 5050 16GB 512GB",879.0,1299.0,Free shipping,https://www.ebay.com/itm/147280705540?_trkparms=5373%3A5000006400%7C5374%3ATech%7C5079%3A5000006400,420.0,32.33
2026-05-13 17:20:45,"Apple 11"" iPad A16 Chip 256GB, Wi-Fi Only, Silver MD4G4LL/A",318.99,459.99,Free shipping,https://www.ebay.com/itm/236190948290?_trkparms=5373%3A5000006400%7C5374%3ATech%7C5079%3A5000006400,141.0,30.65
2026-05-13 17:20:48,SONY WHCH720N/B Headphones,59.99,179.99,Free shipping,https://www.ebay.com/itm/314505929469?_trkparms=5373%3A5000006400%7C5374%3ATech%7C5079%3A5000006403,120.0,66.67
2026-05-13 17:20:50,SONY WHCH720N/B Headphones,59.99,179.99,Free shipping,https://www.ebay.com/itm/314505929469?_trkparms=5373%3A5000006400%7C5374%3ATech%7C5079%3A5000006413,120.0,66.67
2026-05-13 22:19:53,Apple iPhone 16 5G ATT 128GB Black MYAP3LL/A iOS Smartphone,435.0,799.0,Free shipping,https://www.ebay.com/itm/389908429949?_trkparms=5373%3A5000006400%7C5374%3ATech%7C5079%3A5000006423,364.0,45.56
2026-05-13 22:19:55,"Apple iPad Air 4th - 64GB 256GB, WiFi, Cellular Unlocked, Gray Silver Green Blue",219.85,599.0,Free shipping,https://www.ebay.com/itm/203918986435?_trkparms=5373%3A5000006400%7C5374%3ATech%7C5079%3A5000006415,379.15,63.3
2026-05-14 03:57:39,"Samsung Galaxy Tab S9 FE 10.9"" 128GB X518U Unlocked No S-Pen - Very Good",189.99,549.99,Free shipping,https://www.ebay.com/itm/256529551813?_trkparms=5373%3A5000006400%7C5374%3ATech%7C5079%3A5000006415,360.0,65.46
2026-05-14 11:19:18,Valve Steam Deck Handheld Console 256GB - Excellent Condition w/ Case + Charger,729.99,729.99,Free shipping,https://www.ebay.com/itm/285785804115?_trkparms=5373%3A5000006400%7C5374%3ATech%7C5079%3A5000006401,0.0,0.0
2026-05-14 17:04:56,"Apple iPad 11"" 11th Gen A16 Chip Wi-Fi Tablet 128GB Silver MD3Y4LL/A 2025 Model",299.99,349.0,Free shipping,https://www.ebay.com/itm/146500966559?_trkparms=5373%3A5000006400%7C5374%3ATech%7C5079%3A5000006400,49.00999999999999,14.04
2026-05-14 17:04:56,"AOC - 27"" Q27G40XMN Mini-LED Gaming Monitor QHD 180Hz 1ms 1000Nits HDR1000 AMD",169.99,219.99,Free shipping,https://www.ebay.com/itm/306493678186?_trkparms=5373%3A5000006400%7C5374%3ATech%7C5079%3A5000006400,50.0,22.73
2026-05-14 17:04:58,Apple iPhone 17  256GB  E -SIM  US Version - Unlocked -  Excellent,758.39,758.39,Free shipping,https://www.ebay.com/itm/168140460945?_trkparms=5373%3A5000006400%7C5374%3ATech%7C5079%3A5000006400,0.0,0.0
2026-05-14 17:04:58,HP OfficeJet Pro 8139e Wireless All-in-One Printer with 1 Full Year Instant Ink,179.99,279.99,Free shipping,https://www.ebay.com/itm/156391935231?_trkparms=5373%3A5000006400%7C5374%3ATech%7C5079%3A5000006400,100.0,35.72
2026-05-14 17:04:58,"Dell 16 Plus Laptop Ultra 7 256V 16GB RAM 1TB SSD 16"" 2.5K Non-touch Ice Blue",659.0,659.0,Free shipping,https://www.ebay.com/itm/227293705127?_trkparms=5373%3A5000006400%7C5374%3ATech%7C5079%3A5000006400,0.0,0.0
2026-05-14 17:05:01,"Apple 11"" iPad A16 Chip 256GB, Wi-Fi Only, Silver MD4G4LL/A",318.99,459.99,Free shipping,https://www.ebay.com/itm/236190948290?_trkparms=5373%3A5000006400%7C5374%3ATech%7C5079%3A5000006415,141.0,30.65
2026-05-14 17:05:02,JBL PartyBox Club 120 Portable Bluetooth Speaker with Lights & Mic Input - Black,265.0,265.0,Free shipping,https://www.ebay.com/itm/297978539747?_trkparms=5373%3A5000006400%7C5374%3ATech%7C5079%3A5000006403,0.0,0.0
2026-05-14 17:05:04,JBL PartyBox Club 120 Portable Bluetooth Speaker with Lights & Mic Input - Black,265.0,265.0,Free shipping,https://www.ebay.com/itm/297978539747?_trkparms=5373%3A5000006400%7C5374%3ATech%7C5079%3A5000006413,0.0,0.0
2026-05-15 04:01:52,"Apple iPhone 16e 256GB Unlocked 6.1"" (White) 4D0G4LL/A w/1 Year Warranty",479.3,699.0,Shipping info unavailable,https://www.ebay.com/itm/147301563421?_trkparms=5373%3A5000006400%7C5374%3ATech%7C5079%3A5000006400,219.7,31.43
2026-05-15 04:01:52,"Apple iPhone 16e 512GB Unlocked 6.1"" (White) 4D0Q4LL/A w/1 Year Warranty",572.5,899.0,Shipping info unavailable,https://www.ebay.com/itm/358534435991?_trkparms=5373%3A5000006400%7C5374%3ATech%7C5079%3A5000006400,326.5,36.32
2026-05-15 04:01:52,"Apple iPhone 16e 256GB Unlocked 6.1"" (Black) 4D0F4LL/A w/1 Year Warranty",483.11,699.0,Shipping info unavailable,https://www.ebay.com/itm/358534419768?_trkparms=5373%3A5000006400%7C5374%3ATech%7C5079%3A5000006400,215.89,30.89
2026-05-15 04:01:52,"Apple iPhone 16e 512GB Unlocked 6.1"" (Black) 4D0J4LL/A w/1 Year Warranty",572.5,899.0,Shipping info unavailable,https://www.ebay.com/itm/147301564438?_trkparms=5373%3A5000006400%7C5374%3ATech%7C5079%3A5000006400,326.5,36.32
2026-05-15 04:01:52,"Apple iPhone 13 6.1"" Unlocked 128GB (Starlight) A2482 - w/1 Year Warranty",284.35,799.0,Shipping info unavailable,https://www.ebay.com/itm/376116203546?_trkparms=5373%3A5000006400%7C5374%3ATech%7C5079%3A5000006400,514.65,64.41
2026-05-15 04:01:52,Apple Watch Series 11 Cellular 46mm Aluminum 90%+ w/Black Band (Gray) - Warranty,341.41,529.0,Shipping info unavailable,https://www.ebay.com/itm/147262030752?_trkparms=5373%3A5000006400%7C5374%3ATech%7C5079%3A5000006400,187.58999999999997,35.46
2026-05-15 04:01:52,"2022 Apple M2 MacBook Air 13.6"" 8GB/256GB SSD (Starlight) A2681 - w/Warranty",573.5,1199.0,Shipping info unavailable,https://www.ebay.com/itm/377131419551?_trkparms=5373%3A5000006400%7C5374%3ATech%7C5079%3A5000006400,625.5,52.17
2026-05-15 04:01:53,"2019 Apple MacBook Pro 16"" i9 2.30GHz/16GB/1TB - (Space Gray) A2141 w/Warranty",390.13,2799.0,Shipping info unavailable,https://www.ebay.com/itm/358395178099?_trkparms=5373%3A5000006400%7C5374%3ATech%7C5079%3A5000006400,2408.87,86.06
2026-05-15 04:01:53,"2019 Apple iPad 7 32GB WiFi/Cellular 90%+ Battery 10.2"" (Gold) A2198 w/Warranty",172.25,459.0,Shipping info unavailable,https://www.ebay.com/itm/147301500892?_trkparms=5373%3A5000006400%7C5374%3ATech%7C5079%3A5000006400,286.75,62.47
2026-05-15 04:01:53,"2019 Apple iPad Air 3 90%+ 256GB Cellular 10.5"" (Silver) A2123 w/1 Year Warranty",235.57,779.0,Shipping info unavailable,https://www.ebay.com/itm/147306024473?_trkparms=5373%3A5000006400%7C5374%3ATech%7C5079%3A5000006400,543.4300000000001,69.76
2026-05-15 04:01:53,"2025 Apple M3 iPad Air 7 13"" 1TB WiFi Only (Starlight) 4CQ24LL/A w/Warranty",1103.35,1299.0,Shipping info unavailable,https://www.ebay.com/itm/147299132308?_trkparms=5373%3A5000006400%7C5374%3ATech%7C5079%3A5000006400,195.6500000000001,15.06
2026-05-15 04:01:54,"2024 Apple 90%+ M3 MacBook Air 13.6"" 16GB/256GB SSD (Starlight) A3113 w/Warranty",787.71,1199.0,Shipping info unavailable,https://www.ebay.com/itm/377145496302?_trkparms=5373%3A5000006400%7C5374%3ATech%7C5079%3A5000006400,411.28999999999996,34.3
2026-05-15 04:01:54,"Microsoft Surface Laptop Go 12"" Touch i5 1.00GHz/8GB/128GB (Platinum) w/Warranty",206.7,700.0,Shipping info unavailable,https://www.ebay.com/itm/147272569638?_trkparms=5373%3A5000006400%7C5374%3ATech%7C5079%3A5000006400,493.3,70.47
2026-05-15 04:01:54,"2020 Apple M1 MacBook Air 13"" 90%+ Battery 8GB/128GB SSD (Gray) A2337 w/Warranty",415.27,899.0,Shipping info unavailable,https://www.ebay.com/itm/376536206861?_trkparms=5373%3A5000006400%7C5374%3ATech%7C5079%3A5000006400,483.73,53.81
2026-05-15 04:01:54,"2025 Apple M3 iPad Air 7 512GB WiFi/Cellular 11"" (Blue) 4CG54LL/A w/Warranty",660.15,1049.0,Shipping info unavailable,https://www.ebay.com/itm/146929940887?_trkparms=5373%3A5000006400%7C5374%3ATech%7C5079%3A5000006400,388.85,37.07
2026-05-15 04:01:54,"2019 Apple iPad Air 3 256GB Cellular 10.5"" (Gold) A2123 - w/1 Year Warranty",206.7,779.0,Shipping info unavailable,https://www.ebay.com/itm/358545251212?_trkparms=5373%3A5000006400%7C5374%3ATech%7C5079%3A5000006400,572.3,73.47
2026-05-15 04:01:54,"2021 Apple M1 Pro MacBook Pro 16.2"" 16GB/512GB SSD (Space Gray) A2485 w/Warranty",702.98,2499.0,Shipping info unavailable,https://www.ebay.com/itm/376398185814?_trkparms=5373%3A5000006400%7C5374%3ATech%7C5079%3A5000006400,1796.02,71.87
2026-05-15 04:01:55,Apple Watch Series 7 45mm GPS/Cellular Steel (Graphite) w/Blue Band w/Warranty,173.08,779.0,Shipping info unavailable,https://www.ebay.com/itm/377116491934?_trkparms=5373%3A5000006400%7C5374%3ATech%7C5079%3A5000006400,605.92,77.78
2026-05-15 04:01:55,"2022 Apple iPad 10 256GB Unlocked 10.9"" - (Silver) A2757 w/1 Year Warranty",307.26,749.0,Shipping info unavailable,https://www.ebay.com/itm/377150318988?_trkparms=5373%3A5000006400%7C5374%3ATech%7C5079%3A5000006400,441.74,58.98
2026-05-15 04:01:55,Apple iPhone 15 Plus 128GB Unlocked 90%+ Battery (Black) A2847 w/Warranty,483.11,899.0,Shipping info unavailable,https://www.ebay.com/itm/147310683753?_trkparms=5373%3A5000006400%7C5374%3ATech%7C5079%3A5000006400,415.89,46.26
2026-05-15 08:57:11,"HP DeskJet 4258e All-in-One Printer 4800dpi White, Dual-band Wi-Fi - 60K45A-1H3",47.99,139.99,Free shipping,https://www.ebay.com/itm/366392427085?_trkparms=5373%3A5000006400%7C5374%3ATech%7C5079%3A5000006417,92.0,65.72
2026-05-15 16:54:54,"Refurbished Ray-Ban Meta Wayfarer (Gen 1), Shiny Warm Stone Transparent / Waterm",227.0,303.0,Free shipping,https://www.ebay.com/itm/405952284372?_trkparms=5373%3A5000006400%7C5374%3ATech%7C5079%3A5000006400,76.0,25.08
2026-05-15 16:54:55,vSeeBox V6 Plus 8K UHD Streaming Media Player WiFi HDMI Black,277.78,277.78,Free shipping,https://www.ebay.com/itm/298267235109?_trkparms=5373%3A5000006400%7C5374%3ATech%7C5079%3A5000006400,0.0,0.0
2026-05-15 16:54:55,1TB SanDisk Extreme PRO Portable SSD V2 (Recertified) - A196-SDSSDE81-1T00,169.99,169.99,Free shipping,https://www.ebay.com/itm/287238440373?_trkparms=5373%3A5000006400%7C5374%3ATech%7C5079%3A5000006400,0.0,0.0
2026-05-15 16:54:55,Apple iPhone 17  256GB  E -SIM  US Version - Unlocked -  Excellent,758.39,758.39,Free shipping,https://www.ebay.com/itm/168140460945?_trkparms=5373%3A5000006400%7C5374%3ATech%7C5079%3A5000006423,0.0,0.0
2026-05-15 19:47:20,Apple iPhone 12 Mini 64GB - Fully Unlocked - EXCELLENT Condition,168.0,499.99,Shipping info unavailable,https://www.ebay.com/itm/226779471144?_trkparms=5373%3A5000006400%7C5374%3ATech%7C5079%3A5000006400,331.99,66.4
2026-05-15 19:47:22,Apple iPhone 15 Pro A2848 256GB Unlocked - Very Good Condition,537.42,537.42,Free shipping,https://www.ebay.com/itm/356227813818?_trkparms=5373%3A5000006400%7C5374%3ATech%7C5079%3A5000006423,0.0,0.0
2026-05-15 19:47:25,"Lot of 5 Western Digital Black PC Hard Drive 500GB 2.5"" SATA III WD5000LPLX",92.81,169.0,Free shipping,https://www.ebay.com/itm/117158478258?_trkparms=5373%3A5000006400%7C5374%3ATech%7C5079%3A5000006421,76.19,45.08
2026-05-15 22:03:30,"2020 Apple MacBook Pro 13"" i7 2.3GHz/16GB/1TB - (Space Gray) A2251 w/Warranty",390.13,2199.0,Shipping info unavailable,https://www.ebay.com/itm/146893827211?_trkparms=5373%3A5000006400%7C5374%3ATech%7C5079%3A5000006400,1808.87,82.26
2026-05-16 03:42:47,"Apple iPhone 13, 128GB, - Unlocked  100% Functional and Tested - Excellent",274.99,799.0,Shipping info unavailable,https://www.ebay.com/itm/406809569684?_trkparms=5373%3A5000006400%7C5374%3ATech%7C5079%3A5000006400,524.01,65.58
2026-05-16 03:42:47,"Apple iPhone 14 128GB 6.1"" 5G Fully Unlocked. US Version - Good",274.99,799.0,Shipping info unavailable,https://www.ebay.com/itm/406494006620?_trkparms=5373%3A5000006400%7C5374%3ATech%7C5079%3A5000006400,524.01,65.58
2026-05-16 03:42:48,"Apple iPhone 14 128GB 6.1"" 5G Fully Unlocked. US Version - VERY GOOD",284.99,799.0,Shipping info unavailable,https://www.ebay.com/itm/406491105646?_trkparms=5373%3A5000006400%7C5374%3ATech%7C5079%3A5000006400,514.01,64.33
2026-05-16 03:42:48,"Apple iPhone 14 128GB 6.1"" Fully Unlocked - 100% Functional - Good",252.99,799.0,Shipping info unavailable,https://www.ebay.com/itm/406913341361?_trkparms=5373%3A5000006400%7C5374%3ATech%7C5079%3A5000006400,546.01,68.34
2026-05-16 03:42:48,"Apple iPhone 14 128GB 6.1"" Fully Unlocked - 100% Functional - Very Good",262.99,799.0,Shipping info unavailable,https://www.ebay.com/itm/406913341249?_trkparms=5373%3A5000006400%7C5374%3ATech%7C5079%3A5000006400,536.01,67.09
2026-05-16 03:42:48,"Apple iPhone 16 Pro Max, 1TB, Titanium US Version - e-Sim - Unlocked - Good",839.99,1599.0,Shipping info unavailable,https://www.ebay.com/itm/406815338690?_trkparms=5373%3A5000006400%7C5374%3ATech%7C5079%3A5000006400,759.01,47.47
2026-05-16 03:42:48,"Apple iPhone 16 Pro Max, 1TB, Titanium US Version - e-Sim - Unlocked - Very Good",859.99,1599.0,Shipping info unavailable,https://www.ebay.com/itm/406815335310?_trkparms=5373%3A5000006400%7C5374%3ATech%7C5079%3A5000006400,739.01,46.22
2026-05-16 03:42:48,Apple AirPods with Lightning Charging Case (3rd Generation) - Good,75.0,599.0,Shipping info unavailable,https://www.ebay.com/itm/406848251868?_trkparms=5373%3A5000006400%7C5374%3ATech%7C5079%3A5000006400,524.0,87.48
2026-05-16 03:42:48,"Apple iPhone 17 Pro Max 256GB 6.9"", US Version - Fully Unlocked - Very Good",1199.99,1299.0,Shipping info unavailable,https://www.ebay.com/itm/406908802320?_trkparms=5373%3A5000006400%7C5374%3ATech%7C5079%3A5000006400,99.00999999999999,7.62
2026-05-16 03:42:49,Apple Watch SE (2nd Gen) GPS + Cellular 40mm Aluminum Case Sport Band -Very good,111.99,299.0,Shipping info unavailable,https://www.ebay.com/itm/406811899132?_trkparms=5373%3A5000006400%7C5374%3ATech%7C5079%3A5000006400,187.01,62.55
2026-05-16 03:42:49,"Apple Watch Series 10 [GPS + Cellular, 42mm] Aluminum Case Sport Band Excellent",249.99,499.0,Shipping info unavailable,https://www.ebay.com/itm/406795057411?_trkparms=5373%3A5000006400%7C5374%3ATech%7C5079%3A5000006400,249.01,49.9
2026-05-16 03:42:49,Apple Watch Series 10 [GPS + Cellular 42mm] - Aluminum Case - Very Good,219.99,499.0,Shipping info unavailable,https://www.ebay.com/itm/406893017822?_trkparms=5373%3A5000006400%7C5374%3ATech%7C5079%3A5000006400,279.01,55.91
2026-05-16 03:42:49,Apple Watch Series 10 [GPS + Cellular 46mm] - Aluminum Case - Very Good,229.99,529.0,Shipping info unavailable,https://www.ebay.com/itm/406895371835?_trkparms=5373%3A5000006400%7C5374%3ATech%7C5079%3A5000006400,299.01,56.52
2026-05-16 03:42:49,"Apple Watch Series 10 [GPS + Cellular, 42mm] Aluminum Case Sport Band - Good",214.99,499.0,Shipping info unavailable,https://www.ebay.com/itm/406893017127?_trkparms=5373%3A5000006400%7C5374%3ATech%7C5079%3A5000006400,284.01,56.92
2026-05-16 03:42:49,"Apple Watch Series 10 GPS + Cellular, 46mm - Aluminum Case with Sport Band. Good",219.99,529.0,Shipping info unavailable,https://www.ebay.com/itm/406893018051?_trkparms=5373%3A5000006400%7C5374%3ATech%7C5079%3A5000006400,309.01,58.41
2026-05-16 03:42:50,Apple Series 11 Smart Watch (GPS + Cellular) 42mm Aluminium Sport Band Excellent,299.99,499.0,Shipping info unavailable,https://www.ebay.com/itm/406795060555?_trkparms=5373%3A5000006400%7C5374%3ATech%7C5079%3A5000006400,199.01,39.88
2026-05-16 03:42:50,Apple Watch Series 8 [GPS 45mm] - Aluminum Case Sport Band. Very Good,139.99,429.0,Shipping info unavailable,https://www.ebay.com/itm/406784903556?_trkparms=5373%3A5000006400%7C5374%3ATech%7C5079%3A5000006400,289.01,67.37
2026-05-16 03:42:50,Apple Watch Series 9 [GPS 45mm] Aluminum Case with Sport Band Very Good,177.99,429.0,Shipping info unavailable,https://www.ebay.com/itm/406794768574?_trkparms=5373%3A5000006400%7C5374%3ATech%7C5079%3A5000006400,251.01,58.51
2026-05-16 03:42:50,Apple Watch Series 9 [GPS 45mm] Aluminum Case with Sport Band. Good,167.99,429.0,Shipping info unavailable,https://www.ebay.com/itm/406794768639?_trkparms=5373%3A5000006400%7C5374%3ATech%7C5079%3A5000006400,261.01,60.84
2026-05-16 03:42:50,Apple Watch Ultra GPS & Cellular Unlocked 49mm Titanium - US Version . Excellent,289.99,799.0,Shipping info unavailable,https://www.ebay.com/itm/406318312547?_trkparms=5373%3A5000006400%7C5374%3ATech%7C5079%3A5000006400,509.01,63.71
2026-05-16 03:42:50,Apple Watch Ultra 2nd Gen GPS + Cellular Unlocked 49mm Titanium Black. Excellent,399.99,799.0,Shipping info unavailable,https://www.ebay.com/itm/406423322128?_trkparms=5373%3A5000006400%7C5374%3ATech%7C5079%3A5000006400,399.01,49.94
2026-05-16 03:42:50,Apple Watch Ultra 2 GPS + Cellular 49mm Titanium Case with Ocean Band,389.99,799.0,Shipping info unavailable,https://www.ebay.com/itm/406422863934?_trkparms=5373%3A5000006400%7C5374%3ATech%7C5079%3A5000006400,409.01,51.19
2026-05-16 03:42:50,Apple Watch Ultra 3rd Gen 49MM GPS & Cellular Black Titanium Case - Excellent,579.99,799.0,Shipping info unavailable,https://www.ebay.com/itm/406455512065?_trkparms=5373%3A5000006400%7C5374%3ATech%7C5079%3A5000006400,219.01,27.41
2026-05-16 03:42:50,"Google Pixel 8 128GB 6.3"" 5G - Fully Unlocked - US version - Excellent",247.99,699.0,Shipping info unavailable,https://www.ebay.com/itm/406663067291?_trkparms=5373%3A5000006400%7C5374%3ATech%7C5079%3A5000006400,451.01,64.52
2026-05-16 03:42:50,"Google Pixel 9 Pro 256GB 6.3"" 5G Fully Unlocked - Excellent - LCD Shadow",371.99,999.0,Shipping info unavailable,https://www.ebay.com/itm/406685045390?_trkparms=5373%3A5000006400%7C5374%3ATech%7C5079%3A5000006400,627.01,62.76
2026-05-16 03:42:51,"Google Pixel 9 Pro XL 256GB 6.8"" 5G Fully Unlocked. Excellent - Has LCD Burn",419.99,1099.0,Shipping info unavailable,https://www.ebay.com/itm/406712646965?_trkparms=5373%3A5000006400%7C5374%3ATech%7C5079%3A5000006400,679.01,61.78
2026-05-16 08:11:56,"Apple TV 4K 3rd Gen. 64GB Media Streamer - Black, Wi-Fi MN873LL/A - Very Good",109.95,109.95,Free shipping,https://www.ebay.com/itm/286829353298?_trkparms=5373%3A5000006400%7C5374%3ATech%7C5079%3A5000006409,0.0,0.0
2026-05-16 08:11:57,Audio-Technica Open-Back Wired Gaming Headset - White,115.0,139.0,Free shipping,https://www.ebay.com/itm/188029897830?_trkparms=5373%3A5000006400%7C5374%3ATech%7C5079%3A5000006401,24.0,17.27
2026-05-16 08:11:59,Canon PIXMA TS6420a Wireless Inkjet All-In-One Color Printer Home (Black),62.99,299.0,Free shipping,https://www.ebay.com/itm/377074194469?_trkparms=5373%3A5000006400%7C5374%3ATech%7C5079%3A5000006417,236.01,78.93
2026-05-16 08:11:59,Kicker 46CXA800.1 800 Watts Class-D Mono Car Subwoofer Amplifier,211.0,299.99,Free shipping,https://www.ebay.com/itm/167420959538?_trkparms=5373%3A5000006400%7C5374%3ATech%7C5079%3A5000006432,88.99000000000001,29.66
2026-05-16 08:11:59,Pioneer TS-D68F D Series 6 x 8 2-Way Car Speakers,83.62,119.99,Free shipping,https://www.ebay.com/itm/156883202523?_trkparms=5373%3A5000006400%7C5374%3ATech%7C5079%3A5000006432,36.36999999999999,30.31
2026-05-16 08:11:59,Pioneer TS-D68F D Series 6 x 8 2-Way Car Speakers,84.42,119.99,Free shipping,https://www.ebay.com/itm/156883202526?_trkparms=5373%3A5000006400%7C5374%3ATech%7C5079%3A5000006432,35.56999999999999,29.64
2026-05-16 08:12:00,"DS18 PRO-X6M 6.5"" Midrange Car Loudspeaker - 1 Speaker",31.54,45.95,Free shipping,https://www.ebay.com/itm/154661182129?_trkparms=5373%3A5000006400%7C5374%3ATech%7C5079%3A5000006432,14.410000000000004,31.36
2026-05-16 08:12:00,Apple Pencil for iPad (2nd generation) A2051 Bluetooth -White - Excellent,84.99,129.0,Free shipping,https://www.ebay.com/itm/406253377487?_trkparms=5373%3A5000006400%7C5374%3ATech%7C5079%3A5000006427,44.010000000000005,34.12
2026-05-16 13:46:34,Motorola Edge+ 256GB 5G UW Thunder Gray for Verizon + Unlocked - Excellent,161.99,999.0,Shipping info unavailable,https://www.ebay.com/itm/406685043432?_trkparms=5373%3A5000006400%7C5374%3ATech%7C5079%3A5000006400,837.01,83.78
2026-05-16 16:02:48,Apple Watch Ultra 3rd Gen 49MM GPS & Cellular Natural Titanium Case - Excellent,579.99,799.0,Shipping info unavailable,https://www.ebay.com/itm/406455638752?_trkparms=5373%3A5000006400%7C5374%3ATech%7C5079%3A5000006400,219.01,27.41
2026-05-16 19:14:52,"Apple iPhone 13 128GB 6.1"" Fully Unlocked - US Version - Good",257.99,799.0,Shipping info unavailable,https://www.ebay.com/itm/406895208481?_trkparms=5373%3A5000006400%7C5374%3ATech%7C5079%3A5000006400,541.01,67.71
2026-05-16 19:14:53,"Apple iPhone 13, 128GB, - Unlocked 100% Functional and Tested - Very Good",264.99,799.0,Shipping info unavailable,https://www.ebay.com/itm/406895208447?_trkparms=5373%3A5000006400%7C5374%3ATech%7C5079%3A5000006400,534.01,66.83
2026-05-18 10:17:49,"iPhone, Watch & AirPods MagSafe 3-in-1 Charging Stand | Apple Certified | Belkin",60.0,149.99,Free shipping,https://www.ebay.com/itm/127462399885?_trkparms=5373%3A5000006400%7C5374%3ATech%7C5079%3A5000006411,89.99000000000001,60.0
2026-05-18 15:47:23,ECO-WORTHY 12V 280Ah 3584Wh Bluetooth Metal Case LiFePO4 Lithium Battery For RV,499.99,499.99,Free shipping,https://www.ebay.com/itm/127602999777?_trkparms=5373%3A5000006400%7C5374%3ATech%7C5079%3A5000006400,0.0,0.0
2026-05-18 15:47:24,ECO-WORTHY 2560Wh 48V 50Ah Metal Case Lithium Battery 4000+ Cycles Golf Cart,399.99,399.99,Free shipping,https://www.ebay.com/itm/127728017276?_trkparms=5373%3A5000006400%7C5374%3ATech%7C5079%3A5000006400,0.0,0.0
2026-05-18 15:47:24,48V 100Ah Lithium  LiFePO4 Golf Cart Battery with 48V 18A Charger Trolling Motor,1049.99,1049.99,Free shipping,https://www.ebay.com/itm/145965076801?_trkparms=5373%3A5000006400%7C5374%3ATech%7C5079%3A5000006400,0.0,0.0
2026-05-18 15:47:24,LiTime 36V 100Ah Bluetooth LiFePO4 Lithium Battery for Golf Cart Trolling Motor,859.99,859.99,Free shipping,https://www.ebay.com/itm/358084699791?_trkparms=5373%3A5000006400%7C5374%3ATech%7C5079%3A5000006400,0.0,0.0
2026-05-18 15:47:24,Canon EOS 2000D / Rebel T7 18-55mm + 75-300mm + 500mm 30 Piece Accessory Bundle,684.2,899.0,Free shipping,https://www.ebay.com/itm/114138099136?_trkparms=5373%3A5000006400%7C5374%3ATech%7C5079%3A5000006400,214.79999999999995,23.89
2026-05-18 15:47:24,"2026 HP Laptop Computer 17.3"" 10-Core Intel i5 Up to 64GB RAM 2TB SSD Pro Office",529.0,529.0,Free shipping,https://www.ebay.com/itm/116990866341?_trkparms=5373%3A5000006400%7C5374%3ATech%7C5079%3A5000006400,0.0,0.0
2026-05-18 15:47:24,2026 Lenovo IdeaPad Laptop 15.6 Touch 10-Core Intel i5 Upto 40GB RAM 2TB SSD Pro,559.0,559.0,Free shipping,https://www.ebay.com/itm/117006182680?_trkparms=5373%3A5000006400%7C5374%3ATech%7C5079%3A5000006400,0.0,0.0
2026-05-18 15:47:24,"2026 HP Victus Gaming Laptop 15.6"" 144Hz Intel i5 RTX 3050 Upto 64GB RAM 2TB SSD",749.0,749.0,Free shipping,https://www.ebay.com/itm/117017547855?_trkparms=5373%3A5000006400%7C5374%3ATech%7C5079%3A5000006400,0.0,0.0
2026-05-18 15:47:25,2026 HP Laptop Computer 14 Office 2024 Intel CPU 8GB RAM & 628GB Storage Win Pro,289.0,589.0,Free shipping,https://www.ebay.com/itm/127639412496?_trkparms=5373%3A5000006400%7C5374%3ATech%7C5079%3A5000006400,300.0,50.93
2026-05-18 15:47:25,"2026 ASUS Vivobook Laptop 16"" Intel i7-1355U, Up to 40GB RAM 2TB SSD Office 2024",599.0,599.0,Free shipping,https://www.ebay.com/itm/127663582928?_trkparms=5373%3A5000006400%7C5374%3ATech%7C5079%3A5000006400,0.0,0.0
2026-05-18 15:47:25,"2026 Dell Inspiron 15 Touch Laptop 10-Core Intel i7, Up to 64GB RAM 2TB SSD Pro",579.0,579.0,Free shipping,https://www.ebay.com/itm/127663748521?_trkparms=5373%3A5000006400%7C5374%3ATech%7C5079%3A5000006400,0.0,0.0
2026-05-18 15:47:25,"NEW HP Laptop Computer 15.6"" Quad-Core Intel Pentium Up to 32GB RAM 1TB SSD Pro",349.0,349.0,Free shipping,https://www.ebay.com/itm/127755433900?_trkparms=5373%3A5000006400%7C5374%3ATech%7C5079%3A5000006400,0.0,0.0
2026-05-18 15:47:25,"Lenovo ThinkPad P14s Gen 5 14.5"" Laptop - Ultra 7 155H / 32GB / 512 GB / W11 Pro",1329.0,1329.0,Free shipping,https://www.ebay.com/itm/136968941006?_trkparms=5373%3A5000006400%7C5374%3ATech%7C5079%3A5000006400,0.0,0.0
2026-05-18 15:47:25,"2026 ASUS Vivobook 14"" FHD Laptop, 6-Core Intel i3 Up to 40GB RAM 2TB SSD WinPro",369.0,369.0,Free shipping,https://www.ebay.com/itm/147092544833?_trkparms=5373%3A5000006400%7C5374%3ATech%7C5079%3A5000006400,0.0,0.0
2026-05-18 15:47:25,2026 Dell Inspiron 15.6 Laptop FHD Touch 8-Core Ryzen 7 Max 64GB RAM 2TB SSD Pro,489.0,489.0,Free shipping,https://www.ebay.com/itm/147134745327?_trkparms=5373%3A5000006400%7C5374%3ATech%7C5079%3A5000006400,0.0,0.0
2026-05-18 15:47:26,iPhone 15 128GB 256GB 512GB Verizon AT&T T-Mobile Unlocked (Excellent),389.99,1500.0,Free shipping,https://www.ebay.com/itm/286910067879?_trkparms=5373%3A5000006400%7C5374%3ATech%7C5079%3A5000006423,1110.01,74.0
2026-05-18 15:47:26,Apple iPhone 13 128GB 256GB 512GB Verizon AT&T T-Mobile Unlocked (Good),237.99,829.0,Free shipping,https://www.ebay.com/itm/286910053729?_trkparms=5373%3A5000006400%7C5374%3ATech%7C5079%3A5000006423,591.01,71.29
2026-05-18 15:47:26,"Acer Aspire 15 15.6"" Ryzen 5 7520U 7000 Series 8GB 512GB SSD Radeon Win11 Refurb",333.99,449.99,Free shipping,https://www.ebay.com/itm/267508897387?_trkparms=5373%3A5000006400%7C5374%3ATech%7C5079%3A5000006407,116.0,25.78
2026-05-18 15:47:26,"Acer Aspire 14 AI 14"" Laptop Core Ultra 7 256V ARC 140V 16GB RAM 1TB Refurb",557.99,898.99,Free shipping,https://www.ebay.com/itm/267384539382?_trkparms=5373%3A5000006400%7C5374%3ATech%7C5079%3A5000006407,341.0,37.93
2026-05-18 15:47:27,NEBULA Capsule 3 GTV Portable Projector 1080P Netflix Officially Licensed|Refurb,287.49,499.99,Free shipping,https://www.ebay.com/itm/387152979166?_trkparms=5373%3A5000006400%7C5374%3ATech%7C5079%3A5000006409,212.5,42.5
2026-05-18 15:47:27,DJI Air 3S Fly More Combo (RC-N3) (Certified Refurbished),1299.0,1299.0,Free shipping,https://www.ebay.com/itm/306788557906?_trkparms=5373%3A5000006400%7C5374%3ATech%7C5079%3A5000006430,0.0,0.0
2026-05-18 15:47:28,"Lenovo Legion Go 2 Handheld Gaming PC AMD Ryzen Z2 32GB RAM 1TB SSD 8.8"" OLED",1299.0,1299.0,Free shipping,https://www.ebay.com/itm/236631062029?_trkparms=5373%3A5000006400%7C5374%3ATech%7C5079%3A5000006401,0.0,0.0
2026-05-18 15:47:28,OEM HP Active Stylus Pen for Sprout Pro G2 Windows & Intel Based Convertible PCs,8.99,10.34,Free shipping,https://www.ebay.com/itm/306919126956?_trkparms=5373%3A5000006400%7C5374%3ATech%7C5079%3A5000006401,1.3499999999999996,13.06
2026-05-18 15:47:28,"Apple iPad 6th Gen 9.7"" 32GB 128GB Silver Gray WiFi or Cellular Unlocked Good",87.99,559.0,Free shipping,https://www.ebay.com/itm/154843103473?_trkparms=5373%3A5000006400%7C5374%3ATech%7C5079%3A5000006415,471.01,84.26
2026-05-18 15:47:28,"Apple iPad Air 11"" M4 Chip WiFi Tablet 128GB Space Gray MH304LL/A 2026 Model",549.0,599.0,Free shipping,https://www.ebay.com/itm/147238498414?_trkparms=5373%3A5000006400%7C5374%3ATech%7C5079%3A5000006415,50.0,8.35
2026-05-18 15:47:29,EcoFlow Rapid Power Bank 25000mAh 100W Built-in & Retractable Cables Compatible,112.49,159.0,Free shipping,https://www.ebay.com/itm/146813882431?_trkparms=5373%3A5000006400%7C5374%3ATech%7C5079%3A5000006419,46.510000000000005,29.25
2026-05-18 15:47:29,NEW Sandisk Pro-G40 4TB External SSD,719.99,845.24,Free shipping,https://www.ebay.com/itm/306911159938?_trkparms=5373%3A5000006400%7C5374%3ATech%7C5079%3A5000006421,125.25,14.82
2026-05-18 15:47:30,"Canon PIXMA TS8820 Wireless Printer, Best for Home Photo Printing, Copy and",249.0,385.99,Free shipping,https://www.ebay.com/itm/198064919056?_trkparms=5373%3A5000006400%7C5374%3ATech%7C5079%3A5000006417,136.99,35.49
2026-05-18 15:47:30,Rockville RockerBT Rocker Switch Bluetooth Controller+Aux For RZR/ATV/UTV/Cart,49.95,99.99,Free shipping,https://www.ebay.com/itm/306534797620?_trkparms=5373%3A5000006400%7C5374%3ATech%7C5079%3A5000006432,50.03999999999999,50.05
2026-05-18 15:47:30,"Rockville SS10P 10"" 800w Slim Under-Seat Active Powered Car/Truck Subwoofer Sub",139.95,279.99,Free shipping,https://www.ebay.com/itm/394440565973?_trkparms=5373%3A5000006400%7C5374%3ATech%7C5079%3A5000006432,140.04000000000002,50.02
2026-05-18 15:47:30,Panasonic Leica DG Vario-Elmarit 12-60mm f/2.8-4 ASPH. POWER O.I.S. - SHIPS FREE,685.99,788.89,Free shipping,https://www.ebay.com/itm/298253983153?_trkparms=5373%3A5000006400%7C5374%3ATech%7C5079%3A5000006425,102.89999999999998,13.04
2026-05-18 15:47:31,Dell Dock wd22tb4 with 180w AC adapter N6DW7,211.99,248.39,Free shipping,https://www.ebay.com/itm/306898990965?_trkparms=5373%3A5000006400%7C5374%3ATech%7C5079%3A5000006427,36.39999999999998,14.65
2026-05-18 15:47:31,iPhone 15 128GB 256GB 512GB Verizon AT&T T-Mobile Unlocked (Excellent),389.99,1500.0,Free shipping,https://www.ebay.com/itm/286910067879?_trkparms=5373%3A5000006400%7C5374%3ATech%7C5079%3A5000006411,1110.01,74.0
2026-05-18 15:47:31,Apple iPhone 13 128GB 256GB 512GB Verizon AT&T T-Mobile Unlocked (Good),237.99,829.0,Free shipping,https://www.ebay.com/itm/286910053729?_trkparms=5373%3A5000006400%7C5374%3ATech%7C5079%3A5000006411,591.01,71.29
2026-05-18 15:47:31,EcoFlow 300W 27650mAh Rapid Pro Power Bank 4-Port Portable Charger 99.54Wh,237.49,359.0,Free shipping,https://www.ebay.com/itm/146800456923?_trkparms=5373%3A5000006400%7C5374%3ATech%7C5079%3A5000006411,121.50999999999999,33.85
2026-05-18 19:53:06,Apple AirPods Pro 3 (3rd Generation) Wireless Earbuds Type C - Excellent,199.99,199.99,Free shipping,https://www.ebay.com/itm/168187160154?_trkparms=5373%3A5000006400%7C5374%3ATech%7C5079%3A5000006400,0.0,0.0
2026-05-18 19:53:07,Samsung Galaxy Z Fold5 256GB F946U Unlocked - Good,434.99,434.99,Free shipping,https://www.ebay.com/itm/256480759941?_trkparms=5373%3A5000006400%7C5374%3ATech%7C5079%3A5000006400,0.0,0.0
2026-05-18 19:53:07,eufy SoloCam E42 HD 4K Solar Wireless Security Camera Outdoor Strobe Light AI,455.99,599.99,Shipping info unavailable,https://www.ebay.com/itm/389359596398?_trkparms=5373%3A5000006400%7C5374%3ATech%7C5079%3A5000006400,144.0,24.0
2026-05-18 19:53:07,Apple iPhone 14 Pro Max 256GB Unlocked Open Box All Colors,721.24,721.24,Free shipping,https://www.ebay.com/itm/127773194534?_trkparms=5373%3A5000006400%7C5374%3ATech%7C5079%3A5000006400,0.0,0.0
2026-05-18 19:53:07,eufy Floodlight Camera E340 Security Camera 3K Dual Camera Color Night Vision,161.49,219.99,Shipping info unavailable,https://www.ebay.com/itm/385745478793?_trkparms=5373%3A5000006400%7C5374%3ATech%7C5079%3A5000006400,58.5,26.59
2026-05-18 19:53:07,eufy PoE NVR Security System S4 Max 8CH 16MP Triple Lens Camera 360°PTZ |Refurb,1139.99,1499.99,Shipping info unavailable,https://www.ebay.com/itm/389725523578?_trkparms=5373%3A5000006400%7C5374%3ATech%7C5079%3A5000006400,360.0,24.0
2026-05-18 19:53:07,iPhone 15 128GB 256GB 512GB Verizon AT&T T-Mobile Unlocked (Excellent),389.99,389.99,Free shipping,https://www.ebay.com/itm/286910067879?_trkparms=5373%3A5000006400%7C5374%3ATech%7C5079%3A5000006400,0.0,0.0
2026-05-18 19:53:08,Apple iPhone 13 128GB 256GB 512GB Verizon AT&T T-Mobile Unlocked (Good),237.99,237.99,Free shipping,https://www.ebay.com/itm/286910053729?_trkparms=5373%3A5000006400%7C5374%3ATech%7C5079%3A5000006400,0.0,0.0
2026-05-18 19:53:08,eufy eufyCam S3 Pro Solar Camera Security System 4K MaxColor Night Vision|Refurb,499.99,799.99,Shipping info unavailable,https://www.ebay.com/itm/386101890033?_trkparms=5373%3A5000006400%7C5374%3ATech%7C5079%3A5000006400,300.0,37.5
2026-05-18 19:53:08,"Go + Play, Portable Bluetooth Speaker",131.99,131.99,Free shipping,https://www.ebay.com/itm/206186631543?_trkparms=5373%3A5000006400%7C5374%3ATech%7C5079%3A5000006400,0.0,0.0
2026-05-18 19:53:08,Google Pixel 10 Pro -  128GB Gemini AI Assistant Obsidian Unlocked - Excellent,531.99,531.99,Free shipping,https://www.ebay.com/itm/168368021856?_trkparms=5373%3A5000006400%7C5374%3ATech%7C5079%3A5000006400,0.0,0.0
2026-05-18 19:53:08,"Lenovo ThinkPad GEN 2 AMD Ryzen 7 PRO 14"" Gaming Laptop 16GB RAM 512GB SSD W11P",399.99,399.99,Free shipping,https://www.ebay.com/itm/336430108178?_trkparms=5373%3A5000006400%7C5374%3ATech%7C5079%3A5000006400,0.0,0.0
2026-05-18 19:53:08,Skullcandy Smokin' Buds XT - Bone Orange Glow (Certified Refurbished),12.0,29.99,Free shipping,https://www.ebay.com/itm/267148899492?_trkparms=5373%3A5000006400%7C5374%3ATech%7C5079%3A5000006400,17.99,59.99
2026-05-18 19:53:09,JBL PartyBox 310 Portable Bluetooth Party Speaker Wireless LED Bass Boost,436.36,436.36,Free shipping,https://www.ebay.com/itm/297958856321?_trkparms=5373%3A5000006400%7C5374%3ATech%7C5079%3A5000006400,0.0,0.0
2026-05-18 19:53:09,Samsung Galaxy A02 32GB Black Unlocked Open Box,111.4,139.99,Free shipping,https://www.ebay.com/itm/287265102887?_trkparms=5373%3A5000006400%7C5374%3ATech%7C5079%3A5000006400,28.590000000000003,20.42
2026-05-18 19:53:09,Samsung Galaxy S23+ 256GB S916U Unlocked - Good,299.99,299.99,Free shipping,https://www.ebay.com/itm/256372558330?_trkparms=5373%3A5000006400%7C5374%3ATech%7C5079%3A5000006423,0.0,0.0
2026-05-18 19:53:09,"Dell 16 Plus Laptop Ultra 7 256V 16GB RAM 1TB SSD 16"" 2.5K Non-touch Ice Blue",659.0,659.0,Free shipping,https://www.ebay.com/itm/227293705127?_trkparms=5373%3A5000006400%7C5374%3ATech%7C5079%3A5000006407,0.0,0.0
2026-05-18 19:53:10,"HP EliteBook 840 G8 Laptop Intel Core i7-1185G7 16GB Memory 256GB SSD 14"" W11P",356.99,506.99,Free shipping,https://www.ebay.com/itm/389323433658?_trkparms=5373%3A5000006400%7C5374%3ATech%7C5079%3A5000006407,150.0,29.59
2026-05-18 19:53:10,Canon PowerShot SX740 HS 20.3MP 4K Digital Camera 40x Optical Zoom Wi-Fi Black,719.95,719.95,Free shipping,https://www.ebay.com/itm/332836163358?_trkparms=5373%3A5000006400%7C5374%3ATech%7C5079%3A5000006430,0.0,0.0
2026-05-18 19:53:11,Apple iPad Air 5th Gen 64GB 256GB WiFi Cellular (Excellent),369.99,369.99,Free shipping,https://www.ebay.com/itm/286910029830?_trkparms=5373%3A5000006400%7C5374%3ATech%7C5079%3A5000006415,0.0,0.0
2026-05-18 19:53:11,"Apple iPad Air 10.9"" 5th Gen 64GB Wi-Fi + Cellular Tablet Space Gray MM6R3LL/A",285.0,749.0,Free shipping,https://www.ebay.com/itm/306839922385?_trkparms=5373%3A5000006400%7C5374%3ATech%7C5079%3A5000006415,464.0,61.95
2026-05-18 19:53:11,"Apple iPad Pro 11"" M5 OLED Wi-Fi Tablet 256GB Space Black MDWK4LL/A 2025 Model",829.0,999.0,Free shipping,https://www.ebay.com/itm/146954938580?_trkparms=5373%3A5000006400%7C5374%3ATech%7C5079%3A5000006415,170.0,17.02
2026-05-18 19:53:13,Cobra RAD 700i Radar Laser Detector Premium Range IVT Certified Refurbished,219.95,259.95,Free shipping,https://www.ebay.com/itm/127525621046?_trkparms=5373%3A5000006400%7C5374%3ATech%7C5079%3A5000006432,40.0,15.39
2026-05-18 19:53:13,"REDTIGER A8 64GB Card 4K Dash Cam Front and Rear,Touch Screen,Loop Recording",94.99,139.99,Free shipping,https://www.ebay.com/itm/286871022293?_trkparms=5373%3A5000006400%7C5374%3ATech%7C5079%3A5000006432,45.000000000000014,32.15
2026-05-18 19:53:15,Samsung Galaxy S23+ 256GB S916U Unlocked - Good,299.99,299.99,Free shipping,https://www.ebay.com/itm/256372558330?_trkparms=5373%3A5000006400%7C5374%3ATech%7C5079%3A5000006411,0.0,0.0
2026-05-18 19:53:15,"LG 34"" UltraGear WQHD OLED Curved Gaming Monitor | 240Hz, 0.03ms (GtG), DisplayH",640.0,1299.99,Free shipping,https://www.ebay.com/itm/336387118160?_trkparms=5373%3A5000006400%7C5374%3ATech%7C5079%3A5000006405,659.99,50.77
2026-05-19 15:38:51,Apple iPhone 14 Pro A2650 128GB Network Unlocked Very Good Condition,435.99,699.99,Shipping info unavailable,https://www.ebay.com/itm/354954088639?_trkparms=5373%3A5000006400%7C5374%3ATech%7C5079%3A5000006400,264.0,37.71
2026-05-19 15:38:51,"Apple iPhone 14, 128GB, Network Unlocked - Excellent Condition",314.99,599.99,Shipping info unavailable,https://www.ebay.com/itm/355095079593?_trkparms=5373%3A5000006400%7C5374%3ATech%7C5079%3A5000006400,285.0,47.5
2026-05-19 15:38:51,Apple iPhone 15 A2846 128GB Unlocked Very Good Condition,409.99,699.99,Shipping info unavailable,https://www.ebay.com/itm/356036255923?_trkparms=5373%3A5000006400%7C5374%3ATech%7C5079%3A5000006400,290.0,41.43
2026-05-19 15:38:51,Apple iPhone 15 Plus 128GB Unlocked Very Good Condition,421.99,749.99,Shipping info unavailable,https://www.ebay.com/itm/356312979103?_trkparms=5373%3A5000006400%7C5374%3ATech%7C5079%3A5000006400,328.0,43.73
2026-05-19 15:38:52,Apple iPhone 16 Plus 128GB Unlocked Excellent Condition,634.99,949.99,Shipping info unavailable,https://www.ebay.com/itm/356605666849?_trkparms=5373%3A5000006400%7C5374%3ATech%7C5079%3A5000006400,315.0,33.16
2026-05-19 15:38:52,Apple iPhone 16 Plus 128GB Unlocked Very Good Condition,607.99,949.99,Shipping info unavailable,https://www.ebay.com/itm/356605671415?_trkparms=5373%3A5000006400%7C5374%3ATech%7C5079%3A5000006400,342.0,36.0
2026-05-19 15:38:52,Apple iPhone 16 Pro 128GB Unlocked Very Good Condition,729.99,999.99,Shipping info unavailable,https://www.ebay.com/itm/356605660694?_trkparms=5373%3A5000006400%7C5374%3ATech%7C5079%3A5000006400,270.0,27.0
2026-05-19 15:38:52,Apple iPhone 16 Pro 256GB Unlocked Excellent Condition,754.99,1049.99,Shipping info unavailable,https://www.ebay.com/itm/356605674518?_trkparms=5373%3A5000006400%7C5374%3ATech%7C5079%3A5000006400,295.0,28.1
2026-05-19 15:38:52,Apple iPhone 16e 128GB Unlocked Very Good Condition,399.99,699.99,Shipping info unavailable,https://www.ebay.com/itm/357518035984?_trkparms=5373%3A5000006400%7C5374%3ATech%7C5079%3A5000006400,300.0,42.86
2026-05-19 15:38:53,Apple iPhone 17 A3258 256GB Unlocked Excellent Condition,809.99,1299.99,Shipping info unavailable,https://www.ebay.com/itm/358159217990?_trkparms=5373%3A5000006400%7C5374%3ATech%7C5079%3A5000006400,490.0,37.69
2026-05-19 15:38:53,Samsung Galaxy S23 Plus SM-S916U 256GB Unlocked Very Good Condition,312.99,699.99,Shipping info unavailable,https://www.ebay.com/itm/357290692843?_trkparms=5373%3A5000006400%7C5374%3ATech%7C5079%3A5000006400,387.0,55.29
2026-05-19 15:38:53,Samsung Galaxy S24 Ultra SM-S928U 256GB Unlocked Very Good Condition,589.99,899.99,Shipping info unavailable,https://www.ebay.com/itm/357600637044?_trkparms=5373%3A5000006400%7C5374%3ATech%7C5079%3A5000006400,310.0,34.44
2026-05-19 15:38:57,"Apple iPad 9th 10.2"" 2021 Wifi or Cellular Unlocked - 64GB 256GB - Gray Silver",179.85,499.0,Free shipping,https://www.ebay.com/itm/185375630875?_trkparms=5373%3A5000006400%7C5374%3ATech%7C5079%3A5000006415,319.15,63.96
2026-05-19 15:39:00,Canon Mount Adapter EF-EOS R,149.0,230.99,Free shipping,https://www.ebay.com/itm/326852277662?_trkparms=5373%3A5000006400%7C5374%3ATech%7C5079%3A5000006425,81.99000000000001,35.5
2026-05-19 19:59:12,Anker  13-in-1 USB-C Docking Station 85W Charging Triple Display + 6ft 60W Cable,99.99,99.99,Free shipping,https://www.ebay.com/itm/385570084619?_trkparms=5373%3A5000006400%7C5374%3ATech%7C5079%3A5000006400,0.0,0.0
2026-05-19 19:59:12,"Dell 12TB 7.2K RPM SAS 12Gb/s 512e 3.5"" HDD 00JHTD G13",309.0,309.0,Free shipping,https://www.ebay.com/itm/297888229351?_trkparms=5373%3A5000006400%7C5374%3ATech%7C5079%3A5000006400,0.0,0.0
2026-05-19 19:59:12,DJI Air 3S Fly More Combo (RC-N3) (Certified Refurbished),1299.0,1299.0,Free shipping,https://www.ebay.com/itm/306788557906?_trkparms=5373%3A5000006400%7C5374%3ATech%7C5079%3A5000006400,0.0,0.0
2026-05-19 19:59:13,BenQ TK700 3200-Lumen 4K UHD DLP Projector HDMI Built-In Speaker,845.0,1999.99,Free shipping,https://www.ebay.com/itm/377083067552?_trkparms=5373%3A5000006400%7C5374%3ATech%7C5079%3A5000006400,1154.99,57.75
2026-05-19 19:59:14,Samsung Galaxy S22 Ultra 256GB S908U Unlocked - Good,339.99,339.99,Free shipping,https://www.ebay.com/itm/256459409583?_trkparms=5373%3A5000006400%7C5374%3ATech%7C5079%3A5000006423,0.0,0.0
2026-05-19 19:59:19,Samsung Galaxy S22 Ultra 256GB S908U Unlocked - Good,339.99,339.99,Free shipping,https://www.ebay.com/itm/256459409583?_trkparms=5373%3A5000006400%7C5374%3ATech%7C5079%3A5000006411,0.0,0.0
2026-05-19 22:20:48,AOC Q27G41ZDF 26.5'' QD-OLED Flat Monitor 16:9 2560 x 1440 HDR10 240Hz G-menu,339.99,339.99,Free shipping,https://www.ebay.com/itm/306906856591?_trkparms=5373%3A5000006400%7C5374%3ATech%7C5079%3A5000006405,0.0,0.0
2026-05-20 04:10:17,Apple Watch Series 7 41mm Gps + Cellular Stainless Steel - 32GB -Very Good,120.0,250.0,Shipping info unavailable,https://www.ebay.com/itm/145820227889?_trkparms=5373%3A5000006400%7C5374%3ATech%7C5079%3A5000006400,130.0,52.0
2026-05-20 04:10:17,Apple Watch Series 6 44mm GPS + Cellular Aluminum - Band 32GB -  Very Good,116.0,150.0,Shipping info unavailable,https://www.ebay.com/itm/147033054590?_trkparms=5373%3A5000006400%7C5374%3ATech%7C5079%3A5000006400,34.0,22.67
2026-05-20 04:10:17,Apple Watch Series 7 41mm Gps + Cellular Aluminum  Sport Band - Very Good,119.0,200.0,Shipping info unavailable,https://www.ebay.com/itm/167982189485?_trkparms=5373%3A5000006400%7C5374%3ATech%7C5079%3A5000006400,81.0,40.5
2026-05-20 04:10:17,Sonos Play:1 Compact Wireless Smart Speaker  - Excellent,153.0,210.0,Shipping info unavailable,https://www.ebay.com/itm/168191857325?_trkparms=5373%3A5000006400%7C5374%3ATech%7C5079%3A5000006400,57.0,27.14
2026-05-20 04:10:17,Apple iPad A16 11-inch Wifi Only 256GB - Very Good,335.0,500.0,Shipping info unavailable,https://www.ebay.com/itm/168087324140?_trkparms=5373%3A5000006400%7C5374%3ATech%7C5079%3A5000006400,165.0,33.0
2026-05-20 04:10:17,Apple iPad 6th Gen 32GB - Wi-Fi Only -  Very Good,85.0,115.0,Shipping info unavailable,https://www.ebay.com/itm/144699080090?_trkparms=5373%3A5000006400%7C5374%3ATech%7C5079%3A5000006400,30.0,26.09
2026-05-20 04:10:17,JBL PartyBox 520 Illuminated Portable Party Speaker,625.0,625.0,Free shipping,https://www.ebay.com/itm/227258994967?_trkparms=5373%3A5000006400%7C5374%3ATech%7C5079%3A5000006400,0.0,0.0
2026-05-20 04:10:17,Apple iPhone 16 128GB Unlocked - Excellent -- 90%+ Battery,582.95,582.95,Free shipping,https://www.ebay.com/itm/405613175344?_trkparms=5373%3A5000006400%7C5374%3ATech%7C5079%3A5000006400,0.0,0.0
2026-05-20 04:10:18,Apple iPad 9th Gen Wifi+Cellular 256GB - 10.9in - Very Good,249.0,499.0,Shipping info unavailable,https://www.ebay.com/itm/144964984254?_trkparms=5373%3A5000006400%7C5374%3ATech%7C5079%3A5000006400,250.0,50.1
2026-05-20 04:10:18,Sonos One Sl S22 Wireless Smart Speaker - Very Good,122.55,200.0,Shipping info unavailable,https://www.ebay.com/itm/147168339293?_trkparms=5373%3A5000006400%7C5374%3ATech%7C5079%3A5000006400,77.45,38.72
2026-05-20 04:10:18,"Microsoft Surface Book 3 13.5"" i7-1065G7 1.3GHz 16GB 256GB GTX 1650 Max-Q Good",296.67,296.67,Free shipping,https://www.ebay.com/itm/127854229820?_trkparms=5373%3A5000006400%7C5374%3ATech%7C5079%3A5000006400,0.0,0.0
2026-05-20 04:10:18,Apple iPad Air 4 Wi-Fi Only - 64GB - 10.9Inches - Very Good,226.0,535.0,Shipping info unavailable,https://www.ebay.com/itm/145881124123?_trkparms=5373%3A5000006400%7C5374%3ATech%7C5079%3A5000006400,309.0,57.76
2026-05-20 04:10:18,Apple MacBook Pro Mk1e3ll/a 10 CPU/16 GPU 2021 M1 Pro 16GB 16 1TB SSD,796.0,900.0,Shipping info unavailable,https://www.ebay.com/itm/168279350295?_trkparms=5373%3A5000006400%7C5374%3ATech%7C5079%3A5000006400,104.0,11.56
2026-05-20 04:10:18,Samsung Galaxy S23 S911 128GB Unlocked - Good,234.95,234.95,Free shipping,https://www.ebay.com/itm/365064175067?_trkparms=5373%3A5000006400%7C5374%3ATech%7C5079%3A5000006400,0.0,0.0
2026-05-20 04:10:18,Apple iPhone X 64GB Sprint - Very Good,121.95,121.95,Free shipping,https://www.ebay.com/itm/406691429615?_trkparms=5373%3A5000006400%7C5374%3ATech%7C5079%3A5000006400,0.0,0.0
2026-05-20 04:10:18,Apple iPhone 16 Pro Max 256GB Unlocked - Excellent -- 90%+ Battery,813.95,813.95,Free shipping,https://www.ebay.com/itm/365653724913?_trkparms=5373%3A5000006400%7C5374%3ATech%7C5079%3A5000006400,0.0,0.0
2026-05-20 04:10:18,Samsung Galaxy S24 S921 128GB Unlocked - Very Good,370.95,370.95,Free shipping,https://www.ebay.com/itm/366251592984?_trkparms=5373%3A5000006400%7C5374%3ATech%7C5079%3A5000006400,0.0,0.0
2026-05-20 04:10:18,Apple MacBook Pro 2021 10 CPU/16 GPU M1 Pro Chip 16in 1TB SSD 16GB RAM,767.0,1000.0,Shipping info unavailable,https://www.ebay.com/itm/136319791195?_trkparms=5373%3A5000006400%7C5374%3ATech%7C5079%3A5000006400,233.0,23.3
2026-05-20 04:10:19,Apple Watch Series 6 44mm Gps + Cellular Aluminum - 32GB - Very Good,116.0,150.0,Shipping info unavailable,https://www.ebay.com/itm/147079433249?_trkparms=5373%3A5000006400%7C5374%3ATech%7C5079%3A5000006400,34.0,22.67
2026-05-20 04:10:19,Apple iPhone 13 Pro Max 1TB Unlocked - Very Good,510.95,510.95,Free shipping,https://www.ebay.com/itm/366320323126?_trkparms=5373%3A5000006400%7C5374%3ATech%7C5079%3A5000006400,0.0,0.0
2026-05-20 04:10:19,Apple iPad A16 11-inch Wifi+Cellular 256GB - Excellent,354.0,500.0,Shipping info unavailable,https://www.ebay.com/itm/137207354658?_trkparms=5373%3A5000006400%7C5374%3ATech%7C5079%3A5000006400,146.0,29.2
2026-05-20 04:10:19,Samsung Galaxy A14 5G A146 64GB Xfinity - Very Good,96.95,96.95,Free shipping,https://www.ebay.com/itm/389872980073?_trkparms=5373%3A5000006400%7C5374%3ATech%7C5079%3A5000006400,0.0,0.0
2026-05-20 04:10:19,Samsung Galaxy A14 5G A146 64GB Cricket - Very Good,96.95,96.95,Free shipping,https://www.ebay.com/itm/406846245055?_trkparms=5373%3A5000006400%7C5374%3ATech%7C5079%3A5000006400,0.0,0.0
2026-05-20 04:10:19,Apple iPhone 13 128GB Midnight Unlocked A2482 MLA23LL/A • Excellent Condition,278.07,278.07,Free shipping,https://www.ebay.com/itm/127863318972?_trkparms=5373%3A5000006400%7C5374%3ATech%7C5079%3A5000006400,0.0,0.0
2026-05-20 04:10:19,"Apple MacBook Pro M1 Pro 16"" 10-Core CPU 16-Core GPU 2021 512GB SSD 16GB RAM",709.0,1129.0,Shipping info unavailable,https://www.ebay.com/itm/146289930175?_trkparms=5373%3A5000006400%7C5374%3ATech%7C5079%3A5000006400,420.0,37.2
2026-05-20 04:10:19,Samsung Galaxy S25 Ultra 256GB AT&T- Very Good,799.95,799.95,Free shipping,https://www.ebay.com/itm/366306575817?_trkparms=5373%3A5000006400%7C5374%3ATech%7C5079%3A5000006400,0.0,0.0
2026-05-20 04:10:19,Apple iPhone 14 Pro Max 1TB Unlocked - Good,594.95,594.95,Free shipping,https://www.ebay.com/itm/405512717118?_trkparms=5373%3A5000006400%7C5374%3ATech%7C5079%3A5000006400,0.0,0.0
2026-05-20 04:10:26,Dell 90W Thunderbolt 3 USB-C Type C AC Power Adapter Charger LA90PM170 0TDK33,22.49,25.86,Free shipping,https://www.ebay.com/itm/297857370121?_trkparms=5373%3A5000006400%7C5374%3ATech%7C5079%3A5000006427,3.370000000000001,13.03
2026-05-20 09:47:21,Apple iPhone 14 A2649 128GB Unlocked - Very Good Refurbished,284.99,999.99,Shipping info unavailable,https://www.ebay.com/itm/187753779413?_trkparms=5373%3A5000006400%7C5374%3ATech%7C5079%3A5000006400,715.0,71.5
2026-05-20 09:47:21,Apple iPhone 15 Pro A2848 128GB Unlocked - Excellent Refurbished,568.99,999.99,Shipping info unavailable,https://www.ebay.com/itm/357948496849?_trkparms=5373%3A5000006400%7C5374%3ATech%7C5079%3A5000006400,431.0,43.1
2026-05-20 09:47:21,Google Pixel 6 5G GB7N6 Unlocked AT&T T-Mobile 128GB 512GB Excellent Refurbished,161.99,999.99,Shipping info unavailable,https://www.ebay.com/itm/185767676304?_trkparms=5373%3A5000006400%7C5374%3ATech%7C5079%3A5000006400,838.0,83.8
2026-05-20 09:47:21,Apple iPhone 14 Plus A2632 128GB Unlocked - Very Good Refurbished,294.99,999.99,Shipping info unavailable,https://www.ebay.com/itm/205857457786?_trkparms=5373%3A5000006400%7C5374%3ATech%7C5079%3A5000006400,705.0,70.5
2026-05-20 09:47:21,Apple iPhone 13 A2482 128GB Unlocked - Very Good Refurbished,255.99,999.99,Shipping info unavailable,https://www.ebay.com/itm/205857384844?_trkparms=5373%3A5000006400%7C5374%3ATech%7C5079%3A5000006400,744.0,74.4
2026-05-20 09:47:21,Apple iPhone XR 64GB A1984 T-Mobile  GSM Unlocked  Apple iPhone XR Very Good,148.99,999.99,Shipping info unavailable,https://www.ebay.com/itm/185392661509?_trkparms=5373%3A5000006400%7C5374%3ATech%7C5079%3A5000006400,851.0,85.1
2026-05-20 09:47:21,Apple iPhone 14 Pro Max A2651 128GB Unlocked - Excellent Refurbished,521.99,999.99,Shipping info unavailable,https://www.ebay.com/itm/357919649153?_trkparms=5373%3A5000006400%7C5374%3ATech%7C5079%3A5000006400,478.0,47.8
2026-05-20 09:47:21,Apple iPhone 12 Pro 128GB A2341 Unlocked AT&T Verizon T-Mobile Very Good Refurb,284.99,1199.99,Shipping info unavailable,https://www.ebay.com/itm/187036165413?_trkparms=5373%3A5000006400%7C5374%3ATech%7C5079%3A5000006400,915.0,76.25
2026-05-20 09:47:21,Apple iPhone 12 Pro 128GB A2341 Unlocked AT&T Verizon T-Mobile Good Refurbished,271.99,1199.99,Shipping info unavailable,https://www.ebay.com/itm/356656140310?_trkparms=5373%3A5000006400%7C5374%3ATech%7C5079%3A5000006400,928.0,77.33
2026-05-20 09:47:22,Apple iPhone 11 64GB Factory Unlocked Refurbished Excellent A2111 year warranty,198.99,1099.99,Shipping info unavailable,https://www.ebay.com/itm/204987180931?_trkparms=5373%3A5000006400%7C5374%3ATech%7C5079%3A5000006400,901.0,81.91
2026-05-20 09:47:23,Samsung Galaxy S25+ 512GB S936U Unlocked - Excellent,694.99,694.99,Free shipping,https://www.ebay.com/itm/257190141321?_trkparms=5373%3A5000006400%7C5374%3ATech%7C5079%3A5000006400,0.0,0.0
2026-05-20 09:47:23,Samsung Galaxy S23 FE 128GB S711U Unlocked - Very Good,201.99,201.99,Free shipping,https://www.ebay.com/itm/256484189078?_trkparms=5373%3A5000006400%7C5374%3ATech%7C5079%3A5000006400,0.0,0.0
2026-05-20 09:47:23,Samsung Galaxy S21 Ultra 5G 128GB G998U Unlocked - Very Good,210.99,210.99,Free shipping,https://www.ebay.com/itm/255229822421?_trkparms=5373%3A5000006400%7C5374%3ATech%7C5079%3A5000006400,0.0,0.0
2026-05-20 20:25:33,"MSI Optix G32C4W 31.5"" FHD Curved Gaming Monitor, 165Hz, 1ms, 3000:1, Wide View",129.99,239.99,Free shipping,https://www.ebay.com/itm/145603455451?_trkparms=5373%3A5000006400%7C5374%3ATech%7C5079%3A5000006400,110.0,45.84
2026-05-20 20:25:33,Meta Quest 3S 128GB (Refurbished),319.99,319.99,Free shipping,https://www.ebay.com/itm/405845419215?_trkparms=5373%3A5000006400%7C5374%3ATech%7C5079%3A5000006400,0.0,0.0
2026-05-20 20:25:33,"VITURE Pro XR/AR Glasses - 135"" 120Hz 1000Nits UltraClarity Display",179.0,199.0,Free shipping,https://www.ebay.com/itm/366224415483?_trkparms=5373%3A5000006400%7C5374%3ATech%7C5079%3A5000006400,20.0,10.05
2026-05-20 20:25:33,"Acer Aspire 14"" i9-288V Core Ultra 9 32GB 1TB SSD ARC 140V AI PC Refurbished",777.99,1399.99,Free shipping,https://www.ebay.com/itm/277574166311?_trkparms=5373%3A5000006400%7C5374%3ATech%7C5079%3A5000006400,622.0,44.43
2026-05-20 20:25:34,Samsung Galaxy Z Fold5 256GB F946U Unlocked - Good,434.99,434.99,Free shipping,https://www.ebay.com/itm/256480759941?_trkparms=5373%3A5000006400%7C5374%3ATech%7C5079%3A5000006423,0.0,0.0
2026-05-20 20:25:37,"Dell 12TB 7.2K RPM SAS 12Gb/s 512e 3.5"" HDD 00JHTD G13",309.0,309.0,Free shipping,https://www.ebay.com/itm/297888229351?_trkparms=5373%3A5000006400%7C5374%3ATech%7C5079%3A5000006421,0.0,0.0
2026-05-20 20:25:37,1TB SanDisk Extreme PRO Portable SSD V2 (Recertified) - A196-SDSSDE81-1T00,169.99,169.99,Free shipping,https://www.ebay.com/itm/287238440373?_trkparms=5373%3A5000006400%7C5374%3ATech%7C5079%3A5000006421,0.0,0.0
2026-05-20 20:25:37,"Go + Play, Portable Bluetooth Speaker",131.99,131.99,Free shipping,https://www.ebay.com/itm/206186631543?_trkparms=5373%3A5000006400%7C5374%3ATech%7C5079%3A5000006403,0.0,0.0
2026-05-20 20:25:37,Skullcandy Smokin' Buds XT - Bone Orange Glow (Certified Refurbished),12.0,29.99,Free shipping,https://www.ebay.com/itm/267148899492?_trkparms=5373%3A5000006400%7C5374%3ATech%7C5079%3A5000006403,17.99,59.99
2026-05-20 20:25:38,HP OfficeJet Pro 8139e Wireless All-in-One Printer with 1 Full Year Instant Ink,179.99,279.99,Free shipping,https://www.ebay.com/itm/156391935231?_trkparms=5373%3A5000006400%7C5374%3ATech%7C5079%3A5000006417,100.0,35.72
2026-05-20 20:25:39,"Go + Play, Portable Bluetooth Speaker",131.99,131.99,Free shipping,https://www.ebay.com/itm/206186631543?_trkparms=5373%3A5000006400%7C5374%3ATech%7C5079%3A5000006413,0.0,0.0
2026-05-20 20:25:39,Skullcandy Smokin' Buds XT - Bone Orange Glow (Certified Refurbished),12.0,29.99,Free shipping,https://www.ebay.com/itm/267148899492?_trkparms=5373%3A5000006400%7C5374%3ATech%7C5079%3A5000006413,17.99,59.99
2026-05-20 20:25:40,Samsung Galaxy Z Fold5 256GB F946U Unlocked - Good,434.99,434.99,Free shipping,https://www.ebay.com/itm/256480759941?_trkparms=5373%3A5000006400%7C5374%3ATech%7C5079%3A5000006411,0.0,0.0
2026-05-20 20:25:40,HP OfficeJet Pro 8139e Wireless All-in-One Printer with 1 Full Year Instant Ink,179.99,279.99,Free shipping,https://www.ebay.com/itm/156391935231?_trkparms=5373%3A5000006400%7C5374%3ATech%7C5079%3A5000006405,100.0,35.72
2026-05-21 20:02:08,"Acer Predator Helios Neo 16S AI 16"" i9 275HX 2S RTX 5070 Ti 32GB 1TB SSD Refurb",1350.35,1899.99,Free shipping,https://www.ebay.com/itm/277352801036?_trkparms=5373%3A5000006400%7C5374%3ATech%7C5079%3A5000006400,549.6400000000001,28.93
2026-05-21 20:02:09,iPhone 15 128GB 256GB 512GB Verizon AT&T T-Mobile Unlocked (Very Good),476.24,476.24,Free shipping,https://www.ebay.com/itm/286916082198?_trkparms=5373%3A5000006400%7C5374%3ATech%7C5079%3A5000006400,0.0,0.0
2026-05-21 20:02:09,Reconditioned OM SYSTEM Tough TG-7 Waterproof Digital Camera Body- Red Edition,351.99,439.99,Free shipping,https://www.ebay.com/itm/377067503390?_trkparms=5373%3A5000006400%7C5374%3ATech%7C5079%3A5000006400,88.0,20.0
2026-05-21 20:02:09,Meta Quest 3S 256GB (Refurbished),409.99,409.99,Free shipping,https://www.ebay.com/itm/405845421155?_trkparms=5373%3A5000006400%7C5374%3ATech%7C5079%3A5000006400,0.0,0.0
2026-05-21 20:02:09,"Lenovo ThinkPad GEN 2 AMD Ryzen 7 PRO 14"" Gaming Laptop 16GB RAM 512GB SSD W11P",399.99,399.99,Free shipping,https://www.ebay.com/itm/336430108178?_trkparms=5373%3A5000006400%7C5374%3ATech%7C5079%3A5000006407,0.0,0.0
2026-05-21 20:02:11,Logitech Pro X2 Wireless Gaming Headset,110.0,279.99,Free shipping,https://www.ebay.com/itm/167017920229?_trkparms=5373%3A5000006400%7C5374%3ATech%7C5079%3A5000006401,169.99,60.71
2026-05-21 20:02:14,Logitech Combo Touch for iPad (10th Gen) - Backlit Keyboard & Trackpad Case,127.99,127.99,Free shipping,https://www.ebay.com/itm/168337377034?_trkparms=5373%3A5000006400%7C5374%3ATech%7C5079%3A5000006427,0.0,0.0
2026-05-21 20:02:14,Dell AC511M Stereo USB Sound Bar - Black,27.19,49.0,Free shipping,https://www.ebay.com/itm/117167875147?_trkparms=5373%3A5000006400%7C5374%3ATech%7C5079%3A5000006427,21.81,44.51
2026-05-21 20:02:15,"MSI Optix G32C4W 31.5"" FHD Curved Gaming Monitor, 165Hz, 1ms, 3000:1, Wide View",129.99,239.99,Free shipping,https://www.ebay.com/itm/145603455451?_trkparms=5373%3A5000006400%7C5374%3ATech%7C5079%3A5000006405,110.0,45.84
2026-05-21 22:24:25,"HP Laptop 14"" HD Quad-Core Intel N150 16GB RAM 128GB UFS Webcam Windows 11 Pink",281.0,499.0,Shipping info unavailable,https://www.ebay.com/itm/117177154262?_trkparms=5373%3A5000006400%7C5374%3ATech%7C5079%3A5000006400,218.0,43.69
2026-05-21 22:24:25,"Lenovo ThinkPad T14 Gen 3 14"" WUXGA Ryzen 7 PRO 6850U 16GB 256GB FPR French Kybd",553.0,979.0,Shipping info unavailable,https://www.ebay.com/itm/298320085511?_trkparms=5373%3A5000006400%7C5374%3ATech%7C5079%3A5000006400,426.0,43.51
2026-05-21 22:24:25,"Asus Flip CR1100FKA-YZ182T 11.6"" TS Rugged Chromebook, N5100, 8GB, 32GB",152.99,499.99,Shipping info unavailable,https://www.ebay.com/itm/168327587003?_trkparms=5373%3A5000006400%7C5374%3ATech%7C5079%3A5000006400,347.0,69.4
2026-05-21 22:24:25,"Dell Latitude 9440 2-in-1 14"" QHD+ Touch Core i7-1365U 16GB 512GB SSD IR Cam FPR",515.0,919.0,Shipping info unavailable,https://www.ebay.com/itm/117179338364?_trkparms=5373%3A5000006400%7C5374%3ATech%7C5079%3A5000006400,404.0,43.96
2026-05-21 22:24:25,"Lenovo ThinkPad E14 Gen 6 14"" WUXGA Ryzen 7 7735U 32GB 1TB SSD Cam FPReader",885.0,1169.0,Free shipping,https://www.ebay.com/itm/298332177200?_trkparms=5373%3A5000006400%7C5374%3ATech%7C5079%3A5000006400,284.0,24.29
2026-05-21 22:24:25,"HP Elitebook 845 G8 14"" FHD Laptop AMD Ryzen 5 PRO 5650U 16GB 256GB W11P",292.99,1499.99,Shipping info unavailable,https://www.ebay.com/itm/168327586732?_trkparms=5373%3A5000006400%7C5374%3ATech%7C5079%3A5000006400,1207.0,80.47
2026-05-21 22:24:25,"Lenovo ThinkPad T14 Gen 3 14"" WUXGA Ryzen 7 PRO 6850U 16GB 512GB FPR French Kybd",600.0,1069.0,Shipping info unavailable,https://www.ebay.com/itm/306940362052?_trkparms=5373%3A5000006400%7C5374%3ATech%7C5079%3A5000006400,469.0,43.87
2026-05-21 22:24:25,"Lenovo ThinkPad T16 Gen 1 Laptop: 16"" FHD+, Core i5-1240P, 32GB, 512GB W11P",444.99,1099.99,Shipping info unavailable,https://www.ebay.com/itm/168368588860?_trkparms=5373%3A5000006400%7C5374%3ATech%7C5079%3A5000006400,655.0,59.55
2026-05-21 22:24:26,"Lenovo ThinkPad T14 Gen 5 14"" WUXGA Ryzen 5 PRO 8540U 16GB 256GB SSD IR Cam W11P",761.0,1269.0,Free shipping,https://www.ebay.com/itm/298332300834?_trkparms=5373%3A5000006400%7C5374%3ATech%7C5079%3A5000006400,508.0,40.03
2026-05-21 22:24:26,"Lenovo ThinkPad T14 Gen 5 14"" WUXGA Core Ultra 7 155U 16GB 512GB SSD IR Cam FPR",904.0,1269.0,Free shipping,https://www.ebay.com/itm/306948559445?_trkparms=5373%3A5000006400%7C5374%3ATech%7C5079%3A5000006400,365.0,28.76
2026-05-21 22:24:26,"Dell Latitude 7400 14"" FHD Quad-Core i7-8665U 16GB 512GB SSD IR Camera Win10Pro",300.0,529.0,Shipping info unavailable,https://www.ebay.com/itm/295832349083?_trkparms=5373%3A5000006400%7C5374%3ATech%7C5079%3A5000006400,229.0,43.29
2026-05-21 22:24:26,"Lenovo ThinkPad T14 Gen 5 14"" WUXGA Core Ultra 7 155U 16GB 1TB SSD IR Cam FPR",980.0,1269.0,Free shipping,https://www.ebay.com/itm/298332514914?_trkparms=5373%3A5000006400%7C5374%3ATech%7C5079%3A5000006400,289.0,22.77
2026-05-21 22:24:26,"HP Laptop 14"" HD Quad-Core Intel N150 8GB RAM 128GB UFS Webcam Windows 11 Pink",243.0,429.0,Shipping info unavailable,https://www.ebay.com/itm/117177136241?_trkparms=5373%3A5000006400%7C5374%3ATech%7C5079%3A5000006400,186.0,43.36
2026-05-21 22:24:26,"Lenovo ThinkPad T14 Gen 5 14"" WUXGA Ryzen 5 PRO 8540U 32GB 1TB  SSD IR Cam W11P",1009.0,1269.0,Free shipping,https://www.ebay.com/itm/306948429923?_trkparms=5373%3A5000006400%7C5374%3ATech%7C5079%3A5000006400,260.0,20.49
2026-05-21 22:24:26,"HP Laptop 14"" HD Quad-Core Intel N150 4GB RAM 128GB UFS Webcam Windows 11 Pink",215.0,379.0,Shipping info unavailable,https://www.ebay.com/itm/117177103335?_trkparms=5373%3A5000006400%7C5374%3ATech%7C5079%3A5000006400,164.0,43.27
2026-05-21 22:24:26,"Apple MacBook Pro 13.3"" WQXGA Laptop Mid 2019 Intel Core i5 16GB 256GB Gray",299.99,899.99,Shipping info unavailable,https://www.ebay.com/itm/168327587201?_trkparms=5373%3A5000006400%7C5374%3ATech%7C5079%3A5000006400,600.0,66.67
2026-05-21 22:24:26,"Lenovo ThinkPad T490 14"" FHD Quad-Core i7-8565U 16GB 1TB SSD Cam FPR Win11Pro",346.0,619.0,Shipping info unavailable,https://www.ebay.com/itm/297501548674?_trkparms=5373%3A5000006400%7C5374%3ATech%7C5079%3A5000006400,273.0,44.1
2026-05-21 22:24:26,"HP EliteBook 845 G9: 14"" WUXGA - AMD Ryzen 5- 32GB|256GB - Win 11 Pro",389.99,1499.99,Shipping info unavailable,https://www.ebay.com/itm/168327587075?_trkparms=5373%3A5000006400%7C5374%3ATech%7C5079%3A5000006400,1110.0,74.0
2026-05-21 22:24:26,"Apple 10.9"" iPad (10th Gen, 64GB, Wi-Fi Only, Silver) - MPQ03LL/A",227.99,499.99,Shipping info unavailable,https://www.ebay.com/itm/168389392045?_trkparms=5373%3A5000006400%7C5374%3ATech%7C5079%3A5000006400,272.0,54.4
2026-05-21 22:24:27,"Lenovo ThinkPad E14 Gen 6 14"" WUXGA Ryzen 7 7735U 16GB 1TB SSD Cam FPReader W11P",742.0,1169.0,Free shipping,https://www.ebay.com/itm/306948338445?_trkparms=5373%3A5000006400%7C5374%3ATech%7C5079%3A5000006400,427.0,36.53
2026-05-21 22:24:27,"Lenovo ThinkPad T14s G3 Laptop, 14"" WUXGA, i5-1245U, 16GB, 256GB, Win11P",299.99,1499.99,Shipping info unavailable,https://www.ebay.com/itm/168352858483?_trkparms=5373%3A5000006400%7C5374%3ATech%7C5079%3A5000006400,1200.0,80.0
2026-05-21 22:24:27,"Lenovo ThinkPad T14 Gen 5 14"" WUXGA Ryzen 5 PRO 8540U 16GB 1TB  SSD IR Cam W11P",857.0,1269.0,Free shipping,https://www.ebay.com/itm/306948426881?_trkparms=5373%3A5000006400%7C5374%3ATech%7C5079%3A5000006400,412.0,32.47
2026-05-21 22:24:27,"Lenovo ThinkPad X9-14 Gen 1 Aura 14"" 2.8K OLED Touch Ultra 7 268V 32GB 1TB FPR",1159.0,3229.0,Shipping info unavailable,https://www.ebay.com/itm/298044051654?_trkparms=5373%3A5000006400%7C5374%3ATech%7C5079%3A5000006400,2070.0,64.11
2026-05-21 22:24:27,"Lenovo ThinkPad E14 Gen 6 14"" WUXGA Ryzen 7 7735U 16GB 512GB SSD Cam FPReader",685.0,1169.0,Free shipping,https://www.ebay.com/itm/298332186995?_trkparms=5373%3A5000006400%7C5374%3ATech%7C5079%3A5000006400,484.0,41.4
2026-05-21 22:24:27,"Dell Latitude 5500 15.6"" FHD 4-Core i5-8365U 32GB 1TB PCIe SSD Webcam Win 11 Pro",384.0,679.0,Shipping info unavailable,https://www.ebay.com/itm/116709471675?_trkparms=5373%3A5000006400%7C5374%3ATech%7C5079%3A5000006400,295.0,43.45
2026-05-21 22:24:27,"Lenovo ThinkPad T490s 14"" FHD Touch Core i5-8265U 16GB 512GB SSD Cam FPR W11Pro",253.0,449.0,Shipping info unavailable,https://www.ebay.com/itm/117179200314?_trkparms=5373%3A5000006400%7C5374%3ATech%7C5079%3A5000006400,196.0,43.65
2026-05-21 22:24:27,"Dell Latitude 5500 15.6"" FHD 4-Core i5-8365U 16GB 512GB PCIe SSD Webcam Win11Pro",281.0,499.0,Shipping info unavailable,https://www.ebay.com/itm/116709470904?_trkparms=5373%3A5000006400%7C5374%3ATech%7C5079%3A5000006400,218.0,43.69
2026-05-21 22:24:27,"HP 15-fd0039ds 15.6"" HD Touch Laptop, Intel N200, 4GB RAM, 128GB UFS, W11H",259.99,599.99,Shipping info unavailable,https://www.ebay.com/itm/168386788810?_trkparms=5373%3A5000006400%7C5374%3ATech%7C5079%3A5000006400,340.0,56.67
2026-05-21 22:24:27,"Lenovo ThinkPad T14 Gen 3 14"" WUXGA Ryzen 7 PRO 6850U 16GB 1TB FPR French Kybd",665.0,1179.0,Shipping info unavailable,https://www.ebay.com/itm/117196311224?_trkparms=5373%3A5000006400%7C5374%3ATech%7C5079%3A5000006400,514.0,43.6
2026-05-22 04:14:25,"Rockville TVB2732-1 Padded LCD TV Screen Travel Bag For ""27"" to ""32"" Monitors",74.95,159.99,Free shipping,https://www.ebay.com/itm/304707561449?_trkparms=5373%3A5000006400%7C5374%3ATech%7C5079%3A5000006401,85.04,53.15
2026-05-22 14:55:39,"Rockville TVB2732-2 Padded LCD TV Screen Bag For 1 or 2 ""27"" to ""32"" Monitors",89.95,199.99,Free shipping,https://www.ebay.com/itm/354399918720?_trkparms=5373%3A5000006400%7C5374%3ATech%7C5079%3A5000006401,110.04,55.02
2026-05-22 17:12:55,"MSI G32C4XS 31.5"" FHD Curved Gaming Monitor, 250Hz/1ms 3000:1 HDR Ready",149.99,199.99,Free shipping,https://www.ebay.com/itm/326049399384?_trkparms=5373%3A5000006400%7C5374%3ATech%7C5079%3A5000006400,50.0,25.0
2026-05-22 17:12:55,"AOSU Floodlight Camera Wired, 3K UHD Security Camera Outdoor, 360° Surveillance",79.99,159.99,Free shipping,https://www.ebay.com/itm/388974709567?_trkparms=5373%3A5000006400%7C5374%3ATech%7C5079%3A5000006400,80.00000000000001,50.0
2026-05-22 17:12:55,"HP OmniBook 5 Laptop Computer 16"" 2K Snapdragon X 16 GB memory;256 GB SSD",679.99,1069.99,Free shipping,https://www.ebay.com/itm/157294506244?_trkparms=5373%3A5000006400%7C5374%3ATech%7C5079%3A5000006400,390.0,36.45
2026-05-22 17:12:56,iPhone 15 128GB 256GB 512GB Verizon AT&T T-Mobile Unlocked (Very Good),476.24,476.24,Free shipping,https://www.ebay.com/itm/286916082198?_trkparms=5373%3A5000006400%7C5374%3ATech%7C5079%3A5000006423,0.0,0.0
2026-05-22 17:12:56,Samsung Galaxy S25+ Plus 256GB S936U1 US Model Factory Unlocked Navy - Excellent,799.99,799.99,Free shipping,https://www.ebay.com/itm/327068218649?_trkparms=5373%3A5000006400%7C5374%3ATech%7C5079%3A5000006423,0.0,0.0
2026-05-22 17:13:01,iPhone 15 128GB 256GB 512GB Verizon AT&T T-Mobile Unlocked (Very Good),476.24,476.24,Free shipping,https://www.ebay.com/itm/286916082198?_trkparms=5373%3A5000006400%7C5374%3ATech%7C5079%3A5000006411,0.0,0.0
2026-05-22 17:13:01,Samsung Galaxy S25+ Plus 256GB S936U1 US Model Factory Unlocked Navy - Excellent,799.99,799.99,Free shipping,https://www.ebay.com/itm/327068218649?_trkparms=5373%3A5000006400%7C5374%3ATech%7C5079%3A5000006411,0.0,0.0
2026-05-22 22:12:59,"2022 Apple M2 MacBook Pro 13"" 16GB/512GB SSD (Space Gray) A2338 w/Year Warranty",847.21,1499.0,Shipping info unavailable,https://www.ebay.com/itm/146741328863?_trkparms=5373%3A5000006400%7C5374%3ATech%7C5079%3A5000006400,651.79,43.48
2026-05-22 22:12:59,"2018 Apple iPad 6 32GB WiFi Only 90%+ Battery 9.7"" (Gold) A1893 w/Year Warranty",107.07,329.0,Shipping info unavailable,https://www.ebay.com/itm/376768774989?_trkparms=5373%3A5000006400%7C5374%3ATech%7C5079%3A5000006400,221.93,67.46
2026-05-22 22:12:59,"2023 Apple M2 MacBook Air 15.3"" 90%+ 8GB/256GB SSD (Midnight) A2941 w/Warranty",707.56,1299.0,Shipping info unavailable,https://www.ebay.com/itm/147088488840?_trkparms=5373%3A5000006400%7C5374%3ATech%7C5079%3A5000006400,591.44,45.53
2026-05-22 22:12:59,"2019 Apple MacBook Pro 16"" i9 2.40GHz/32GB/2TB (Space Gray) A2141 - w/Warranty",662.87,3999.0,Shipping info unavailable,https://www.ebay.com/itm/147138598174?_trkparms=5373%3A5000006400%7C5374%3ATech%7C5079%3A5000006400,3336.13,83.42
2026-05-22 22:12:59,"2019 Apple iPad 7 90%+ Battery 32GB WiFi Only 10.2"" (Silver) A2197 w/Warranty",157.34,329.0,Shipping info unavailable,https://www.ebay.com/itm/147138606012?_trkparms=5373%3A5000006400%7C5374%3ATech%7C5079%3A5000006400,171.66,52.18
2026-05-22 22:12:59,"2021 Apple M1 Pro MacBook Pro 16"" 90%+ 16GB/1TB SSD (Silver) A2485 w/Warranty",853.73,2699.0,Shipping info unavailable,https://www.ebay.com/itm/147138676755?_trkparms=5373%3A5000006400%7C5374%3ATech%7C5079%3A5000006400,1845.27,68.37
2026-05-22 22:12:59,"2021 Apple M1 Pro 90%+ MacBook Pro 16"" 16GB/1TB SSD (Gray) A2485 w/Warranty",928.21,2699.0,Shipping info unavailable,https://www.ebay.com/itm/147146005864?_trkparms=5373%3A5000006400%7C5374%3ATech%7C5079%3A5000006400,1770.79,65.61
2026-05-22 22:12:59,"2023 Apple M2 Pro MacBook Pro 14.2"" 90%+ 16GB/512GB (Silver) A2779 w/Warranty",848.14,1999.0,Shipping info unavailable,https://www.ebay.com/itm/358378355740?_trkparms=5373%3A5000006400%7C5374%3ATech%7C5079%3A5000006400,1150.8600000000001,57.57
2026-05-22 22:12:59,2025 Apple 90%+ Battery iPad 11 256GB WiFi/Cellular (Silver) A3355 w/Warranty,564.19,599.0,Shipping info unavailable,https://www.ebay.com/itm/147233966403?_trkparms=5373%3A5000006400%7C5374%3ATech%7C5079%3A5000006400,34.809999999999945,5.81
2026-05-22 22:12:59,"2021 Apple M1 Pro MacBook Pro 16"" 16GB/1TB SSD (Space Gray) A2485 - w/Warranty",826.73,2699.0,Shipping info unavailable,https://www.ebay.com/itm/147138692419?_trkparms=5373%3A5000006400%7C5374%3ATech%7C5079%3A5000006400,1872.27,69.37
2026-05-22 22:13:00,"2022 Apple M2 MacBook Air 13.6"" 8GB/512GB SSD - (Gray) A2681 w/1 Year Warranty",604.22,1299.0,Shipping info unavailable,https://www.ebay.com/itm/377168207991?_trkparms=5373%3A5000006400%7C5374%3ATech%7C5079%3A5000006400,694.78,53.49
2026-05-22 22:13:00,"2019 Apple iPad Air 3 256GB Cellular 10.5"" - (Silver) A2123 w/1 Year Warranty",190.86,779.0,Shipping info unavailable,https://www.ebay.com/itm/358552740328?_trkparms=5373%3A5000006400%7C5374%3ATech%7C5079%3A5000006400,588.14,75.5
2026-05-22 22:13:00,"2025 Apple M3 iPad Air 7 13"" 1TB WiFi Only (Space Gray) 4CQ04LL/A w/Warranty",1004.55,1299.0,Shipping info unavailable,https://www.ebay.com/itm/377168114902?_trkparms=5373%3A5000006400%7C5374%3ATech%7C5079%3A5000006400,294.45000000000005,22.67
2026-05-22 22:13:00,"2019 Apple iPad Air 3 64GB WiFi/Cellular 10.5"" - (Gold) A2123 w/1 Year Warranty",138.72,629.0,Shipping info unavailable,https://www.ebay.com/itm/358534239670?_trkparms=5373%3A5000006400%7C5374%3ATech%7C5079%3A5000006400,490.28,77.95
2026-05-22 22:13:00,"2019 Apple 90%+ Battery iPad 7 32GB WiFi/Cellular 10.2"" (Gold) A2198 w/Warranty",172.24,459.0,Shipping info unavailable,https://www.ebay.com/itm/147309391510?_trkparms=5373%3A5000006400%7C5374%3ATech%7C5079%3A5000006400,286.76,62.47
2026-05-22 22:13:00,"2019 Apple iPad Air 3 90%+ Battery 256GB Cellular 10.5"" (Gold) A2123 w/Warranty",242.99,779.0,Shipping info unavailable,https://www.ebay.com/itm/377177665978?_trkparms=5373%3A5000006400%7C5374%3ATech%7C5079%3A5000006400,536.01,68.81
2026-05-22 22:13:01,"2022 Apple M2 MacBook Air 13.6"" 90%+ 8GB/256GB (Starlight) A2681 w/Warranty",593.98,1199.0,Shipping info unavailable,https://www.ebay.com/itm/377136590275?_trkparms=5373%3A5000006400%7C5374%3ATech%7C5079%3A5000006400,605.02,50.46
2026-05-22 22:13:01,"2025 Apple M3 iPad Air 7 1TB Cellular 13"" (Starlight) 4CJG4LL/A w/Warranty",958.93,1449.0,Shipping info unavailable,https://www.ebay.com/itm/147299275548?_trkparms=5373%3A5000006400%7C5374%3ATech%7C5079%3A5000006400,490.07000000000005,33.82
2026-05-22 22:13:01,"2024 Apple M3 MacBook Air 13.6"" 90%+ 8GB/256GB SSD (Midnight) A3113 w/Warranty",670.32,1099.0,Shipping info unavailable,https://www.ebay.com/itm/358442646528?_trkparms=5373%3A5000006400%7C5374%3ATech%7C5079%3A5000006400,428.67999999999995,39.01
2026-05-22 22:13:01,"2023 Apple M3 MacBook Air 13.6"" 90%+ 16GB/512GB SSD (Midnight) A2941 w/Warranty",816.49,1499.0,Shipping info unavailable,https://www.ebay.com/itm/376913012104?_trkparms=5373%3A5000006400%7C5374%3ATech%7C5079%3A5000006400,682.51,45.53
2026-05-22 22:13:01,"2025 Apple M3 iPad Air 7 1TB WiFi/Cellular 13"" (Blue) 4CJF4LL/A w/Warranty",947.76,1449.0,Shipping info unavailable,https://www.ebay.com/itm/147299264145?_trkparms=5373%3A5000006400%7C5374%3ATech%7C5079%3A5000006400,501.24,34.59
2026-05-22 22:13:01,"2025 Apple M3 iPad Air 7 13"" 1TB WiFi Only (Blue) 4CQ14LL/A w/1 Year Warranty",927.28,1299.0,Shipping info unavailable,https://www.ebay.com/itm/358530036237?_trkparms=5373%3A5000006400%7C5374%3ATech%7C5079%3A5000006400,371.72,28.62
2026-05-22 22:13:01,"2022 Apple M2 MacBook Air 13.6"" 8GB/256GB SSD - (Space Gray) A2681 w/Warranty",499.95,1199.0,Shipping info unavailable,https://www.ebay.com/itm/376851029790?_trkparms=5373%3A5000006400%7C5374%3ATech%7C5079%3A5000006400,699.05,58.3
2026-05-22 22:13:01,"2025 Apple M3 iPad Air 7 512GB WiFi/Cellular 13"" (Blue) 4CJA4LL/A w/Warranty",878.86,1249.0,Shipping info unavailable,https://www.ebay.com/itm/147305959918?_trkparms=5373%3A5000006400%7C5374%3ATech%7C5079%3A5000006400,370.14,29.63
2026-05-22 22:13:01,"2022 Apple M2 MacBook Air 13"" 90%+ 3.49GHz/8GB/512GB (Silver) A2681 w/Warranty",637.74,1499.0,Shipping info unavailable,https://www.ebay.com/itm/147137158137?_trkparms=5373%3A5000006400%7C5374%3ATech%7C5079%3A5000006400,861.26,57.46
2026-05-22 22:13:01,"2022 Apple 90%+ M2 MacBook Air 13"" 3.49GHz/8GB/512GB (Silver) A2681 w/Warranty",662.87,1299.0,Shipping info unavailable,https://www.ebay.com/itm/358525925151?_trkparms=5373%3A5000006400%7C5374%3ATech%7C5079%3A5000006400,636.13,48.97
2026-05-22 22:13:07,ASUS AX5400 WiFi 6 Gaming Router (RT-AX82U) - AiMesh Compatible,88.99,149.99,Free shipping,https://www.ebay.com/itm/168357577522?_trkparms=5373%3A5000006400%7C5374%3ATech%7C5079%3A5000006427,61.000000000000014,40.67
2026-05-23 03:52:52,"Dell Latitude 5430 14"" FHD Laptop Intel Core i7-1265U 32GB 512GB W11P",417.99,799.99,Shipping info unavailable,https://www.ebay.com/itm/168384711460?_trkparms=5373%3A5000006400%7C5374%3ATech%7C5079%3A5000006400,382.0,47.75
2026-05-23 03:52:53,"Dell Precision 3560 Workstation: 15.6"" FHD, i5-1135G7, 16GB|256GB, W11 Pro",349.99,899.99,Shipping info unavailable,https://www.ebay.com/itm/168354991000?_trkparms=5373%3A5000006400%7C5374%3ATech%7C5079%3A5000006400,550.0,61.11
2026-05-23 03:52:53,"Dell Latitude 5430 14"" FHD Laptop Intel Core i7-1265U 16GB 256GB W11P",389.99,799.99,Shipping info unavailable,https://www.ebay.com/itm/168378167069?_trkparms=5373%3A5000006400%7C5374%3ATech%7C5079%3A5000006400,410.0,51.25
2026-05-23 03:52:53,"Dell Latitude 7430 14"" FHD Laptop Intel Core i7-1265U 16GB RAM 512GB SSD W11P",419.99,1999.99,Shipping info unavailable,https://www.ebay.com/itm/168346379921?_trkparms=5373%3A5000006400%7C5374%3ATech%7C5079%3A5000006400,1580.0,79.0
2026-05-23 03:52:53,"Dell Latitude 7430 14"" FHD Laptop: i7-1255U - 16GB - 512GB - Windows 11",424.99,799.99,Shipping info unavailable,https://www.ebay.com/itm/168327587328?_trkparms=5373%3A5000006400%7C5374%3ATech%7C5079%3A5000006400,375.0,46.88
2026-05-23 03:52:53,"Apple MacBook Pro 13"" 2020 A2251 2.0GHz Intel i5 16GB RAM 1TB SSD Gray • Good",399.0,399.0,Free shipping,https://www.ebay.com/itm/298321352458?_trkparms=5373%3A5000006400%7C5374%3ATech%7C5079%3A5000006400,0.0,0.0
2026-05-23 03:52:54,"Apple iPhone 16 Pro Max 256GB Unlocked 6.9"" - (Desert Titanium) A3084 w/Warranty",769.28,1199.0,Shipping info unavailable,https://www.ebay.com/itm/376713345938?_trkparms=5373%3A5000006400%7C5374%3ATech%7C5079%3A5000006400,429.72,35.84
2026-05-23 03:52:54,"2020 Apple M1 MacBook Air 13"" 8GB/128GB - (Space Gray/Etching) A2337 w/Warranty",301.64,899.0,Shipping info unavailable,https://www.ebay.com/itm/146910880436?_trkparms=5373%3A5000006400%7C5374%3ATech%7C5079%3A5000006400,597.36,66.45
2026-05-23 03:52:54,"Apple iPhone 16 Pro 256GB Unlocked 90%+ 6.3"" (Black Titanium) A3083 w/Warranty",744.55,1099.0,Shipping info unavailable,https://www.ebay.com/itm/358119809745?_trkparms=5373%3A5000006400%7C5374%3ATech%7C5079%3A5000006400,354.45000000000005,32.25
2026-05-23 03:52:54,"Apple iPhone 13 6.1"" Unlocked 128GB (Midnight) - A2482 w/1 Year Warranty",277.66,799.0,Shipping info unavailable,https://www.ebay.com/itm/375394114917?_trkparms=5373%3A5000006400%7C5374%3ATech%7C5079%3A5000006400,521.3399999999999,65.25
2026-05-23 03:52:54,"2022 Apple M2 MacBook Air 13.6"" 8GB/256GB SSD (Silver) A2681 - w/Year Warranty",566.05,1199.0,Shipping info unavailable,https://www.ebay.com/itm/377131636118?_trkparms=5373%3A5000006400%7C5374%3ATech%7C5079%3A5000006400,632.95,52.79
2026-05-23 03:52:54,"Apple MacBook Pro 14"" M3 Pro 14-Core GPU A2992 18GB RAM 512GB SSD 2023 • Good",975.57,975.57,Free shipping,https://www.ebay.com/itm/305987608102?_trkparms=5373%3A5000006400%7C5374%3ATech%7C5079%3A5000006400,0.0,0.0
2026-05-23 03:52:54,"Apple iPhone 14 128GB Unlocked 6.1"" - (Starlight) A2649 w/1 Year Warranty",269.1,799.0,Shipping info unavailable,https://www.ebay.com/itm/356455164197?_trkparms=5373%3A5000006400%7C5374%3ATech%7C5079%3A5000006400,529.9,66.32
2026-05-23 03:52:55,"Apple iPhone 14 Plus 128GB Unlocked 90%+ Battery 6.7"" (Red) A2632 w/Warranty",394.62,899.0,Shipping info unavailable,https://www.ebay.com/itm/377196125932?_trkparms=5373%3A5000006400%7C5374%3ATech%7C5079%3A5000006400,504.38,56.1
2026-05-23 03:52:55,Apple iPhone 16 Pro Max 256GB Unlocked 90%+ Battery (Desert) A3084 w/Warranty,816.82,1199.0,Shipping info unavailable,https://www.ebay.com/itm/146976812416?_trkparms=5373%3A5000006400%7C5374%3ATech%7C5079%3A5000006400,382.17999999999995,31.87
2026-05-23 03:52:55,"2020 Apple MacBook Air 13.3"" i7 1.20GHz/16GB/1TB SSD - (Gold) A2179 w/Warranty",485.98,1599.0,Shipping info unavailable,https://www.ebay.com/itm/358581817185?_trkparms=5373%3A5000006400%7C5374%3ATech%7C5079%3A5000006400,1113.02,69.61
2026-05-23 03:52:55,"Microsoft Surface Pro 7 12"" i5 1.10GHz/8GB/128GB SSD Type Cover w/Warranty",271.85,999.0,Shipping info unavailable,https://www.ebay.com/itm/358001086193?_trkparms=5373%3A5000006400%7C5374%3ATech%7C5079%3A5000006400,727.15,72.79
2026-05-23 03:52:55,"Apple iPad Pro 13"" M5 Chip 256GB Black MDYJ4LL/A WiFi 2025 90%+ Batt • Excellent",1022.07,1022.07,Free shipping,https://www.ebay.com/itm/306652209551?_trkparms=5373%3A5000006400%7C5374%3ATech%7C5079%3A5000006400,0.0,0.0
2026-05-23 03:52:55,"2021 Apple iPad 9 64GB Cellular 90%+ Battery 10.2"" (Silver) A2603 w/Warranty",202.03,459.0,Shipping info unavailable,https://www.ebay.com/itm/357653827460?_trkparms=5373%3A5000006400%7C5374%3ATech%7C5079%3A5000006400,256.97,55.98
2026-05-24 04:12:44,"2020 Apple MacBook Pro 13"" i5 2.00GHz/16GB/1TB SSD - (Silver) A2251 w/Warranty",364.02,1999.0,Shipping info unavailable,https://www.ebay.com/itm/358070970824?_trkparms=5373%3A5000006400%7C5374%3ATech%7C5079%3A5000006400,1634.98,81.79
2026-05-24 19:25:04,"HP OmniBook 5 Laptop Computer 16"" 2K Intel Core i5 8 GB memory;512 GB SSD",599.99,1299.99,Free shipping,https://www.ebay.com/itm/157456617396?_trkparms=5373%3A5000006400%7C5374%3ATech%7C5079%3A5000006407,700.0,53.85
2026-05-25 04:24:18,"2022 Apple iPad Pro 6 512GB WiFi/Unlocked 12.9"" (Space Gray) 4P623LL/A w/Warrant",726.18,1599.0,Shipping info unavailable,https://www.ebay.com/itm/357836751074?_trkparms=5373%3A5000006400%7C5374%3ATech%7C5079%3A5000006400,872.82,54.59
2026-05-25 10:21:55,Cobra RAD 480i Radar/Laser Detector Updateable BLUETOOTH Certified Refurbished,93.99,149.99,Shipping info unavailable,https://www.ebay.com/itm/114899621461?_trkparms=5373%3A5000006400%7C5374%3ATech%7C5079%3A5000006400,56.000000000000014,37.34
2026-05-25 10:21:56,ESCORT Radar M2 Radar-Mounted Smart Dash Cam 1080P Full HD Certified Refurbished,117.99,199.95,Shipping info unavailable,https://www.ebay.com/itm/326885910707?_trkparms=5373%3A5000006400%7C5374%3ATech%7C5079%3A5000006400,81.96,40.99
2026-05-25 10:21:56,Cobra PRO 3000W Certified Refurbished 3000 Watts 6000 Peak Power Inverter AC/DC,187.99,379.95,Shipping info unavailable,https://www.ebay.com/itm/125492942749?_trkparms=5373%3A5000006400%7C5374%3ATech%7C5079%3A5000006400,191.95999999999998,50.52
2026-05-25 10:21:56,Cobra Smart Dual View Dash Cam SC 250R 4K 32 GB CarPlay Certified Refurbished,121.99,259.95,Shipping info unavailable,https://www.ebay.com/itm/127525625532?_trkparms=5373%3A5000006400%7C5374%3ATech%7C5079%3A5000006400,137.95999999999998,53.07
2026-05-25 15:20:50,Apple iPhone 13 A15 Bionic Chip 128GB Midnight Locked to ATT ML933LL/A 2021,205.0,799.0,Shipping info unavailable,https://www.ebay.com/itm/306475468931?_trkparms=5373%3A5000006400%7C5374%3ATech%7C5079%3A5000006400,594.0,74.34
2026-05-25 15:20:50,"Apple Macbook Pro 14"" M1 Pro 32GB 1TB SSD 16-Core GPU Space Gray Z15G001X8LL/A",969.0,2799.0,Shipping info unavailable,https://www.ebay.com/itm/389925348530?_trkparms=5373%3A5000006400%7C5374%3ATech%7C5079%3A5000006400,1830.0,65.38
2026-05-25 15:20:50,"Apple iPad Air 10.9"" 5th Gen 64GB Wi-Fi + Cellular Tablet Space Gray MM6R3LL/A",285.0,749.0,Shipping info unavailable,https://www.ebay.com/itm/306839922385?_trkparms=5373%3A5000006400%7C5374%3ATech%7C5079%3A5000006400,464.0,61.95
2026-05-25 15:20:50,"Apple Macbook Pro 14"" M2 Pro 16GB RAM 1TB SSD 19-Core GPU Space Gray MPHF3LL/A",939.0,2499.0,Shipping info unavailable,https://www.ebay.com/itm/306883244584?_trkparms=5373%3A5000006400%7C5374%3ATech%7C5079%3A5000006400,1560.0,62.42
2026-05-25 15:20:50,"Apple Macbook Air 13.6"" M2 Chip 24GB 2TB SSD 10-Core GPU Midnight Z1610005LLL/A",929.0,2199.0,Shipping info unavailable,https://www.ebay.com/itm/306895010201?_trkparms=5373%3A5000006400%7C5374%3ATech%7C5079%3A5000006400,1270.0,57.75
2026-05-25 15:20:50,"Apple Macbook Pro 14"" M2 Pro 16GB RAM 1TB SSD Space Gray MPHF3LL/A 2023 Model",1049.0,2499.0,Shipping info unavailable,https://www.ebay.com/itm/306880738976?_trkparms=5373%3A5000006400%7C5374%3ATech%7C5079%3A5000006400,1450.0,58.02
2026-05-25 15:20:51,"Apple Macbook Pro 14"" M2 Pro Chip 16GB RAM 1TB SSD 19-Core GPU Silver MPHJ3LL/A",1049.0,2499.0,Shipping info unavailable,https://www.ebay.com/itm/306888699333?_trkparms=5373%3A5000006400%7C5374%3ATech%7C5079%3A5000006400,1450.0,58.02
2026-05-25 15:20:51,Apple AirPods 4 w Active Noise Cancellation & True Wireless White MXP93LL/A 2024,82.99,179.99,Shipping info unavailable,https://www.ebay.com/itm/336344343951?_trkparms=5373%3A5000006400%7C5374%3ATech%7C5079%3A5000006400,97.00000000000001,53.89
2026-05-25 15:20:51,Apple AirPods 3rd Generation White w/ MagSafe Charging Case MME73AM/A,83.0,179.0,Shipping info unavailable,https://www.ebay.com/itm/389405556111?_trkparms=5373%3A5000006400%7C5374%3ATech%7C5079%3A5000006400,96.0,53.63
2026-05-25 15:20:51,Apple AirPods 4 with Active Noise Cancellation - White MXP93LL/A,84.99,179.99,Shipping info unavailable,https://www.ebay.com/itm/389238473784?_trkparms=5373%3A5000006400%7C5374%3ATech%7C5079%3A5000006400,95.00000000000001,52.78
2026-05-25 15:20:51,"Apple Macbook Air 13.6"" M2 Chip 16GB RAM 1TB SSD 10-Core GPU Midnight MN703LL/A",829.0,1699.0,Shipping info unavailable,https://www.ebay.com/itm/336540248356?_trkparms=5373%3A5000006400%7C5374%3ATech%7C5079%3A5000006400,870.0,51.21
2026-05-25 15:20:51,"Apple Macbook Air 13.6"" M2 16GB RAM 1TB SSD 10-Core GPU Space Gray MNQP3LL/A",759.0,1599.0,Shipping info unavailable,https://www.ebay.com/itm/336574473538?_trkparms=5373%3A5000006400%7C5374%3ATech%7C5079%3A5000006400,840.0,52.53
2026-05-25 15:20:51,Apple Airpods Pro 2nd Wireless Active Noise Cancelling Earbuds - White MTJV3LL/A,124.99,249.99,Shipping info unavailable,https://www.ebay.com/itm/389081485739?_trkparms=5373%3A5000006400%7C5374%3ATech%7C5079%3A5000006400,125.00000000000001,50.0
2026-05-25 15:20:51,Apple Airpods Pro 2nd Generation w/ Magsafe Charging Case White MQD83AM/A,129.99,249.0,Shipping info unavailable,https://www.ebay.com/itm/389373094808?_trkparms=5373%3A5000006400%7C5374%3ATech%7C5079%3A5000006400,119.00999999999999,47.8
2026-05-25 15:20:51,Apple iPhone 16 5G ATT 128GB Black MYAP3LL/A iOS Smartphone,429.0,799.0,Shipping info unavailable,https://www.ebay.com/itm/389908429949?_trkparms=5373%3A5000006400%7C5374%3ATech%7C5079%3A5000006400,370.0,46.31
2026-05-25 15:20:52,Apple Watch Ultra 2 49mm GPS + Cell Titanium Case w Blue Ocean Band MREG3LW/A,429.0,799.0,Shipping info unavailable,https://www.ebay.com/itm/335510081895?_trkparms=5373%3A5000006400%7C5374%3ATech%7C5079%3A5000006400,370.0,46.31
2026-05-25 15:20:52,Apple Watch Ultra 2 49mm GPS + Cellular Titanium Case w/ Blue Band MREG3LL/A,429.0,799.0,Shipping info unavailable,https://www.ebay.com/itm/386720904098?_trkparms=5373%3A5000006400%7C5374%3ATech%7C5079%3A5000006400,370.0,46.31
2026-05-25 15:20:52,"Apple Macbook Pro 14"" M2 Pro 16GB RAM 1TB SSD 19-Core GPU Space Gray FPHF3LL/A",1139.0,1999.0,Shipping info unavailable,https://www.ebay.com/itm/336540265121?_trkparms=5373%3A5000006400%7C5374%3ATech%7C5079%3A5000006400,860.0,43.02
2026-05-25 15:20:52,Apple iPhone 16 5G ATT 128GB Black MYAP3LL/A iOS Smartphone,479.0,799.0,Shipping info unavailable,https://www.ebay.com/itm/306888905006?_trkparms=5373%3A5000006400%7C5374%3ATech%7C5079%3A5000006400,320.0,40.05
2026-05-25 15:20:52,Apple AirPods Pro 3rd Wireless Active Noise Cancelling Earbuds - White MFHP4LL/A,154.99,249.0,Shipping info unavailable,https://www.ebay.com/itm/306633328373?_trkparms=5373%3A5000006400%7C5374%3ATech%7C5079%3A5000006400,94.00999999999999,37.76
2026-05-25 15:20:52,Apple iPhone 16 Pro 5G Verizon 256GB Natural Titanium MYMK3LL/A iOS Smartphone,629.0,999.0,Shipping info unavailable,https://www.ebay.com/itm/147042314908?_trkparms=5373%3A5000006400%7C5374%3ATech%7C5079%3A5000006400,370.0,37.04
2026-05-25 15:20:52,Apple Watch Series 11 42mm GPS Rose Gold Light Blush Sport S/M MEU04LW/A 2025,259.0,399.0,Shipping info unavailable,https://www.ebay.com/itm/306585065505?_trkparms=5373%3A5000006400%7C5374%3ATech%7C5079%3A5000006400,140.0,35.09
2026-05-25 15:20:53,Apple Watch Series 11 46mm GPS Jet Black Case w Black Sport Band M/L MEUX4LW/A,279.0,429.0,Shipping info unavailable,https://www.ebay.com/itm/306605192437?_trkparms=5373%3A5000006400%7C5374%3ATech%7C5079%3A5000006400,150.0,34.97
2026-05-25 15:20:53,"Apple MacBook Air 15"" M4 24GB 1TB SSD 10-Core GPU Silver Z1H0000B1LL/A 2025",1129.0,1799.0,Shipping info unavailable,https://www.ebay.com/itm/306946657918?_trkparms=5373%3A5000006400%7C5374%3ATech%7C5079%3A5000006400,670.0,37.24
2026-05-25 15:20:53,Apple AirPods 4 with Active Noise Cancellation - White MXP93LL/A,109.99,179.99,Free shipping,https://www.ebay.com/itm/136498024221?_trkparms=5373%3A5000006400%7C5374%3ATech%7C5079%3A5000006400,70.00000000000001,38.89
2026-05-25 15:20:54,Samsung Galaxy Z Fold6 512GB F956U Unlocked - Good,649.99,649.99,Free shipping,https://www.ebay.com/itm/257067135733?_trkparms=5373%3A5000006400%7C5374%3ATech%7C5079%3A5000006423,0.0,0.0
2026-05-25 15:20:55,Logitech G29 Driving Force Race Wheel (941-000110),145.0,329.99,Free shipping,https://www.ebay.com/itm/167949222267?_trkparms=5373%3A5000006400%7C5374%3ATech%7C5079%3A5000006401,184.99,56.06
2026-05-25 15:20:55,Nintendo 3DS / 3DS XL LL Region Free Console Bundle Red Blue Pink White Black,14.99,14.99,Free shipping,https://www.ebay.com/itm/406700406756?_trkparms=5373%3A5000006400%7C5374%3ATech%7C5079%3A5000006401,0.0,0.0
2026-05-25 15:20:55,Apple iPad 11th Gen 128GB Silver Wi-Fi MD3Y4LL/A,309.0,349.0,Free shipping,https://www.ebay.com/itm/127367587204?_trkparms=5373%3A5000006400%7C5374%3ATech%7C5079%3A5000006415,40.0,11.46
2026-05-25 15:20:55,iPad Pro 13-inch M4 Chip 1TB Wi-Fi + Cellular Space Black Nano-Texture MWRY3LL/A,1099.0,1099.0,Free shipping,https://www.ebay.com/itm/366216393228?_trkparms=5373%3A5000006400%7C5374%3ATech%7C5079%3A5000006415,0.0,0.0
2026-05-25 15:20:55,2025 Apple iPad 11th Gen A16 128GB Wi-Fi Silver MD3Y4LL/A,309.0,309.0,Free shipping,https://www.ebay.com/itm/277126673332?_trkparms=5373%3A5000006400%7C5374%3ATech%7C5079%3A5000006415,0.0,0.0
2026-05-25 15:20:56,Apple iPad Pro 11-inch M5 Chip Wi-Fi 256GB Space Black MDKW4LL/A,949.0,949.0,Free shipping,https://www.ebay.com/itm/366068442528?_trkparms=5373%3A5000006400%7C5374%3ATech%7C5079%3A5000006415,0.0,0.0
2026-05-25 15:20:56,Samsung Galaxy Buds3 2024 -  AI True Wireless Bluetooth - Silver - Excellent,86.39,86.39,Free shipping,https://www.ebay.com/itm/167947950960?_trkparms=5373%3A5000006400%7C5374%3ATech%7C5079%3A5000006419,0.0,0.0
2026-05-25 15:20:56,Anker 3-in-1 Cube MagSafe Charger Stand 15W Foldable Wireless Charging for Apple,44.53,129.99,Free shipping,https://www.ebay.com/itm/388423713115?_trkparms=5373%3A5000006400%7C5374%3ATech%7C5079%3A5000006419,85.46000000000001,65.74
2026-05-25 15:20:57,"soundcore Sleep A30 by Anker Sleep Earbuds, Smart Active Noise Cancelling Sleep",162.49,183.99,Free shipping,https://www.ebay.com/itm/389314614822?_trkparms=5373%3A5000006400%7C5374%3ATech%7C5079%3A5000006403,21.5,11.69
2026-05-25 15:20:57,HP OfficeJet Pro 9135e Wireless AiO Color Inkjet Printer - Never Initialized,169.0,187.78,Free shipping,https://www.ebay.com/itm/336348226493?_trkparms=5373%3A5000006400%7C5374%3ATech%7C5079%3A5000006417,18.78,10.0
2026-05-25 15:20:57,ESCORT MAX 3 Certified Refurbished Laser Radar Detector Bluetooth Updatable M4++,249.95,299.95,Free shipping,https://www.ebay.com/itm/226809648450?_trkparms=5373%3A5000006400%7C5374%3ATech%7C5079%3A5000006432,50.0,16.67
2026-05-25 15:20:58,Canon RF 100-400mm f/5.6-8 IS USM Lens - 5050C002 - Telephoto Zoom - BRAND NEW,659.0,749.99,Free shipping,https://www.ebay.com/itm/204691619537?_trkparms=5373%3A5000006400%7C5374%3ATech%7C5079%3A5000006425,90.99000000000001,12.13
2026-05-25 15:20:58,Meta Quest 3S 256GB (Refurbished),409.99,409.99,Free shipping,https://www.ebay.com/itm/405845421155?_trkparms=5373%3A5000006400%7C5374%3ATech%7C5079%3A5000006413,0.0,0.0
2026-05-25 15:20:59,Apple MX2D3AM/A Pencil Pro - White,83.0,119.0,Free shipping,https://www.ebay.com/itm/135325866352?_trkparms=5373%3A5000006400%7C5374%3ATech%7C5079%3A5000006427,36.0,30.25
2026-05-25 15:20:59,Genuine OEM 65W USB-C Type-C Lenovo Adapter Charger ADLX65YDC2A ThinkPad Yoga,13.5,13.5,Free shipping,https://www.ebay.com/itm/406678034201?_trkparms=5373%3A5000006400%7C5374%3ATech%7C5079%3A5000006427,0.0,0.0
2026-05-25 15:20:59,Samsung Galaxy Z Fold6 512GB F956U Unlocked - Good,649.99,649.99,Free shipping,https://www.ebay.com/itm/257067135733?_trkparms=5373%3A5000006400%7C5374%3ATech%7C5079%3A5000006411,0.0,0.0
2026-05-25 22:13:59,Meta Quest 3S 128GB (Refurbished),319.99,319.99,Free shipping,https://www.ebay.com/itm/405845419215?_trkparms=5373%3A5000006400%7C5374%3ATech%7C5079%3A5000006413,0.0,0.0
2026-05-25 22:14:00,ZOTAC GAMING GeForce RTX 4070 12GB GDDR6X Twin Edge OC VIDEO Graphics CARD,449.0,799.0,Free shipping,https://www.ebay.com/itm/226905319747?_trkparms=5373%3A5000006400%7C5374%3ATech%7C5079%3A5000006405,350.0,43.8
2026-05-26 04:09:45,"Apple iPad Air 11"" M3 chip Wi-Fi 7th Gen 128GB Space Gray MC9W4LL/A 2025 Model",429.0,599.0,Free shipping,https://www.ebay.com/itm/365513005439?_trkparms=5373%3A5000006400%7C5374%3ATech%7C5079%3A5000006415,170.0,28.38
2026-05-26 04:09:46,"Bose Ultra Open Earbuds, Certified Refurbished",249.0,249.0,Free shipping,https://www.ebay.com/itm/186628375702?_trkparms=5373%3A5000006400%7C5374%3ATech%7C5079%3A5000006403,0.0,0.0
2026-05-26 10:09:23,Apple iPhone 14 Plus 128GB Fully Unlocked - VERY GOOD Condition,302.99,302.99,Free shipping,https://www.ebay.com/itm/326210377293?_trkparms=5373%3A5000006400%7C5374%3ATech%7C5079%3A5000006423,0.0,0.0
2026-05-26 10:09:24,JBL PartyBox 1000 Portable Bluetooth Party Speaker with Full Panel Light Effects,817.0,1349.95,Free shipping,https://www.ebay.com/itm/184651964031?_trkparms=5373%3A5000006400%7C5374%3ATech%7C5079%3A5000006409,532.95,39.48
2026-05-26 10:09:28,WOLFBOX MF50/MF100/MF200 Electric Air Duster Super Power Turbo Fan for Keyboard,33.99,33.99,Free shipping,https://www.ebay.com/itm/227048796882?_trkparms=5373%3A5000006400%7C5374%3ATech%7C5079%3A5000006427,0.0,0.0
2026-05-26 10:09:29,Epson EcoTank ET-2988 Printer - White - Certified Refurbished,149.99,169.99,Free shipping,https://www.ebay.com/itm/198026237563?_trkparms=5373%3A5000006400%7C5374%3ATech%7C5079%3A5000006405,20.0,11.77
2026-05-26 15:56:07,"Samsung 65"" Class 4K (2160p) LED Smart  TV (UN65U7900FFXZA)",272.0,428.0,Free shipping,https://www.ebay.com/itm/127521000018?_trkparms=5373%3A5000006400%7C5374%3ATech%7C5079%3A5000006409,156.0,36.45
2026-05-26 15:56:09,"Seagate ST14000NM0018 14TB 256MB 7200RPM 3.5"" SATA 6.0Gb/s Enterprise Hard Drive",339.99,339.99,Free shipping,https://www.ebay.com/itm/177956626728?_trkparms=5373%3A5000006400%7C5374%3ATech%7C5079%3A5000006421,0.0,0.0
2026-05-26 15:56:10,"Kicker PTRTP Powered Down-Firing 12"" Subwoofer Enclosure",376.6,549.99,Free shipping,https://www.ebay.com/itm/157443413221?_trkparms=5373%3A5000006400%7C5374%3ATech%7C5079%3A5000006432,173.39,31.53
2026-05-26 22:25:07,Apple AirPods Pro 3rd Wireless Active Noise Cancelling Earbuds - White MFHP4LL/A,189.99,249.0,Free shipping,https://www.ebay.com/itm/136568619471?_trkparms=5373%3A5000006400%7C5374%3ATech%7C5079%3A5000006400,59.00999999999999,23.7
2026-05-26 22:25:07,"Apple Macbook Air 13"" M5 Chip 1TB SSD 16GB RAM 10-core GPU Midnight MDHF4LL/A",1099.0,1249.0,Free shipping,https://www.ebay.com/itm/137192013503?_trkparms=5373%3A5000006400%7C5374%3ATech%7C5079%3A5000006400,150.0,12.01
2026-05-26 22:25:07,"Apple Macbook Neo 13"" A18 Pro 8GB 256GB 5-Core GPU Silver MHFA4LL/A 2026 Model",549.0,599.0,Free shipping,https://www.ebay.com/itm/137267989836?_trkparms=5373%3A5000006400%7C5374%3ATech%7C5079%3A5000006400,50.0,8.35
2026-05-26 22:25:07,"Apple Macbook Neo 13"" A18 Pro Chip 8GB RAM 512GB SSD 5-Core GPU Indigo MHFG4LL/A",629.0,699.0,Free shipping,https://www.ebay.com/itm/137276501253?_trkparms=5373%3A5000006400%7C5374%3ATech%7C5079%3A5000006400,70.0,10.01
2026-05-26 22:25:07,Apple Watch Ultra 3 49mm LTE Natural Titanium w Light Blue Alpine Loop MEWP4LW/A,629.0,799.0,Free shipping,https://www.ebay.com/itm/146954972961?_trkparms=5373%3A5000006400%7C5374%3ATech%7C5079%3A5000006400,170.0,21.28
2026-05-26 22:25:08,"Apple iPad Air 11"" M4 Chip WiFi Tablet 128GB Space Gray MH304LL/A 2026 Model",549.0,599.0,Free shipping,https://www.ebay.com/itm/147238498414?_trkparms=5373%3A5000006400%7C5374%3ATech%7C5079%3A5000006400,50.0,8.35
2026-05-26 22:25:08,"Apple Macbook Air 13"" M5 Chip 16GB 512GB SSD 8-core GPU Sky Blue MDHH4LL/A 2026",949.0,1099.0,Free shipping,https://www.ebay.com/itm/147257849143?_trkparms=5373%3A5000006400%7C5374%3ATech%7C5079%3A5000006400,150.0,13.65
2026-05-26 22:25:08,"Apple iPad Air 13"" M4 Chip WiFi Tablet 128GB Space Gray MH5N4LL/A 2026 Model",679.0,799.0,Free shipping,https://www.ebay.com/itm/147257850038?_trkparms=5373%3A5000006400%7C5374%3ATech%7C5079%3A5000006400,120.0,15.02
2026-05-26 22:25:08,"Apple Macbook Neo 13"" A18 Pro 8GB 256GB 5-Core GPU Indigo MHFF4LL/A 2026 Model",549.0,599.0,Free shipping,https://www.ebay.com/itm/147285113907?_trkparms=5373%3A5000006400%7C5374%3ATech%7C5079%3A5000006400,50.0,8.35
2026-05-26 22:25:08,Apple Watch SE 3 40mm GPS Starlight Aluminum Case w Sport Band S/M MEH34LW/A,174.0,249.0,Shipping info unavailable,https://www.ebay.com/itm/306546187560?_trkparms=5373%3A5000006400%7C5374%3ATech%7C5079%3A5000006400,75.0,30.12
2026-05-26 22:25:09,Apple Watch SE 3 40mm GPS Starlight Aluminum Case w Sport Band S/M MEH34LW/A,179.0,249.0,Shipping info unavailable,https://www.ebay.com/itm/306634328501?_trkparms=5373%3A5000006400%7C5374%3ATech%7C5079%3A5000006400,70.0,28.11
2026-05-26 22:25:09,Apple Watch Series 11 46mm GPS Jet Black Case w Black Sport Band M/L MEUX4LW/A,309.0,429.0,Shipping info unavailable,https://www.ebay.com/itm/306672096606?_trkparms=5373%3A5000006400%7C5374%3ATech%7C5079%3A5000006400,120.0,27.97
2026-05-26 22:25:09,"Apple Macbook Air 15"" M4 Chip 16GB RAM 1TB SSD 10-Core GPU Midnight MDG94LL/A",1129.0,1599.0,Shipping info unavailable,https://www.ebay.com/itm/306894998048?_trkparms=5373%3A5000006400%7C5374%3ATech%7C5079%3A5000006400,470.0,29.39
2026-05-26 22:25:09,"Apple Macbook Air 13.6"" M2 Chip 16GB 1TB SSD 10-Core GPU Midnight Z161000Q4LL/A",759.0,999.0,Shipping info unavailable,https://www.ebay.com/itm/306897560892?_trkparms=5373%3A5000006400%7C5374%3ATech%7C5079%3A5000006400,240.0,24.02
2026-05-26 22:25:10,Logitech G29 Driving Force Race Wheel (941-000110),145.0,329.99,Free shipping,https://www.ebay.com/itm/167949222267?_trkparms=5373%3A5000006400%7C5374%3ATech%7C5079%3A5000006400,184.99,56.06
2026-05-26 22:25:10,Apple iPhone 17 Pro A3256 512GB Unlocked Very Good Condition,1132.29,1132.29,Free shipping,https://www.ebay.com/itm/358162960394?_trkparms=5373%3A5000006400%7C5374%3ATech%7C5079%3A5000006400,0.0,0.0
2026-05-26 22:25:13,Apple iPad Pro 13-inch M5 Chip Wi-Fi 256GB Space Black MDYJ4LL/A,979.0,979.0,Free shipping,https://www.ebay.com/itm/366068443915?_trkparms=5373%3A5000006400%7C5374%3ATech%7C5079%3A5000006415,0.0,0.0
2026-05-26 22:25:15,Sigma 18-50mm f/2.8 DC DN Contemporary Lens for Sony E - 585965 - BRAND NEW,549.0,659.99,Free shipping,https://www.ebay.com/itm/204525671960?_trkparms=5373%3A5000006400%7C5374%3ATech%7C5079%3A5000006425,110.99000000000001,16.82
2026-05-26 22:25:16,"VITURE Pro XR/AR Glasses - 135"" 120Hz 1000Nits UltraClarity Display",179.0,179.0,Free shipping,https://www.ebay.com/itm/366224415483?_trkparms=5373%3A5000006400%7C5374%3ATech%7C5079%3A5000006413,0.0,0.0
2026-05-26 22:25:16,Genuine HT03XL Battery For HP Pavilion 15-DA 15-DB 15-DW 15-DY 14-CE L11119-855,26.88,28.9,Free shipping,https://www.ebay.com/itm/257160415396?_trkparms=5373%3A5000006400%7C5374%3ATech%7C5079%3A5000006427,2.0199999999999996,6.99
2026-05-27 04:22:56,"HP OmniBook 5 Laptop Computer 16"" 2K Snapdragon X 16 GB memory;256 GB SSD",529.99,1069.99,Free shipping,https://www.ebay.com/itm/157294506244?_trkparms=5373%3A5000006400%7C5374%3ATech%7C5079%3A5000006407,540.0,50.47
2026-05-27 04:22:57,"Apple iPad Pro 13"" M5 OLED Wi-Fi Tablet 256GB Space Black MDYJ4LL/A 2025 Model",899.0,1299.0,Free shipping,https://www.ebay.com/itm/365977552927?_trkparms=5373%3A5000006400%7C5374%3ATech%7C5079%3A5000006415,400.0,30.79
2026-05-27 04:22:58,Soundcore Space One Wireless Headphones 40H ANC Playtime 2XStronger Voice Reduct,69.99,99.99,Free shipping,https://www.ebay.com/itm/383751650575?_trkparms=5373%3A5000006400%7C5374%3ATech%7C5079%3A5000006403,30.0,30.0
2026-05-27 04:23:00,"AOSU Floodlight Camera Wired, 3K UHD Security Camera Outdoor, 360° Surveillance",79.99,159.99,Free shipping,https://www.ebay.com/itm/388974709567?_trkparms=5373%3A5000006400%7C5374%3ATech%7C5079%3A5000006413,80.00000000000001,50.0
2026-05-27 04:23:00,Soundcore Space One Wireless Headphones 40H ANC Playtime 2XStronger Voice Reduct,69.99,99.99,Free shipping,https://www.ebay.com/itm/383751650575?_trkparms=5373%3A5000006400%7C5374%3ATech%7C5079%3A5000006413,30.0,30.0
2026-05-27 04:23:01,"MSI G32C4XS 31.5"" FHD Curved Gaming Monitor, 250Hz/1ms 3000:1 HDR Ready",149.99,199.99,Free shipping,https://www.ebay.com/itm/326049399384?_trkparms=5373%3A5000006400%7C5374%3ATech%7C5079%3A5000006405,50.0,25.0
2026-05-27 16:00:17,"Samsung 65"" Class 4K (2160p) LED Smart  TV (UN65U7900FFXZA)",272.0,428.0,Free shipping,https://www.ebay.com/itm/127521000018?_trkparms=5373%3A5000006400%7C5374%3ATech%7C5079%3A5000006400,156.0,36.45
2026-05-27 16:00:17,ZOTAC GAMING GeForce RTX 4070 12GB GDDR6X Twin Edge OC VIDEO Graphics CARD,449.0,799.0,Free shipping,https://www.ebay.com/itm/226905319747?_trkparms=5373%3A5000006400%7C5374%3ATech%7C5079%3A5000006400,350.0,43.8
2026-05-27 16:00:17,"Microsoft Surface Pro 8 13"" Tablet Copilot Core i7-1185G7 16GB 256GB SSD",509.99,559.0,Free shipping,https://www.ebay.com/itm/178128780999?_trkparms=5373%3A5000006400%7C5374%3ATech%7C5079%3A5000006400,49.00999999999999,8.77
2026-05-27 16:00:17,G923 Racing Wheel and Pedals for PS5 PS4 and PC-USB-PLUGA-N 941-000147,175.0,399.99,Free shipping,https://www.ebay.com/itm/167039851912?_trkparms=5373%3A5000006400%7C5374%3ATech%7C5079%3A5000006400,224.99,56.25
2026-05-27 20:25:31,Apple MacBook Pro 2023 A2779 14in M2 Pro 12 Core CPU 16GB RAM 1TB SSD Good,1134.95,2499.0,Shipping info unavailable,https://www.ebay.com/itm/298062386848?_trkparms=5373%3A5000006400%7C5374%3ATech%7C5079%3A5000006400,1364.05,54.58
2026-05-27 20:25:31,Samsung Galaxy S25 Ultra 512GB Unlocked ATT T-Mobile Verizon Excellent Condition,819.06,1419.99,Shipping info unavailable,https://www.ebay.com/itm/306565694193?_trkparms=5373%3A5000006400%7C5374%3ATech%7C5079%3A5000006400,600.9300000000001,42.32
2026-05-27 20:25:31,"Apple MacBook Air (13-inch, M2, 2022) 8GB RAM - 256GB SSD  8-core GPU- Good",584.0,584.0,Free shipping,https://www.ebay.com/itm/365693037902?_trkparms=5373%3A5000006400%7C5374%3ATech%7C5079%3A5000006400,0.0,0.0
2026-05-27 20:25:31,Apple MacBook Pro 2023 A2992 14in M3 Pro 12 Core CPU 18GB RAM 1TB SSD Good,1173.95,2399.0,Shipping info unavailable,https://www.ebay.com/itm/298017366878?_trkparms=5373%3A5000006400%7C5374%3ATech%7C5079%3A5000006400,1225.05,51.07
2026-05-27 20:25:31,Apple MacBook Air 2023 A2941 15in M2 10 Core GPU 8GB RAM 256GB SSD Good,606.95,1299.0,Shipping info unavailable,https://www.ebay.com/itm/306540266095?_trkparms=5373%3A5000006400%7C5374%3ATech%7C5079%3A5000006400,692.05,53.28
2026-05-27 20:25:32,Apple MacBook Pro 2021 14in M1 Pro 10 CPU 16 GPU 16GB RAM 1TB SSD Excellent,800.95,2499.0,Shipping info unavailable,https://www.ebay.com/itm/296196552900?_trkparms=5373%3A5000006400%7C5374%3ATech%7C5079%3A5000006400,1698.05,67.95
2026-05-27 20:25:32,Apple iPad Air M2 2024 11-inch Wi-Fi + 5G Cellular Unlocked 512GB Good Condition,496.95,1049.0,Shipping info unavailable,https://www.ebay.com/itm/298232613467?_trkparms=5373%3A5000006400%7C5374%3ATech%7C5079%3A5000006400,552.05,52.63
2026-05-27 20:25:32,Apple MacBook Pro 2023 A2779 14in M2 Pro 10 CPU 16GB RAM 512GB SSD Very Good,864.95,1999.0,Shipping info unavailable,https://www.ebay.com/itm/298029132780?_trkparms=5373%3A5000006400%7C5374%3ATech%7C5079%3A5000006400,1134.05,56.73
2026-05-27 20:25:32,Apple iPhone 16 Pro 128GB Factory Unlocked AT&T T-Mobile Verizon Good Condition,633.7,999.0,Shipping info unavailable,https://www.ebay.com/itm/296993628795?_trkparms=5373%3A5000006400%7C5374%3ATech%7C5079%3A5000006400,365.29999999999995,36.57
2026-05-27 20:25:32,Apple MacBook Pro 2023 A2918 14in M3 10 Core GPU 8GB RAM 512GB SSD Very Good,784.95,1599.0,Shipping info unavailable,https://www.ebay.com/itm/297674356422?_trkparms=5373%3A5000006400%7C5374%3ATech%7C5079%3A5000006400,814.05,50.91
2026-05-27 20:25:32,Google Pixel 8 256GB Factory Unlocked AT&T T-Mobile Verizon Very Good Condition,262.03,759.0,Shipping info unavailable,https://www.ebay.com/itm/306768894858?_trkparms=5373%3A5000006400%7C5374%3ATech%7C5079%3A5000006400,496.97,65.48
2026-05-27 20:25:32,Google Pixel 9 256GB Factory Unlocked AT&T T-Mobile Verizon Excellent Condition,457.39,899.0,Shipping info unavailable,https://www.ebay.com/itm/298095674545?_trkparms=5373%3A5000006400%7C5374%3ATech%7C5079%3A5000006400,441.61,49.12
2026-05-27 20:25:32,Apple iPhone 16 Pro 256GB Unlocked AT&T T-Mobile Verizon Very Good Condition,695.64,1099.0,Shipping info unavailable,https://www.ebay.com/itm/296803620749?_trkparms=5373%3A5000006400%7C5374%3ATech%7C5079%3A5000006400,403.36,36.7
2026-05-27 20:25:33,Apple iPhone 15 128GB Factory Unlocked AT&T T-Mobile Verizon Very Good Condition,400.21,799.0,Shipping info unavailable,https://www.ebay.com/itm/296129124843?_trkparms=5373%3A5000006400%7C5374%3ATech%7C5079%3A5000006400,398.79,49.91
2026-05-27 20:25:33,Apple iPhone 17 512GB Factory Unlocked AT&T T-Mobile Verizon Excellent Condition,904.83,999.0,Shipping info unavailable,https://www.ebay.com/itm/298167420027?_trkparms=5373%3A5000006400%7C5374%3ATech%7C5079%3A5000006400,94.16999999999996,9.43
2026-05-27 20:25:33,Google Pixel 8 Pro 128GB Factory Unlocked AT&T T-Mobile Verizon Good Condition,290.62,999.0,Shipping info unavailable,https://www.ebay.com/itm/306732574193?_trkparms=5373%3A5000006400%7C5374%3ATech%7C5079%3A5000006400,708.38,70.91
2026-05-27 20:25:33,Apple MacBook Air 2023 A2941 15in M2 10 Core GPU 24GB RAM 256GB SSD Excellent,845.95,1699.0,Shipping info unavailable,https://www.ebay.com/itm/306842962726?_trkparms=5373%3A5000006400%7C5374%3ATech%7C5079%3A5000006400,853.05,50.21
2026-05-27 20:25:33,Apple MacBook Pro 2023 A2779 14in M2 Pro 12 Core CPU 16GB RAM 1TB SSD Very Good,1153.95,2499.0,Shipping info unavailable,https://www.ebay.com/itm/306884321704?_trkparms=5373%3A5000006400%7C5374%3ATech%7C5079%3A5000006400,1345.05,53.82
2026-05-27 20:25:33,Apple MacBook Air 2024 A3113 13in M3 10 Core GPU 8GB RAM 1TB SSD Excellent,807.95,1499.0,Shipping info unavailable,https://www.ebay.com/itm/298088726139?_trkparms=5373%3A5000006400%7C5374%3ATech%7C5079%3A5000006400,691.05,46.1
2026-05-27 20:25:33,Google Pixel 7 Pro 256GB Factory Unlocked AT&T T-Mobile Verizon Good Condition,228.67,999.0,Shipping info unavailable,https://www.ebay.com/itm/298026912169?_trkparms=5373%3A5000006400%7C5374%3ATech%7C5079%3A5000006400,770.33,77.11
2026-05-27 20:25:35,"Apple MacBook Pro 14"" M5 chip 16GB RAM 1TB SSD Space Black MDE14LL/A 2025 Model",1349.0,1799.0,Free shipping,https://www.ebay.com/itm/136778917146?_trkparms=5373%3A5000006400%7C5374%3ATech%7C5079%3A5000006407,450.0,25.01
2026-05-27 20:25:36,"Apple iPad Pro 6th Gen A2436 12.9"" 256GB - Wi-Fi only - Space Gray - New in Box",674.99,674.99,Free shipping,https://www.ebay.com/itm/227274448071?_trkparms=5373%3A5000006400%7C5374%3ATech%7C5079%3A5000006415,0.0,0.0
2026-05-28 04:13:15,Apple MacBook Air 2023 A2941 15in M2 10 Core GPU 8GB RAM 1TB SSD Excellent,849.95,1699.0,Shipping info unavailable,https://www.ebay.com/itm/298088726035?_trkparms=5373%3A5000006400%7C5374%3ATech%7C5079%3A5000006400,849.05,49.97
2026-05-28 04:13:15,Apple iPhone 16 256GB Factory Unlocked Open Box Mint Smartphone A3081,700.41,899.0,Free shipping,https://www.ebay.com/itm/306115164346?_trkparms=5373%3A5000006400%7C5374%3ATech%7C5079%3A5000006400,198.59000000000003,22.09
2026-05-28 10:15:55,Apple iPhone 16e 256GB Factory Unlocked AT&T T-Mobile Verizon Good Condition,419.27,699.0,Shipping info unavailable,https://www.ebay.com/itm/306396741619?_trkparms=5373%3A5000006400%7C5374%3ATech%7C5079%3A5000006400,279.73,40.02
2026-05-28 16:14:44,Olympus OM System 12-40mm f2.8 M.Zuiko ED PRO II Lens Micro 4/3 MFT,628.88,999.0,Free shipping,https://www.ebay.com/itm/205996230549?_trkparms=5373%3A5000006400%7C5374%3ATech%7C5079%3A5000006400,370.12,37.05
2026-05-28 16:14:44,Skullcandy Crusher Xt Wireless Foldable Over Ear Headphones (refurb) - BLACK,52.0,109.99,Free shipping,https://www.ebay.com/itm/267286389968?_trkparms=5373%3A5000006400%7C5374%3ATech%7C5079%3A5000006400,57.989999999999995,52.72
2026-05-28 20:31:55,"MSI PRO MP161 E2U 16"" Full HD 16:9 4ms IPS LED Monitor, Black and Silver - Open",95.75,95.75,Free shipping,https://www.ebay.com/itm/336509016258?_trkparms=5373%3A5000006400%7C5374%3ATech%7C5079%3A5000006400,0.0,0.0
2026-05-28 20:31:55,Peerless Flat + Tilt Smart Mount for select X-Large Flat Panel TVs (Black),201.0,270.0,Free shipping,https://www.ebay.com/itm/317628139344?_trkparms=5373%3A5000006400%7C5374%3ATech%7C5079%3A5000006400,69.0,25.56
2026-05-28 20:31:55,Apple iPhone 16e 128GB Unlocked Excellent Condition,403.99,699.99,Shipping info unavailable,https://www.ebay.com/itm/357518005199?_trkparms=5373%3A5000006400%7C5374%3ATech%7C5079%3A5000006400,296.0,42.29
2026-05-28 20:31:56,"Apple iPad Air 16GB Wifi, Space Grey - OPEN BOX",356.0,539.99,Free shipping,https://www.ebay.com/itm/317728051039?_trkparms=5373%3A5000006400%7C5374%3ATech%7C5079%3A5000006400,183.99,34.07
2026-05-28 20:31:56,Samsung 5m One Invisible Connection Cable for Samsung Neo QLED 8K TVs,14.4,199.0,Free shipping,https://www.ebay.com/itm/326757140602?_trkparms=5373%3A5000006400%7C5374%3ATech%7C5079%3A5000006400,184.6,92.76
2026-05-28 20:31:56,Microsoft Surface Laptop 5 13.5 Intel i5; 8GB/512GB Touch; Sage (R1S-00051) - Op,998.0,1299.99,Free shipping,https://www.ebay.com/itm/335427578224?_trkparms=5373%3A5000006400%7C5374%3ATech%7C5079%3A5000006400,301.99,23.23
2026-05-28 20:31:56,Samsung CY-SUC10SH1 UHD Video Pack,232.0,397.99,Free shipping,https://www.ebay.com/itm/335141295797?_trkparms=5373%3A5000006400%7C5374%3ATech%7C5079%3A5000006400,165.99,41.71
2026-05-28 20:31:56,"Microsoft DAG-00001 Surface 13.5"" Intel i5-7200U 8/256GB Touch Laptop",874.0,1043.0,Free shipping,https://www.ebay.com/itm/315071462643?_trkparms=5373%3A5000006400%7C5374%3ATech%7C5079%3A5000006400,169.0,16.2
2026-05-28 20:31:56,"Bose Videobar VB-S, All-in-One USB Conferencing Device, 4K Camera, Mics Open Box",145.0,349.0,Free shipping,https://www.ebay.com/itm/326658396180?_trkparms=5373%3A5000006400%7C5374%3ATech%7C5079%3A5000006400,204.0,58.45
2026-05-28 20:31:56,Sony VCLHG1730A 1.7x High Grade Telephoto Conversion Lens for 30mm,106.0,199.99,Free shipping,https://www.ebay.com/itm/335160947274?_trkparms=5373%3A5000006400%7C5374%3ATech%7C5079%3A5000006400,93.99000000000001,47.0
2026-05-28 20:31:56,Microsoft Surface Laptop 3 8GB/256GB 15-inch Touchscreen Laptop - VGZ-00001 - Op,893.0,1499.0,Free shipping,https://www.ebay.com/itm/325876616846?_trkparms=5373%3A5000006400%7C5374%3ATech%7C5079%3A5000006400,606.0,40.43
2026-05-28 20:31:56,Deco Gear 49 inch Curved Ultrawide 5K Monitor - 120Hz; 101% NTSC; 100% sRGB - Op,523.0,1099.95,Free shipping,https://www.ebay.com/itm/335445914215?_trkparms=5373%3A5000006400%7C5374%3ATech%7C5079%3A5000006400,576.95,52.45
2026-05-28 20:31:56,DJI Flip Drone with 4K UHD Camera Under 249 g 3-Axis Gimbal Stabilization - Open,433.0,541.99,Free shipping,https://www.ebay.com/itm/318081579876?_trkparms=5373%3A5000006400%7C5374%3ATech%7C5079%3A5000006400,108.99000000000001,20.11
2026-05-28 20:31:57,MSI Intel H610 DDR4 64GB - Open Box,950.0,950.0,Free shipping,https://www.ebay.com/itm/317757366665?_trkparms=5373%3A5000006400%7C5374%3ATech%7C5079%3A5000006400,0.0,0.0
2026-05-28 20:31:57,Samsung 65 inch The Frame LS03FA QLED 4K Art Mode Vision AI Smart TV (2025),888.0,5999.0,Free shipping,https://www.ebay.com/itm/317318917590?_trkparms=5373%3A5000006400%7C5374%3ATech%7C5079%3A5000006400,5111.0,85.2
2026-05-28 20:31:57,"Microsoft Surface Go 2 10.5"" Touch Tablet 128GB SSD Intel Pentium Gold Open Box",347.0,549.99,Free shipping,https://www.ebay.com/itm/317725225617?_trkparms=5373%3A5000006400%7C5374%3ATech%7C5079%3A5000006400,202.99,36.91
2026-05-28 20:31:57,Optoma EW1610 Micro Series HD DLP 2500 Lumens Projector,691.0,999.0,Free shipping,https://www.ebay.com/itm/335107336948?_trkparms=5373%3A5000006400%7C5374%3ATech%7C5079%3A5000006400,308.0,30.83
2026-05-28 20:31:57,DJI Mic Wireless Microphone System and Audio Recorder - Open Box,147.0,147.0,Free shipping,https://www.ebay.com/itm/335490776732?_trkparms=5373%3A5000006400%7C5374%3ATech%7C5079%3A5000006400,0.0,0.0
2026-05-28 20:31:57,HP Color Laserjet 4300 Smart Print Cartridge - Yellow,102.0,102.0,Free shipping,https://www.ebay.com/itm/335755878045?_trkparms=5373%3A5000006400%7C5374%3ATech%7C5079%3A5000006400,0.0,0.0
2026-05-28 20:31:57,Panasonic W70 Series 43 inch LED 4K Ultra HD Smart Fire TV - Open Box,277.0,299.99,Free shipping,https://www.ebay.com/itm/336509016528?_trkparms=5373%3A5000006400%7C5374%3ATech%7C5079%3A5000006400,22.99000000000001,7.66
2026-05-28 20:31:57,"Acer Predator XB323U GPbmiiphzx 32"" WQHD NVIDIA G-SYNC Gaming Monitor Open Box",285.0,285.0,Free shipping,https://www.ebay.com/itm/317130765601?_trkparms=5373%3A5000006400%7C5374%3ATech%7C5079%3A5000006400,0.0,0.0
2026-05-28 20:31:57,LG SKM1 2.0 Channel Compact Bluetooth Soundbar Wireless TV Speaker Open Box,40.8,99.99,Free shipping,https://www.ebay.com/itm/317196738831?_trkparms=5373%3A5000006400%7C5374%3ATech%7C5079%3A5000006400,59.19,59.2
2026-05-28 20:31:58,"Samsung 24"" Essential S3 Series FHD 100Hz 16:9 VA 1800R Curved Monitor Open Box",71.25,179.99,Free shipping,https://www.ebay.com/itm/336246932969?_trkparms=5373%3A5000006400%7C5374%3ATech%7C5079%3A5000006400,108.74000000000001,60.41
2026-05-28 20:31:58,Apple iPhone 14 128GB Network Unlocked Very Good Condition,291.99,599.99,Shipping info unavailable,https://www.ebay.com/itm/355095070816?_trkparms=5373%3A5000006400%7C5374%3ATech%7C5079%3A5000006400,308.0,51.33
2026-05-28 20:31:58,Olympus Super Wide Angle 9-18mm f/4-5.6 ED Zuiko Zoom Lens for Olympus D.SLR,278.0,699.0,Free shipping,https://www.ebay.com/itm/314944750081?_trkparms=5373%3A5000006400%7C5374%3ATech%7C5079%3A5000006400,421.0,60.23
2026-05-28 20:31:58,Gaming Console: Nintendo Switch 2 [New ],449.99,458.98,Free shipping,https://www.ebay.com/itm/397210560366?_trkparms=5373%3A5000006400%7C5374%3ATech%7C5079%3A5000006400,8.990000000000009,1.96
2026-05-28 20:31:58,Klipsch Reference Premiere RP-500M II Bookshelf Speakers – Ebony – Pair,302.0,549.99,Free shipping,https://www.ebay.com/itm/167342627158?_trkparms=5373%3A5000006400%7C5374%3ATech%7C5079%3A5000006400,247.99,45.09
2026-05-28 20:31:58,DJI Mini 4K UHD Camera Drone Combo (62-min) With Case and 2 Batteries US Stock,258.4,272.0,Free shipping,https://www.ebay.com/itm/377179037063?_trkparms=5373%3A5000006400%7C5374%3ATech%7C5079%3A5000006400,13.600000000000023,5.0
2026-05-28 20:31:59,"ASUS AS UX3407Q 14"" WUXGA Snapdragon X1 26 100 16GB 512GB SSD W11H Laptop, GR",599.0,1049.99,Free shipping,https://www.ebay.com/itm/377103106101?_trkparms=5373%3A5000006400%7C5374%3ATech%7C5079%3A5000006400,450.99,42.95
2026-05-28 20:31:59,Apple iPhone 16+ A3082 256GB Unlocked Excellent Condition,615.99,655.69,Free shipping,https://www.ebay.com/itm/357482304356?_trkparms=5373%3A5000006400%7C5374%3ATech%7C5079%3A5000006423,39.700000000000045,6.05
2026-05-28 20:31:59,"Apple MacBook Air 13"" M4 chip 16GB RAM 256GB SSD Sky Blue MC6T4LL/A 2025 Model",799.99,999.0,Free shipping,https://www.ebay.com/itm/135684516679?_trkparms=5373%3A5000006400%7C5374%3ATech%7C5079%3A5000006407,199.01,19.92
2026-05-28 20:32:00,G923 Racing Wheel and Pedals for PS5 PS4 and PC-USB-PLUGA-N 941-000147,175.0,399.99,Free shipping,https://www.ebay.com/itm/167039851912?_trkparms=5373%3A5000006400%7C5374%3ATech%7C5079%3A5000006401,224.99,56.25
2026-05-28 20:32:03,"DS18 MP4TP.4A 4  HYDRO 4"" Wakeboard Tower Speakers 600W With Amplifier Bluetooth",299.97,599.95,Free shipping,https://www.ebay.com/itm/304564633924?_trkparms=5373%3A5000006400%7C5374%3ATech%7C5079%3A5000006432,299.98,50.0
2026-05-28 20:32:03,JBL PartyBox Stage 320 Illuminated LED Wireless Bluetooth Speaker - Black,434.0,549.95,Free shipping,https://www.ebay.com/itm/157359929835?_trkparms=5373%3A5000006400%7C5374%3ATech%7C5079%3A5000006413,115.95000000000005,21.08
2026-05-28 20:32:04,Apple iPhone 16+ A3082 256GB Unlocked Excellent Condition,615.99,655.69,Free shipping,https://www.ebay.com/itm/357482304356?_trkparms=5373%3A5000006400%7C5374%3ATech%7C5079%3A5000006411,39.700000000000045,6.05
2026-05-28 20:32:04,Samsung Galaxy Watch 5 Pro 45mm SM-R920 Smartwatch Wifi / Bluetooth - Excellent,66.45,200.0,Free shipping,https://www.ebay.com/itm/286760729001?_trkparms=5373%3A5000006400%7C5374%3ATech%7C5079%3A5000006411,133.55,66.78
2026-05-29 04:15:35,"Dell Latitude 5420 Laptop Intel Core i7-1185G7 16GB RAM 512GB SSD 14"" FHD W11P",338.0,499.99,Shipping info unavailable,https://www.ebay.com/itm/305576935426?_trkparms=5373%3A5000006400%7C5374%3ATech%7C5079%3A5000006400,161.99,32.4
2026-05-29 04:15:36,"HP EliteBook 845 G8 Laptop AMD Ryzen 5 PRO 5650U 32GB RAM 256GB 14"" FHD W11P",333.0,499.99,Shipping info unavailable,https://www.ebay.com/itm/306472201389?_trkparms=5373%3A5000006400%7C5374%3ATech%7C5079%3A5000006400,166.99,33.4
2026-05-29 04:15:37,"Dell Latitude 5430 Laptop Intel Core i7-1255U 32GB Memory 256GB SSD  14"" W11P",394.0,499.99,Shipping info unavailable,https://www.ebay.com/itm/298260474657?_trkparms=5373%3A5000006400%7C5374%3ATech%7C5079%3A5000006400,105.99000000000001,21.2
2026-05-29 04:15:37,"Dell Precision 3571 Laptop Intel Core i7-12800H RTX A1000 32GB 512GB 15.6"" W11P",666.0,899.99,Shipping info unavailable,https://www.ebay.com/itm/389934601702?_trkparms=5373%3A5000006400%7C5374%3ATech%7C5079%3A5000006400,233.99,26.0
2026-05-29 04:15:37,"Dell Latitude 5330 Laptop Intel Core i7-1265U 16GB RAM 256GB SSD 13.3"" HD W11P",389.0,499.99,Shipping info unavailable,https://www.ebay.com/itm/298246217081?_trkparms=5373%3A5000006400%7C5374%3ATech%7C5079%3A5000006400,110.99000000000001,22.2
2026-05-29 04:15:37,"Lenovo ThinkPad X1 Carbon Gen 8 Intel Core i7-10510U 16GB RAM 256GB SSD 14"" W11P",347.0,499.99,Shipping info unavailable,https://www.ebay.com/itm/389934491984?_trkparms=5373%3A5000006400%7C5374%3ATech%7C5079%3A5000006400,152.99,30.6
2026-05-29 04:15:38,"DELL Latitude 5410 Laptop Intel Core i5-10310U 16GB RAM 256GB SSD 14"" Touch W11P",216.0,299.99,Shipping info unavailable,https://www.ebay.com/itm/298246217074?_trkparms=5373%3A5000006400%7C5374%3ATech%7C5079%3A5000006400,83.99000000000001,28.0
2026-05-29 04:15:38,"Lenovo ThinkPad T14 Gen 3 Laptop Intel Core i7-1265U 16GB 256GB SSD 14"" W11P",488.0,699.99,Shipping info unavailable,https://www.ebay.com/itm/298227357705?_trkparms=5373%3A5000006400%7C5374%3ATech%7C5079%3A5000006400,211.99,30.28
2026-05-29 04:15:38,"Dell Inspiron Laptop AMD Ryzen 7 7730U 16GB RAM 512GB SSD 15.6"" Touch W11H",379.0,499.99,Shipping info unavailable,https://www.ebay.com/itm/389989990045?_trkparms=5373%3A5000006400%7C5374%3ATech%7C5079%3A5000006400,120.99000000000001,24.2
2026-05-29 15:57:18,"Apple Macbook Air  13"" M5 Chip 16GB RAM 512GB SSD  8-core GPU Midnight MDHE4LL/A",999.0,1099.0,Free shipping,https://www.ebay.com/itm/366323625617?_trkparms=5373%3A5000006400%7C5374%3ATech%7C5079%3A5000006400,100.0,9.1
2026-05-29 15:57:20,"Bose S1 Pro+ Portable Bluetooth Speaker System, Certified Refurbished",549.0,549.0,Free shipping,https://www.ebay.com/itm/186602316011?_trkparms=5373%3A5000006400%7C5374%3ATech%7C5079%3A5000006400,0.0,0.0
2026-05-29 15:57:24,Taramps TS 400x4 400 watts RMS 4 Channels Full RCA Class D Multi Amplifier Small,49.95,49.95,Free shipping,https://www.ebay.com/itm/355430493798?_trkparms=5373%3A5000006400%7C5374%3ATech%7C5079%3A5000006432,0.0,0.0
2026-05-29 22:40:07,"Seagate IronWolf Pro ST18000NE000 18TB 7200RPM SATA 6Gb/s 3.5"" NAS Hard Drive",499.99,499.99,Free shipping,https://www.ebay.com/itm/166802198704?_trkparms=5373%3A5000006400%7C5374%3ATech%7C5079%3A5000006400,0.0,0.0
2026-06-01 11:48:03,Apple iPhone SE 3rd Gen 2022 Unlocked (Any Carrier) 5G SmartPhone Very Good,117.99,420.0,Shipping info unavailable,https://www.ebay.com/itm/198065439472?_trkparms=5373%3A5000006400%7C5374%3ATech%7C5079%3A5000006400,302.01,71.91
2026-06-01 11:48:03,Motorola Moto G Stylus 5G 2025 XT2517-2 Unlocked (Any Carrier) 128GB Excellent,179.99,400.0,Shipping info unavailable,https://www.ebay.com/itm/326886708665?_trkparms=5373%3A5000006400%7C5374%3ATech%7C5079%3A5000006400,220.01,55.0
2026-06-01 11:48:03,Samsung Galaxy S24+ Plus 5G S926U1 512GB Unlocked Excellent Refurbished,592.99,999.99,Shipping info unavailable,https://www.ebay.com/itm/205348723996?_trkparms=5373%3A5000006400%7C5374%3ATech%7C5079%3A5000006400,407.0,40.7
2026-06-01 11:48:03,Apple iPhone 15 A2846 128GB Unlocked - Excellent Refurbished,445.99,999.99,Shipping info unavailable,https://www.ebay.com/itm/205857605181?_trkparms=5373%3A5000006400%7C5374%3ATech%7C5079%3A5000006400,554.0,55.4
2026-06-01 11:48:03,Motorola Moto Razr+ Plus 2025 XT2557-3 256GB Unlocked (Any Carrier) SmartPhone,355.99,800.0,Free shipping,https://www.ebay.com/itm/197793329753?_trkparms=5373%3A5000006400%7C5374%3ATech%7C5079%3A5000006400,444.01,55.5
2026-06-01 11:48:03,Apple iPhone XS MAX Fully Unlocked (Any Carrier) 64GB 256GB 512GB Very Good,147.99,1000.0,Shipping info unavailable,https://www.ebay.com/itm/206241217486?_trkparms=5373%3A5000006400%7C5374%3ATech%7C5079%3A5000006400,852.01,85.2
2026-06-01 11:48:03,Samsung Galaxy S24 S921U S921U1 128GB Smartphone Unlocked Excellent Refurbished,387.99,999.99,Shipping info unavailable,https://www.ebay.com/itm/205318482138?_trkparms=5373%3A5000006400%7C5374%3ATech%7C5079%3A5000006400,612.0,61.2
2026-06-01 11:48:03,Apple iPhone 14 Plus A2632 256GB Unlocked - Good Refurbished,342.99,999.99,Shipping info unavailable,https://www.ebay.com/itm/205874936114?_trkparms=5373%3A5000006400%7C5374%3ATech%7C5079%3A5000006400,657.0,65.7
2026-06-01 11:48:04,Google Pixel 6 5G GB7N6 Unlocked AT&T T-Mobile 128GB 512GB Good Refurbished,123.99,999.99,Shipping info unavailable,https://www.ebay.com/itm/204733253931?_trkparms=5373%3A5000006400%7C5374%3ATech%7C5079%3A5000006400,876.0,87.6
2026-06-01 11:48:04,Apple iPhone 12 Pro Max 512GB A2342 Unlocked AT&T T-Mobile Good Refurbished,390.99,1699.99,Shipping info unavailable,https://www.ebay.com/itm/205346809265?_trkparms=5373%3A5000006400%7C5374%3ATech%7C5079%3A5000006400,1309.0,77.0
2026-06-01 11:48:04,Samsung Galaxy S23 S911U1 128GB 256GB Unlocked Excellent,265.99,999.99,Shipping info unavailable,https://www.ebay.com/itm/186372160670?_trkparms=5373%3A5000006400%7C5374%3ATech%7C5079%3A5000006400,734.0,73.4
2026-06-01 11:48:04,Samsung Galaxy S10 G973U 128GB 512GB Unlocked (Any Carrier) Good,122.99,500.0,Shipping info unavailable,https://www.ebay.com/itm/196151466682?_trkparms=5373%3A5000006400%7C5374%3ATech%7C5079%3A5000006400,377.01,75.4
2026-06-01 11:48:04,Apple iPhone 12 Pro Unlocked (Any Carrier) SmartPhone,254.93,1000.0,Free shipping,https://www.ebay.com/itm/196165104083?_trkparms=5373%3A5000006400%7C5374%3ATech%7C5079%3A5000006400,745.0699999999999,74.51
2026-06-01 11:48:05,Apple iPhone XR 128GB A1984 Unlocked AT&T T-Mobile Verizon Good Refurbished,157.99,999.99,Shipping info unavailable,https://www.ebay.com/itm/356660437971?_trkparms=5373%3A5000006400%7C5374%3ATech%7C5079%3A5000006400,842.0,84.2
2026-06-01 11:48:05,Samsung Galaxy S22+ 5G SM-S906U1 128GB 256GB Unlocked Good,159.99,999.99,Shipping info unavailable,https://www.ebay.com/itm/204769441593?_trkparms=5373%3A5000006400%7C5374%3ATech%7C5079%3A5000006400,840.0,84.0
2026-06-01 11:48:05,"Samsung Galaxy S20 FE 5G SM-G781U1 Factory Unlocked 128GB 6.5"" Phone Good",124.99,999.99,Shipping info unavailable,https://www.ebay.com/itm/356516812626?_trkparms=5373%3A5000006400%7C5374%3ATech%7C5079%3A5000006400,875.0,87.5
2026-06-01 11:48:05,Apple iPhone 12 mini 64GB Unlocked AT&T Verizon T-Mobile Very Good Refurbished,161.99,899.99,Shipping info unavailable,https://www.ebay.com/itm/187038353760?_trkparms=5373%3A5000006400%7C5374%3ATech%7C5079%3A5000006400,738.0,82.0
2026-06-01 11:48:05,Apple iPhone XS MAX Fully Unlocked (Any Carrier) 64GB 256GB 512GB Good,144.99,1000.0,Shipping info unavailable,https://www.ebay.com/itm/324774195703?_trkparms=5373%3A5000006400%7C5374%3ATech%7C5079%3A5000006400,855.01,85.5
2026-06-01 11:48:06,Apple iPhone 14 Plus A2632 256GB Unlocked - Very Good Refurbished,379.99,999.99,Shipping info unavailable,https://www.ebay.com/itm/357929316677?_trkparms=5373%3A5000006400%7C5374%3ATech%7C5079%3A5000006400,620.0,62.0
2026-06-01 11:48:06,Apple iPhone 15 Plus 128GB Unlocked Very Good Condition,408.28,408.28,Free shipping,https://www.ebay.com/itm/356312979103?_trkparms=5373%3A5000006400%7C5374%3ATech%7C5079%3A5000006423,0.0,0.0
2026-06-01 11:48:09,Apple - AirPods 4 with Active Noise Cancellation (MXP93LL/A),88.99,179.99,Free shipping,https://www.ebay.com/itm/365681922953?_trkparms=5373%3A5000006400%7C5374%3ATech%7C5079%3A5000006419,91.00000000000001,50.56
2026-06-01 11:48:12,Apple Watch Series 10 GPS + Cellular 46mm Smartwatch Aluminium Case - Excellent,239.99,239.99,Free shipping,https://www.ebay.com/itm/186778908059?_trkparms=5373%3A5000006400%7C5374%3ATech%7C5079%3A5000006411,0.0,0.0
2026-06-01 17:54:22,"WD Ultrastar DC HC530 14TB SATA 6G 3.5"" 7200RPM Enterprise HDD - WUH721414ALE604",339.99,339.99,Free shipping,https://www.ebay.com/itm/155672990441?_trkparms=5373%3A5000006400%7C5374%3ATech%7C5079%3A5000006400,0.0,0.0
2026-06-01 17:54:22,"JBL JBLCLIP5BLKAM-Z Clip 5 Portable Speaker, Black - Certified Refurbished",51.99,79.95,Shipping info unavailable,https://www.ebay.com/itm/135349585256?_trkparms=5373%3A5000006400%7C5374%3ATech%7C5079%3A5000006400,27.96,34.97
2026-06-01 17:54:22,Fujifilm Instax Mini SE Instant Camera Gray with 10 Film Prints + Accessory Kit,80.99,107.95,Shipping info unavailable,https://www.ebay.com/itm/326885188525?_trkparms=5373%3A5000006400%7C5374%3ATech%7C5079%3A5000006400,26.960000000000008,24.97
2026-06-01 17:54:22,JBL JBLBAR500PROBLKAM-Z  5.1-Ch Soundbar System - Certified Refurbished,426.99,599.95,Shipping info unavailable,https://www.ebay.com/itm/136404918592?_trkparms=5373%3A5000006400%7C5374%3ATech%7C5079%3A5000006400,172.96000000000004,28.83
2026-06-01 17:54:22,JBL JBLT520BTWHTAM-Z Tune 520BT Wireless Headphones White -Certified Refurbished,31.99,49.95,Shipping info unavailable,https://www.ebay.com/itm/135462659625?_trkparms=5373%3A5000006400%7C5374%3ATech%7C5079%3A5000006400,17.960000000000004,35.96
2026-06-01 17:54:22,JBL JBLBAR300PROBLKAM-Z  5.0Ch Compact All-In-One Soundbar Certified Refurbished,236.99,399.95,Shipping info unavailable,https://www.ebay.com/itm/135244384811?_trkparms=5373%3A5000006400%7C5374%3ATech%7C5079%3A5000006400,162.95999999999998,40.75
2026-06-01 17:54:22,JBL JBLXTREME3BLKAM-Z Xtreme 3 Waterproof Speaker Black - Certified Refurbished,189.99,329.95,Shipping info unavailable,https://www.ebay.com/itm/135218593970?_trkparms=5373%3A5000006400%7C5374%3ATech%7C5079%3A5000006400,139.95999999999998,42.42
2026-06-01 17:54:22,Fujifilm Instax Mini SE Instant Camera Green with 10 Film Prints + Accessory Kit,80.99,107.95,Shipping info unavailable,https://www.ebay.com/itm/326885188773?_trkparms=5373%3A5000006400%7C5374%3ATech%7C5079%3A5000006400,26.960000000000008,24.97
2026-06-01 17:54:23,"JBL JBLLINK20BLKUS-Z Link 20 Voice-activated Portable Speaker,Black-Refurbished",74.99,149.95,Shipping info unavailable,https://www.ebay.com/itm/136931880915?_trkparms=5373%3A5000006400%7C5374%3ATech%7C5079%3A5000006400,74.96,49.99
2026-06-01 17:54:23,Fujifilm Instax Mini SE Instant Camera Purple with 10 Film Prints+ Accessory Kit,80.99,107.95,Shipping info unavailable,https://www.ebay.com/itm/326885190049?_trkparms=5373%3A5000006400%7C5374%3ATech%7C5079%3A5000006400,26.960000000000008,24.97
2026-06-01 17:54:23,JBL JBLBAR800PROBLKAM-Z 5.1.2 Ch. Dolby Atmos Soundbar - Certified Refurbished,474.99,1199.95,Shipping info unavailable,https://www.ebay.com/itm/136874755151?_trkparms=5373%3A5000006400%7C5374%3ATech%7C5079%3A5000006400,724.96,60.42
2026-06-01 17:54:23,"JBL JBLT770NCBLKAM-Z Tune 770NC OverEar Headphones, Black -Certified Refurbished",74.99,129.95,Shipping info unavailable,https://www.ebay.com/itm/135462659643?_trkparms=5373%3A5000006400%7C5374%3ATech%7C5079%3A5000006400,54.959999999999994,42.29
2026-06-01 17:54:23,Fujifilm Instax Mini SE Fuji Instant Film Camera Blue,56.99,67.0,Shipping info unavailable,https://www.ebay.com/itm/326776200462?_trkparms=5373%3A5000006400%7C5374%3ATech%7C5079%3A5000006400,10.009999999999998,14.94
2026-06-01 17:54:23,Fujifilm Instax Mini SE Instant Camera Blue with 10 Film Prints + Accessory Kit,80.99,107.95,Shipping info unavailable,https://www.ebay.com/itm/326885187717?_trkparms=5373%3A5000006400%7C5374%3ATech%7C5079%3A5000006400,26.960000000000008,24.97
2026-06-01 17:54:23,Fujifilm Instax Mini SE Fuji Instant Film Camera Green,56.99,67.0,Shipping info unavailable,https://www.ebay.com/itm/226977599978?_trkparms=5373%3A5000006400%7C5374%3ATech%7C5079%3A5000006400,10.009999999999998,14.94
2026-06-01 17:54:23,"Apple MacBook Pro M2 16"" 2023 12-core CPU 19-core GPU 512GB SSD 16GB Ram Gray",1069.0,1473.0,Shipping info unavailable,https://www.ebay.com/itm/227039555256?_trkparms=5373%3A5000006400%7C5374%3ATech%7C5079%3A5000006400,404.0,27.43
2026-06-01 17:54:24,JBL JBLBAR700M2BLKAM-Z 5.1-Ch Dolby Atmos MK2 Soundbar System - Certified,502.99,799.95,Shipping info unavailable,https://www.ebay.com/itm/137229278941?_trkparms=5373%3A5000006400%7C5374%3ATech%7C5079%3A5000006400,296.96000000000004,37.12
2026-06-01 17:54:24,FUJIFILM INSTAX MINI LINK 2 Smartphone Printer Clay White + 20 Film Sheets,103.99,129.99,Shipping info unavailable,https://www.ebay.com/itm/326709369196?_trkparms=5373%3A5000006400%7C5374%3ATech%7C5079%3A5000006400,26.000000000000014,20.0
2026-06-01 17:54:24,Canon RF 85mm f/2 Macro IS STM Lens,512.99,649.0,Shipping info unavailable,https://www.ebay.com/itm/226883142452?_trkparms=5373%3A5000006400%7C5374%3ATech%7C5079%3A5000006400,136.01,20.96
2026-06-01 17:54:24,Canon EOS R100 Mirrorless Digital Camera with RF-S 18-45mm IS STM Lens,445.99,649.0,Shipping info unavailable,https://www.ebay.com/itm/336086105423?_trkparms=5373%3A5000006400%7C5374%3ATech%7C5079%3A5000006400,203.01,31.28
2026-06-01 17:54:24,Fujifilm Instax Mini 12 Instant Camera Lilac Purple with 10 Film + Accessory Kit,89.99,119.95,Shipping info unavailable,https://www.ebay.com/itm/336260981170?_trkparms=5373%3A5000006400%7C5374%3ATech%7C5079%3A5000006400,29.960000000000008,24.98
2026-06-01 17:54:24,JBL JBLBAR1000M2BLKAM-Z 7.1.4 Ch Dolby Atmos MK2 Soundbar - Refurbished,711.99,1599.95,Shipping info unavailable,https://www.ebay.com/itm/137229293267?_trkparms=5373%3A5000006400%7C5374%3ATech%7C5079%3A5000006400,887.96,55.5
2026-06-01 17:54:24,FUJIFILM INSTAX MINI LINK 2 Smartphone Printer Clay White,79.99,99.99,Shipping info unavailable,https://www.ebay.com/itm/225861591307?_trkparms=5373%3A5000006400%7C5374%3ATech%7C5079%3A5000006400,20.0,20.0
2026-06-01 17:54:25,"JBL JBLT770NCWHTAM-Z Tune 770NC OverEar Headphones, White -Certified Refurbished",74.99,129.95,Shipping info unavailable,https://www.ebay.com/itm/135462659697?_trkparms=5373%3A5000006400%7C5374%3ATech%7C5079%3A5000006400,54.959999999999994,42.29
2026-06-01 17:54:25,"JBL JBLBAR500M2BLKAM-Z 5.1-Ch MK2 Soundbar System, Black - Certified Refurbished",445.99,699.95,Shipping info unavailable,https://www.ebay.com/itm/137229279169?_trkparms=5373%3A5000006400%7C5374%3ATech%7C5079%3A5000006400,253.96000000000004,36.28
2026-06-01 17:54:26,"Samsung 24"" S3 S30GD IPS LED FHD 100Hz 5ms Monitor HDMI, D-sub LS24D300GANXZA",74.98,189.99,Free shipping,https://www.ebay.com/itm/396955162105?_trkparms=5373%3A5000006400%7C5374%3ATech%7C5079%3A5000006400,115.01,60.53
2026-06-01 17:54:26,"Apple iPad Air 10.9"" 5th Gen, 64GB, Wi-Fi - Good - 1 YEAR WARRANTY",241.66,241.66,Free shipping,https://www.ebay.com/itm/185764904779?_trkparms=5373%3A5000006400%7C5374%3ATech%7C5079%3A5000006400,0.0,0.0
2026-06-01 17:54:26,Samsung Galaxy S23 Ultra 256GB S918U Unlocked - Very Good,411.99,411.99,Free shipping,https://www.ebay.com/itm/256379350872?_trkparms=5373%3A5000006400%7C5374%3ATech%7C5079%3A5000006423,0.0,0.0
2026-06-01 17:54:26,Apple iPhone 12 64GB 128GB 256GB Unlocked Smartphone - Good,169.99,169.99,Free shipping,https://www.ebay.com/itm/156833155405?_trkparms=5373%3A5000006400%7C5374%3ATech%7C5079%3A5000006423,0.0,0.0
2026-06-01 17:54:26,"Apple Macbook Air 13.6"" M2 Chip 16GB RAM 1TB SSD 10-Core GPU Midnight MN703LL/A",745.0,1699.0,Free shipping,https://www.ebay.com/itm/336547535749?_trkparms=5373%3A5000006400%7C5374%3ATech%7C5079%3A5000006407,954.0,56.15
2026-06-01 17:54:26,"Apple Macbook Air 13.6"" M2 Chip 24GB 2TB SSD 10-Core GPU Midnight Z1610005LLL/A",845.0,2199.0,Free shipping,https://www.ebay.com/itm/306895010201?_trkparms=5373%3A5000006400%7C5374%3ATech%7C5079%3A5000006407,1354.0,61.57
2026-06-01 17:54:27,"Apple MacBook Air 13.6"" M4 32GB 1TB SSD 10-Core GPU Sky Blue Z1H9000GZLL/A 2025",1279.0,1799.0,Free shipping,https://www.ebay.com/itm/306950837879?_trkparms=5373%3A5000006400%7C5374%3ATech%7C5079%3A5000006407,520.0,28.9
2026-06-01 17:54:27,"Apple MacBook Air 15"" M4 chip 16GB RAM 256GB SSD Midnight MW1L3LL/A 2025 Model",999.0,1199.0,Free shipping,https://www.ebay.com/itm/388359632597?_trkparms=5373%3A5000006400%7C5374%3ATech%7C5079%3A5000006407,200.0,16.68
2026-06-01 17:54:27,"XGIMI MoGo 3 Pro Outdoor Projector Bundled with PowerBase Stand, 2.5hrs Battery",379.0,379.0,Free shipping,https://www.ebay.com/itm/317427103426?_trkparms=5373%3A5000006400%7C5374%3ATech%7C5079%3A5000006409,0.0,0.0
2026-06-01 17:54:27,DJI Mini 4K UHD Camera Drone Combo (62-min) With Case and 2 Batteries US Stock,258.4,272.0,Free shipping,https://www.ebay.com/itm/377179037063?_trkparms=5373%3A5000006400%7C5374%3ATech%7C5079%3A5000006430,13.600000000000023,5.0
2026-06-01 17:54:27,SVBONY MK127 127mm Telescopes Astronomical Professional for Jupiter & M13 & M4,479.99,533.32,Free shipping,https://www.ebay.com/itm/197423012127?_trkparms=5373%3A5000006400%7C5374%3ATech%7C5079%3A5000006430,53.33000000000004,10.0
2026-06-01 17:54:27,GoPro MAX2 True 8K 360 Video Action Camera Bundle - Black CHDFZ-311-TH,339.99,569.99,Free shipping,https://www.ebay.com/itm/336437174335?_trkparms=5373%3A5000006400%7C5374%3ATech%7C5079%3A5000006430,230.0,40.35
2026-06-01 17:54:28,🔥 Nintendo Switch OLED 64GB WHITE Joy Cons Newest Game Console + 2 Day SHIP! 🔥,259.99,369.99,Free shipping,https://www.ebay.com/itm/194991515485?_trkparms=5373%3A5000006400%7C5374%3ATech%7C5079%3A5000006401,110.0,29.73
2026-06-01 17:54:28,"Samsung Galaxy Tab A11+ 11"" WiFi Tablet 6GB 128GB Gray SM-X230NZAYXAR 2026 Model",189.99,329.99,Free shipping,https://www.ebay.com/itm/147229112770?_trkparms=5373%3A5000006400%7C5374%3ATech%7C5079%3A5000006415,140.0,42.43
2026-06-01 17:54:28,"Samsung Galaxy Tab S10+ 12.4"" 512GB Wi-Fi Tablet with S-Pen Gray SM-X820NZABXAR",649.99,1119.99,Free shipping,https://www.ebay.com/itm/365304764169?_trkparms=5373%3A5000006400%7C5374%3ATech%7C5079%3A5000006415,470.0,41.96
2026-06-01 17:54:29,Netac Internal SSD 1TB Solid State Drive M.2 2280 PCIe3.0 Gen 3 x4 NVMe 3100MB/s,149.99,149.99,Free shipping,https://www.ebay.com/itm/314547924086?_trkparms=5373%3A5000006400%7C5374%3ATech%7C5079%3A5000006421,0.0,0.0
2026-06-01 17:54:29,Netac SSD 500GB 1TB 2TB PCIe NVMe Gen3x4 M.2 Solid State Drive  PC/Laptop lot,55.99,55.99,Free shipping,https://www.ebay.com/itm/313293169130?_trkparms=5373%3A5000006400%7C5374%3ATech%7C5079%3A5000006421,0.0,0.0
2026-06-01 17:54:29,Netac 1TB M.2 2280 Internal SSD PCIe Gen3x4 NVMe Solid State Drive 2500MB/s,125.99,125.99,Free shipping,https://www.ebay.com/itm/315785016361?_trkparms=5373%3A5000006400%7C5374%3ATech%7C5079%3A5000006421,0.0,0.0
2026-06-01 17:54:29,Beats Studio Pro Wireless Noise Cancelling Headphones - Black MQTP3LL/A,129.99,349.99,Free shipping,https://www.ebay.com/itm/306634327835?_trkparms=5373%3A5000006400%7C5374%3ATech%7C5079%3A5000006403,220.0,62.86
2026-06-01 17:54:29,Apple AirPods Pro 3rd Wireless Active Noise Cancelling Earbuds - White MFHP4LL/A,174.99,249.0,Free shipping,https://www.ebay.com/itm/389238481744?_trkparms=5373%3A5000006400%7C5374%3ATech%7C5079%3A5000006403,74.00999999999999,29.72
2026-06-01 17:54:30,REDTIGER 4K Dash Cam Front and Rear Dual Dash Camera WIFI&GPS With 32GB SD Card,85.99,135.99,Free shipping,https://www.ebay.com/itm/285048811560?_trkparms=5373%3A5000006400%7C5374%3ATech%7C5079%3A5000006432,50.000000000000014,36.77
2026-06-01 17:54:30,REDTIGER A6 3Channel Dash Cam Front Inside Rear 4K/2.5K+1080P+1080P Touch Screen,114.99,159.99,Free shipping,https://www.ebay.com/itm/286304196256?_trkparms=5373%3A5000006400%7C5374%3ATech%7C5079%3A5000006432,45.000000000000014,28.13
2026-06-01 17:54:31,Lot of 10 Genuine OEM Apple 96W USB-C AC Power Adapter Charger A2166,229.0,229.0,Free shipping,https://www.ebay.com/itm/117107241380?_trkparms=5373%3A5000006400%7C5374%3ATech%7C5079%3A5000006427,0.0,0.0
2026-06-01 17:54:31,OBSBOT Tiny 2 Lite 4K Webcam PC AI Tracking PTZ Streaming Camera VLOG PRO,134.99,199.0,Free shipping,https://www.ebay.com/itm/297533735781?_trkparms=5373%3A5000006400%7C5374%3ATech%7C5079%3A5000006427,64.00999999999999,32.17
2026-06-01 17:54:31,Samsung Galaxy S23 Ultra 256GB S918U Unlocked - Very Good,411.99,411.99,Free shipping,https://www.ebay.com/itm/256379350872?_trkparms=5373%3A5000006400%7C5374%3ATech%7C5079%3A5000006411,0.0,0.0
2026-06-01 17:54:31,Apple iPhone 12 64GB 128GB 256GB Unlocked Smartphone - Good,169.99,169.99,Free shipping,https://www.ebay.com/itm/156833155405?_trkparms=5373%3A5000006400%7C5374%3ATech%7C5079%3A5000006411,0.0,0.0
2026-06-01 17:54:32,"Refurbished HUION KAMVAS 16 (Gen 3) Graphics Tablet Pen Display 15.8"" 2.5K QHD",429.0,429.0,Free shipping,https://www.ebay.com/itm/236723431483?_trkparms=5373%3A5000006400%7C5374%3ATech%7C5079%3A5000006405,0.0,0.0
2026-06-01 17:54:32,HUION KAMVAS PRO 16 Stand Graphic Drawing Tablet  Display Certified Refurbished,239.9,399.0,Free shipping,https://www.ebay.com/itm/236020007620?_trkparms=5373%3A5000006400%7C5374%3ATech%7C5079%3A5000006405,159.1,39.87
2026-06-01 21:39:38,Google Pixel 8 Pro G1MNW Unlocked 128GB Bay Good,242.87,242.87,Free shipping,https://www.ebay.com/itm/186584820382?_trkparms=5373%3A5000006400%7C5374%3ATech%7C5079%3A5000006400,0.0,0.0
2026-06-01 21:39:42,Google Pixel 8 Pro G1MNW Unlocked 128GB Bay Good,242.87,242.87,Free shipping,https://www.ebay.com/itm/186584820382?_trkparms=5373%3A5000006400%7C5374%3ATech%7C5079%3A5000006423,0.0,0.0
2026-06-01 21:39:48,Google Pixel 8 Pro G1MNW Unlocked 128GB Bay Good,242.87,242.87,Free shipping,https://www.ebay.com/itm/186584820382?_trkparms=5373%3A5000006400%7C5374%3ATech%7C5079%3A5000006411,0.0,0.0
2026-06-01 21:39:48,Apple Watch Series 11 42mm GPS Space Gray w Black Sport Band S/M MEQW4LW/A 2025,249.99,399.0,Free shipping,https://www.ebay.com/itm/136617718063?_trkparms=5373%3A5000006400%7C5374%3ATech%7C5079%3A5000006411,149.01,37.35
2026-06-02 04:44:01,Samsung Galaxy S25+ 256GB Unlocked | Very Good Condition,579.99,999.99,Shipping info unavailable,https://www.ebay.com/itm/357459896472?_trkparms=5373%3A5000006400%7C5374%3ATech%7C5079%3A5000006400,420.0,42.0
2026-06-02 04:44:01,Samsung Galaxy Z Fold 4 5G F936U1 512GB FACTORY UNLOCKED GSM + CDMA - OPEN BOX,449.48,449.48,Free shipping,https://www.ebay.com/itm/116882721345?_trkparms=5373%3A5000006400%7C5374%3ATech%7C5079%3A5000006400,0.0,0.0
2026-06-02 04:44:01,Samsung Galaxy S23 128GB  FACTORY UNLOCKED VERIZON ATT TMOBILE METRO  - OPEN BOX,269.48,269.48,Free shipping,https://www.ebay.com/itm/116521502140?_trkparms=5373%3A5000006400%7C5374%3ATech%7C5079%3A5000006400,0.0,0.0
2026-06-02 04:44:02,"Apple MacBook Pro 2019 16"" Intel i7-9750H 16GB 512GB SSD A2141",468.0,1678.0,Shipping info unavailable,https://www.ebay.com/itm/267544870092?_trkparms=5373%3A5000006400%7C5374%3ATech%7C5079%3A5000006400,1210.0,72.11
2026-06-02 04:44:02,Skullcandy DIME 2 XT True Wireless Earbuds - True Black (Certified Refurbished),13.32,29.99,Shipping info unavailable,https://www.ebay.com/itm/374643214638?_trkparms=5373%3A5000006400%7C5374%3ATech%7C5079%3A5000006400,16.669999999999998,55.59
2026-06-02 04:44:02,"SKULLCANDY PLYR XT Gaming Headset with Mic, Purple-(Certified Refurbished)",56.83,99.99,Shipping info unavailable,https://www.ebay.com/itm/375991327361?_trkparms=5373%3A5000006400%7C5374%3ATech%7C5079%3A5000006400,43.16,43.16
2026-06-02 04:44:02,Samsung Galaxy S23 Ultra 256GB SM-S918U1 Factory Unlocked - OPEN BOX,414.48,414.48,Free shipping,https://www.ebay.com/itm/116793764040?_trkparms=5373%3A5000006400%7C5374%3ATech%7C5079%3A5000006400,0.0,0.0
2026-06-02 04:44:02,Skullcandy DIME 2 XT True Earbuds - Light Blue Gray  (Certified Refurbished),13.32,29.99,Shipping info unavailable,https://www.ebay.com/itm/266226674028?_trkparms=5373%3A5000006400%7C5374%3ATech%7C5079%3A5000006400,16.669999999999998,55.59
2026-06-02 04:44:03,Dell Latitude 5320 FHD Touchscreen Laptop Intel Core i7 16GB RAM 512GB SSD W11P,425.0,425.0,Free shipping,https://www.ebay.com/itm/336433938008?_trkparms=5373%3A5000006400%7C5374%3ATech%7C5079%3A5000006400,0.0,0.0
2026-06-02 04:44:03,Skullcandy Icon ANC Wireles- (Certified Refurbished)-BLACK,47.61,98.99,Shipping info unavailable,https://www.ebay.com/itm/267338888072?_trkparms=5373%3A5000006400%7C5374%3ATech%7C5079%3A5000006400,51.379999999999995,51.9
2026-06-02 04:44:03,Skullcandy Sesh ANC Active -BLACK ORANGE (Certified Refurbished),36.93,89.99,Shipping info unavailable,https://www.ebay.com/itm/267148916342?_trkparms=5373%3A5000006400%7C5374%3ATech%7C5079%3A5000006400,53.059999999999995,58.96
2026-06-02 04:44:03,"Apple MacBook Pro 16"" 2021 M1 Pro Space Gray 16GB RAM 512GB SSD A2485",703.0,1498.0,Shipping info unavailable,https://www.ebay.com/itm/267527381973?_trkparms=5373%3A5000006400%7C5374%3ATech%7C5079%3A5000006400,795.0,53.07
2026-06-02 04:44:03,Skullcandy Method 360 ANC XT (Certified Refurbished)- Bone,61.9,129.99,Shipping info unavailable,https://www.ebay.com/itm/376584843647?_trkparms=5373%3A5000006400%7C5374%3ATech%7C5079%3A5000006400,68.09,52.38
2026-06-02 04:44:06,XGIMI Halo+ 1080P Portable Projector 700 ISO Lumens with Harman Kardon Speakers,449.0,449.0,Free shipping,https://www.ebay.com/itm/314790387481?_trkparms=5373%3A5000006400%7C5374%3ATech%7C5079%3A5000006409,0.0,0.0
2026-06-02 04:44:06,"XGIMI MoGo 3 Pro Protable Projector Travel Set, 450 ISO Lumens, licensed Netflix",435.0,435.0,Free shipping,https://www.ebay.com/itm/317747697994?_trkparms=5373%3A5000006400%7C5374%3ATech%7C5079%3A5000006409,0.0,0.0
2026-06-02 04:44:06,"SKULLCANDY PLYR XT Gaming Headset with Mic, Purple-(Certified Refurbished)",56.83,99.99,Free shipping,https://www.ebay.com/itm/375991327361?_trkparms=5373%3A5000006400%7C5374%3ATech%7C5079%3A5000006401,43.16,43.16
2026-06-02 04:44:07,"Apple iPad Pro 12.9"" 4th Gen WiFi Cellular Tablet 512GB Space Gray MXG02LL/A",429.0,1449.0,Free shipping,https://www.ebay.com/itm/389895093201?_trkparms=5373%3A5000006400%7C5374%3ATech%7C5079%3A5000006415,1020.0,70.39
2026-06-02 04:44:08,Apple AirPods 4 with Active Noise Cancellation - White MXP93LL/A,89.99,179.99,Free shipping,https://www.ebay.com/itm/336223342859?_trkparms=5373%3A5000006400%7C5374%3ATech%7C5079%3A5000006403,90.00000000000001,50.0
2026-06-02 04:44:09,Canon RF 85mm f/2 Macro IS STM Lens,512.99,649.0,Free shipping,https://www.ebay.com/itm/226883142452?_trkparms=5373%3A5000006400%7C5374%3ATech%7C5079%3A5000006425,136.01,20.96
2026-06-02 10:47:29,Huion Kamvas 22 Gen 3 21.5 inch Drawing Tablet 2.5K QHD Pen Display Pentech 4.0,704.71,704.71,Free shipping,https://www.ebay.com/itm/334088892623?_trkparms=5373%3A5000006400%7C5374%3ATech%7C5079%3A5000006405,0.0,0.0
2026-06-02 16:45:55,Apple iPhone 13 128GB Unlocked - Very Good,286.95,286.95,Free shipping,https://www.ebay.com/itm/404240048516?_trkparms=5373%3A5000006400%7C5374%3ATech%7C5079%3A5000006400,0.0,0.0
2026-06-02 16:45:56,DJI Mini 4K Drone 4K UHD Camera 3-Axis Gimbal Stabilization + Battery for 31 min,198.55,209.0,Free shipping,https://www.ebay.com/itm/377164969730?_trkparms=5373%3A5000006400%7C5374%3ATech%7C5079%3A5000006400,10.449999999999989,5.0
2026-06-02 16:45:56,"Seagate/IBM Exos X16 16TB ST16000NM002G 7.2K RPM SAS 12Gb/s 3.5"" Enterprise HDD",369.0,369.0,Free shipping,https://www.ebay.com/itm/305846933552?_trkparms=5373%3A5000006400%7C5374%3ATech%7C5079%3A5000006400,0.0,0.0
2026-06-02 16:45:56,Apple iPhone 16 Pro Max 256GB Unlocked - Excellent -- 90%+ Battery,813.95,813.95,Free shipping,https://www.ebay.com/itm/365653724913?_trkparms=5373%3A5000006400%7C5374%3ATech%7C5079%3A5000006423,0.0,0.0
2026-06-02 16:45:59,"WD Ultrastar DC HC530 14TB SATA 6G 3.5"" 7200RPM Enterprise HDD - WUH721414ALE604",339.99,339.99,Free shipping,https://www.ebay.com/itm/155672990441?_trkparms=5373%3A5000006400%7C5374%3ATech%7C5079%3A5000006421,0.0,0.0
2026-06-02 16:45:59,"Bose S1 Pro+ Portable Bluetooth Speaker System, Certified Refurbished",475.0,549.0,Free shipping,https://www.ebay.com/itm/186602316011?_trkparms=5373%3A5000006400%7C5374%3ATech%7C5079%3A5000006403,74.0,13.48
2026-06-02 16:46:01,"Bose S1 Pro+ Portable Bluetooth Speaker System, Certified Refurbished",475.0,549.0,Free shipping,https://www.ebay.com/itm/186602316011?_trkparms=5373%3A5000006400%7C5374%3ATech%7C5079%3A5000006413,74.0,13.48
2026-06-02 16:46:01,Apple iPhone 16 Pro Max 256GB Unlocked - Excellent -- 90%+ Battery,813.95,813.95,Free shipping,https://www.ebay.com/itm/365653724913?_trkparms=5373%3A5000006400%7C5374%3ATech%7C5079%3A5000006411,0.0,0.0
2026-06-02 16:46:02,"Samsung 24"" S3 S30GD IPS LED FHD 100Hz 5ms Monitor HDMI, D-sub LS24D300GANXZA",74.98,189.99,Free shipping,https://www.ebay.com/itm/396955162105?_trkparms=5373%3A5000006400%7C5374%3ATech%7C5079%3A5000006405,115.01,60.53
2026-06-02 23:06:47,"2025 Dell Pro 14 Laptop Core 5 120U 16GB RAM 256GB SSD 14"" FHD+ Touch W11PRO",499.0,1099.0,Shipping info unavailable,https://www.ebay.com/itm/227239326340?_trkparms=5373%3A5000006400%7C5374%3ATech%7C5079%3A5000006400,600.0,54.6
2026-06-02 23:06:47,"2025 Dell 16 DC16250 Laptop Core 7 150U 16GB RAM 1TB SSD 16"" FHD+ Touch W11H",599.0,1299.0,Shipping info unavailable,https://www.ebay.com/itm/227191553440?_trkparms=5373%3A5000006400%7C5374%3ATech%7C5079%3A5000006400,700.0,53.89
2026-06-02 23:06:48,"Microsoft Surface Laptop 7 Copilot+ 13.8"" Touch Snapdragon X Plus 16GB 1TB SSD",799.0,1199.0,Shipping info unavailable,https://www.ebay.com/itm/226999538249?_trkparms=5373%3A5000006400%7C5374%3ATech%7C5079%3A5000006400,400.0,33.36
2026-06-02 23:06:48,"Lenovo Legion Go 2 Handheld Gaming PC AMD Ryzen Z2 32GB 1TB 8.8"" OLED + WARRANTY",1299.0,1299.0,Free shipping,https://www.ebay.com/itm/236631062029?_trkparms=5373%3A5000006400%7C5374%3ATech%7C5079%3A5000006400,0.0,0.0
2026-06-02 23:06:48,"2025 Dell XPS 13 9345 Laptop Snapdragon X Elite 16GB 512GB SSD 13.4"" FHD+ W11PRO",699.0,1299.0,Shipping info unavailable,https://www.ebay.com/itm/236409751635?_trkparms=5373%3A5000006400%7C5374%3ATech%7C5079%3A5000006400,600.0,46.19
2026-06-02 23:06:49,"Lenovo IdeaPad Slim 3x Snapdragon X 16GB RAM 1TB SSD 15.6"" Touch WUXGA 1920x1200",444.0,699.0,Shipping info unavailable,https://www.ebay.com/itm/236381328621?_trkparms=5373%3A5000006400%7C5374%3ATech%7C5079%3A5000006400,255.0,36.48
2026-06-02 23:06:50,ZOTAC GAMING GEFORCE RTX 4060 8GB GDDR6 TWIN EDGE VIDEO CARD,284.0,799.0,Shipping info unavailable,https://www.ebay.com/itm/326719371107?_trkparms=5373%3A5000006400%7C5374%3ATech%7C5079%3A5000006400,515.0,64.46
2026-06-02 23:06:50,Olympus M.Zuiko Digital 14-42mm f/3.5-5.6 II R Lens (Silver),105.55,128.88,Shipping info unavailable,https://www.ebay.com/itm/147075468448?_trkparms=5373%3A5000006400%7C5374%3ATech%7C5079%3A5000006400,23.33,18.1
2026-06-02 23:06:52,"Lenovo Legion Go 2 Handheld Gaming PC AMD Ryzen Z2 32GB 1TB 8.8"" OLED + WARRANTY",1299.0,1299.0,Free shipping,https://www.ebay.com/itm/236631062029?_trkparms=5373%3A5000006400%7C5374%3ATech%7C5079%3A5000006401,0.0,0.0
2026-06-03 21:23:15,"Apple MacBook Air 15"" M4 16GB 1TB SSD 10-Core GPU Sky Blue MDG34LL/A 2025 Model",1049.0,1599.0,Shipping info unavailable,https://www.ebay.com/itm/306940929543?_trkparms=5373%3A5000006400%7C5374%3ATech%7C5079%3A5000006400,550.0,34.4
2026-06-03 21:23:19,Google Pixel 7a 128GB Fully Unlocked - Excellent,189.99,900.0,Free shipping,https://www.ebay.com/itm/326875721726?_trkparms=5373%3A5000006400%7C5374%3ATech%7C5079%3A5000006400,710.01,78.89
2026-06-03 21:23:19,Samsung Galaxy S24 S921 128GB Unlocked - Excellent,405.95,405.95,Free shipping,https://www.ebay.com/itm/406743052536?_trkparms=5373%3A5000006400%7C5374%3ATech%7C5079%3A5000006400,0.0,0.0
2026-06-03 21:23:19,"MDD 24TB 7200RPM 512MB Cache SATA 6Gb/s 3.5"" Internal Enterprise Hard Drive",519.99,519.99,Free shipping,https://www.ebay.com/itm/157297266481?_trkparms=5373%3A5000006400%7C5374%3ATech%7C5079%3A5000006400,0.0,0.0
2026-06-03 21:23:20,"Apple MacBook Air 15"" M4 16GB 1TB SSD 10-Core GPU Sky Blue MDG34LL/A 2025 Model",1049.0,1599.0,Free shipping,https://www.ebay.com/itm/306940929543?_trkparms=5373%3A5000006400%7C5374%3ATech%7C5079%3A5000006407,550.0,34.4
2026-06-03 21:23:21,vSeeBox V6 Plus 8K UHD Streaming Media Player WiFi HDMI Black,299.11,299.11,Free shipping,https://www.ebay.com/itm/306904974969?_trkparms=5373%3A5000006400%7C5374%3ATech%7C5079%3A5000006409,0.0,0.0
2026-06-03 21:23:21,DJI Mini 4K Drone 4K UHD Camera 3-Axis Gimbal Stabilization + Battery for 31 min,198.55,209.0,Free shipping,https://www.ebay.com/itm/377164969730?_trkparms=5373%3A5000006400%7C5374%3ATech%7C5079%3A5000006430,10.449999999999989,5.0
2026-06-03 21:23:22,EcoFlow Rapid Pro Dual USB-C Charging Cable 240W Nylon 1.8m Compact Charger,49.0,49.0,Free shipping,https://www.ebay.com/itm/146827335846?_trkparms=5373%3A5000006400%7C5374%3ATech%7C5079%3A5000006419,0.0,0.0
2026-06-03 21:23:23,"Seagate/IBM Exos X16 16TB ST16000NM002G 7.2K RPM SAS 12Gb/s 3.5"" Enterprise HDD",369.0,369.0,Free shipping,https://www.ebay.com/itm/305846933552?_trkparms=5373%3A5000006400%7C5374%3ATech%7C5079%3A5000006421,0.0,0.0
2026-06-03 21:23:25,vSeeBox V6 Plus 8K UHD Streaming Media Player WiFi HDMI Black,299.11,299.11,Free shipping,https://www.ebay.com/itm/306904974969?_trkparms=5373%3A5000006400%7C5374%3ATech%7C5079%3A5000006413,0.0,0.0
2026-06-03 21:23:25,EcoFlow Rapid Pro Dual USB-C Charging Cable 240W Nylon 1.8m Compact Charger,49.0,49.0,Free shipping,https://www.ebay.com/itm/146827335846?_trkparms=5373%3A5000006400%7C5374%3ATech%7C5079%3A5000006411,0.0,0.0
2026-06-04 04:46:46,Logitech MX Vertical Wireless Mouse - 996-000471,79.99,95.99,Shipping info unavailable,https://www.ebay.com/itm/168023357337?_trkparms=5373%3A5000006400%7C5374%3ATech%7C5079%3A5000006400,16.0,16.67
2026-06-04 04:46:46,Nikon PROSTAFF P7 10x42 Binoculars (16773Q) - Refurbished,124.0,203.99,Shipping info unavailable,https://www.ebay.com/itm/336557386559?_trkparms=5373%3A5000006400%7C5374%3ATech%7C5079%3A5000006400,79.99000000000001,39.21
2026-06-04 04:46:46,Logitech Combo Touch Detachable Keyboard Case - Oxford Grey - 996-000450,89.99,99.99,Free shipping,https://www.ebay.com/itm/167998940368?_trkparms=5373%3A5000006400%7C5374%3ATech%7C5079%3A5000006400,10.0,10.0
2026-06-04 04:46:46,Apple iPhone 17 Pro Max A3257 (Verizon Only) 256GB Deep Blue (Excellent),1238.99,1500.0,Shipping info unavailable,https://www.ebay.com/itm/287352954833?_trkparms=5373%3A5000006400%7C5374%3ATech%7C5079%3A5000006400,261.01,17.4
2026-06-04 04:46:47,"Apple iPad Pro 12.9"" 6th Gen A2764 WiFi + Unlocked 128GB Space Gray (Excellent)",629.99,1299.0,Shipping info unavailable,https://www.ebay.com/itm/287306440847?_trkparms=5373%3A5000006400%7C5374%3ATech%7C5079%3A5000006400,669.01,51.5
2026-06-04 04:46:47,Apple iPhone 16 Plus A3082 (AT&T Only) 128GB Teal (Very Good),566.99,1500.0,Shipping info unavailable,https://www.ebay.com/itm/287348014342?_trkparms=5373%3A5000006400%7C5374%3ATech%7C5079%3A5000006400,933.01,62.2
2026-06-04 04:46:47,Apple iPhone 16e A3212 (Verizon Only) 128GB Black (Good),375.99,1500.0,Shipping info unavailable,https://www.ebay.com/itm/287348014087?_trkparms=5373%3A5000006400%7C5374%3ATech%7C5079%3A5000006400,1124.01,74.93
2026-06-04 04:46:47,Apple iPad Pro 11 2020 A2068 WiFi + Unlocked 256GB Space Gray (Very Good),436.99,1149.0,Shipping info unavailable,https://www.ebay.com/itm/287306430853?_trkparms=5373%3A5000006400%7C5374%3ATech%7C5079%3A5000006400,712.01,61.97
2026-06-04 04:46:48,"Apple MacBook Pro 15"" (Late 2016)i7-6920HQ 2.9GHz 16GB RAM 512GB SSD Gray (Good)",372.99,999.99,Shipping info unavailable,https://www.ebay.com/itm/287306671005?_trkparms=5373%3A5000006400%7C5374%3ATech%7C5079%3A5000006400,627.0,62.7
2026-06-04 04:46:48,Apple iPhone 17 Pro Max A3257 (AT&T Only) 256GB Deep Blue (Excellent),1238.99,1500.0,Shipping info unavailable,https://www.ebay.com/itm/287352940495?_trkparms=5373%3A5000006400%7C5374%3ATech%7C5079%3A5000006400,261.01,17.4
2026-06-04 04:46:48,Sony PS-LX5BT Full Auto Playback Premium Turntable with Bluetooth Refurb,395.0,499.99,Shipping info unavailable,https://www.ebay.com/itm/336616020871?_trkparms=5373%3A5000006400%7C5374%3ATech%7C5079%3A5000006400,104.99000000000001,21.0
2026-06-04 04:46:48,Apple iPhone 16 A3081 (Tracfone/Straight Talk Only) 128GB Black (Excellent),542.99,1500.0,Shipping info unavailable,https://www.ebay.com/itm/287352921029?_trkparms=5373%3A5000006400%7C5374%3ATech%7C5079%3A5000006400,957.01,63.8
2026-06-04 04:46:48,Apple Watch Series 9 Stainless Steel 41mm A2982 (GPS + Cellular) Silver (Good),271.99,499.0,Shipping info unavailable,https://www.ebay.com/itm/287306452374?_trkparms=5373%3A5000006400%7C5374%3ATech%7C5079%3A5000006400,227.01,45.49
2026-06-04 04:46:48,Apple iPhone 17 Pro Max A3257 (AT&T Only) 256GB Cosmic Orange (Excellent),1238.99,1500.0,Shipping info unavailable,https://www.ebay.com/itm/287352942578?_trkparms=5373%3A5000006400%7C5374%3ATech%7C5079%3A5000006400,261.01,17.4
2026-06-04 04:46:48,"Samsung LSM7F 27"" The Movingstyle QHD Portable Smart Touchscreen (2025) Refurb",1009.0,1299.95,Shipping info unavailable,https://www.ebay.com/itm/318358991306?_trkparms=5373%3A5000006400%7C5374%3ATech%7C5079%3A5000006400,290.95000000000005,22.38
2026-06-04 04:46:48,"Apple MacBook Pro 15"" (2015)i7-4770HQ 2.2GHz 16GBRAM 256GBSSD Silv (Excellent)",230.99,999.99,Shipping info unavailable,https://www.ebay.com/itm/287306659473?_trkparms=5373%3A5000006400%7C5374%3ATech%7C5079%3A5000006400,769.0,76.9
2026-06-04 04:46:48,Samsung 55 inch OLED 4K S90F Vision AI Smart TV 2025,1019.0,1797.99,Shipping info unavailable,https://www.ebay.com/itm/316881663225?_trkparms=5373%3A5000006400%7C5374%3ATech%7C5079%3A5000006400,778.99,43.33
2026-06-04 04:46:49,"Apple MacBook Air 13.3"" (2018)i5-8210Y 1.6GHz 8GBRAM 128GBSSD Gold (Excellent)",300.99,1500.0,Shipping info unavailable,https://www.ebay.com/itm/287306671761?_trkparms=5373%3A5000006400%7C5374%3ATech%7C5079%3A5000006400,1199.01,79.93
2026-06-04 04:46:49,"Apple iPad Pro 11"" (2018) A1980 WiFi 512GB Space Gray (Excellent)",300.99,949.0,Shipping info unavailable,https://www.ebay.com/itm/287306430097?_trkparms=5373%3A5000006400%7C5374%3ATech%7C5079%3A5000006400,648.01,68.28
2026-06-04 04:46:49,Sony ULT WEAR Wireless Noise Canceling Headphones WHULT900N/B - Black,142.0,199.99,Shipping info unavailable,https://www.ebay.com/itm/326257946887?_trkparms=5373%3A5000006400%7C5374%3ATech%7C5079%3A5000006400,57.99000000000001,29.0
2026-06-04 04:46:52,Nintendo 3DS (Japan) CTR-001(JPN) Shimmer Pink (Good),213.99,299.99,Free shipping,https://www.ebay.com/itm/287260801370?_trkparms=5373%3A5000006400%7C5374%3ATech%7C5079%3A5000006401,86.0,28.67
2026-06-04 04:46:52,Nintendo 3DS LL (Japan) SPR-001(JPN) Mint/White (Good),213.99,299.99,Free shipping,https://www.ebay.com/itm/287260805749?_trkparms=5373%3A5000006400%7C5374%3ATech%7C5079%3A5000006401,86.0,28.67
2026-06-04 04:46:55,Tamron 17-28mm F/2.8 Di III RXD Lens For Sony Full Frame Mirrorless (Open Box),677.0,949.0,Free shipping,https://www.ebay.com/itm/327076465149?_trkparms=5373%3A5000006400%7C5374%3ATech%7C5079%3A5000006425,272.0,28.66
2026-06-04 15:31:07,Bose SoundLink Max Portable Speaker - Blue Dusk,399.0,399.0,Free shipping,https://www.ebay.com/itm/176472631075?_trkparms=5373%3A5000006400%7C5374%3ATech%7C5079%3A5000006400,0.0,0.0
2026-06-04 15:31:07,"Bose QuietComfort Ultra Headphones - White Smoke, Second Generation",449.0,449.0,Free shipping,https://www.ebay.com/itm/177906709804?_trkparms=5373%3A5000006400%7C5374%3ATech%7C5079%3A5000006400,0.0,0.0
2026-06-04 15:31:07,JBL Soundgear Clips True Wireless Earbuds - Purple,149.95,149.95,Free shipping,https://www.ebay.com/itm/267607198877?_trkparms=5373%3A5000006400%7C5374%3ATech%7C5079%3A5000006400,0.0,0.0
2026-06-04 15:31:07,Godox Litemons LP600R LED Light Panels,249.9,249.9,Free shipping,https://www.ebay.com/itm/177611815827?_trkparms=5373%3A5000006400%7C5374%3ATech%7C5079%3A5000006400,0.0,0.0
2026-06-04 15:31:10,Apple iPhone 13 128GB Unlocked - Excellent -- 90%+ Battery,315.95,315.95,Free shipping,https://www.ebay.com/itm/404240045218?_trkparms=5373%3A5000006400%7C5374%3ATech%7C5079%3A5000006400,0.0,0.0
2026-06-04 15:31:11,"Toshiba 16TB MG08ACA16TE 512MB 7200RPM SATA 6.0Gb/s 3.5"" Internal Enterprise HDD",354.99,409.99,Free shipping,https://www.ebay.com/itm/167683146000?_trkparms=5373%3A5000006400%7C5374%3ATech%7C5079%3A5000006400,55.0,13.41
2026-06-04 15:31:11,"HP EliteBook 840 G7 14in i5‑10310U, 16GB Ram, 512GB SSD, Windows 11 Pro Silver",269.99,529.99,Free shipping,https://www.ebay.com/itm/366360612384?_trkparms=5373%3A5000006400%7C5374%3ATech%7C5079%3A5000006400,260.0,49.06
2026-06-04 15:31:16,ANNKE 5MP Audio POE Security IP Camera AC500 Full Color Night AI Human Detection,39.99,49.99,Free shipping,https://www.ebay.com/itm/276881656209?_trkparms=5373%3A5000006400%7C5374%3ATech%7C5079%3A5000006413,10.0,20.0
2026-06-04 22:24:59,Apple iPhone 15 Pro - 256 GB - (Unlocked) - A2848 - All Colors - Good,599.0,599.0,Free shipping,https://www.ebay.com/itm/366064257938?_trkparms=5373%3A5000006400%7C5374%3ATech%7C5079%3A5000006400,0.0,0.0
2026-06-04 22:25:01,Sony ULT Field 5 Wireless Portable Speaker - Black,198.0,198.0,Free shipping,https://www.ebay.com/itm/178075202346?_trkparms=5373%3A5000006400%7C5374%3ATech%7C5079%3A5000006400,0.0,0.0
2026-06-04 22:25:02,"Apple iPad 9 (2021) 10.2"" 64GB 256GB Space Gray Silver WiFi or Cellular - Good",165.99,165.99,Free shipping,https://www.ebay.com/itm/165337813141?_trkparms=5373%3A5000006400%7C5374%3ATech%7C5079%3A5000006400,0.0,0.0
2026-06-04 22:25:03,Apple iPhone 14 A2649 (Fully Unlocked) 128GB Midnight (Good),293.99,1500.0,Free shipping,https://www.ebay.com/itm/286883435404?_trkparms=5373%3A5000006400%7C5374%3ATech%7C5079%3A5000006400,1206.01,80.4
2026-06-04 22:25:03,Samsung Galaxy S24 S921 128GB Unlocked - Excellent,405.95,405.95,Free shipping,https://www.ebay.com/itm/406743052536?_trkparms=5373%3A5000006400%7C5374%3ATech%7C5079%3A5000006423,0.0,0.0
2026-06-04 22:25:03,"MSI Katana 15 HX B14WEK-001US 15.6"" Gaming Laptop i7-14650HX 5050 16GB 512GB",879.0,1299.0,Free shipping,https://www.ebay.com/itm/147280705540?_trkparms=5373%3A5000006400%7C5374%3ATech%7C5079%3A5000006407,420.0,32.33
2026-06-04 22:25:06,"MDD 24TB 7200RPM 512MB Cache SATA 6Gb/s 3.5"" Internal Enterprise Hard Drive",519.99,519.99,Free shipping,https://www.ebay.com/itm/157297266481?_trkparms=5373%3A5000006400%7C5374%3ATech%7C5079%3A5000006421,0.0,0.0
2026-06-04 22:25:09,Samsung Galaxy S24 S921 128GB Unlocked - Excellent,405.95,405.95,Free shipping,https://www.ebay.com/itm/406743052536?_trkparms=5373%3A5000006400%7C5374%3ATech%7C5079%3A5000006411,0.0,0.0
2026-06-05 04:21:30,"2020 Apple MacBook Air 13"" i7 1.20GHz/16GB/256GB - (Space Gray) A2179 w/Warranty",325.62,1249.0,Shipping info unavailable,https://www.ebay.com/itm/377057427974?_trkparms=5373%3A5000006400%7C5374%3ATech%7C5079%3A5000006400,923.38,73.93
2026-06-05 04:21:30,"2020 Apple M1 MacBook Pro 13"" 16GB/512GB SSD - (Silver) A2338 w/1 Year Warranty",493.56,1499.0,Shipping info unavailable,https://www.ebay.com/itm/357517577972?_trkparms=5373%3A5000006400%7C5374%3ATech%7C5079%3A5000006400,1005.44,67.07
2026-06-05 04:21:30,"2022 Apple 90%+ Battery iPad Pro 6 1TB Cellular 12.9"" (Gray) A2764 w/Warranty",907.81,1299.0,Shipping info unavailable,https://www.ebay.com/itm/147337299144?_trkparms=5373%3A5000006400%7C5374%3ATech%7C5079%3A5000006400,391.19000000000005,30.11
2026-06-05 04:21:30,"2021 Apple iPad Mini 6 90%+ 256GB Cellular 8.3"" (Space Gray) A2568 - w/Warranty",344.28,799.0,Shipping info unavailable,https://www.ebay.com/itm/358638614211?_trkparms=5373%3A5000006400%7C5374%3ATech%7C5079%3A5000006400,454.72,56.91
2026-06-05 04:21:30,"2023 Apple M2 MacBook Air 15.3"" 8GB/512GB SSD - (Space Gray) A2941 w/Warranty",640.97,1499.0,Shipping info unavailable,https://www.ebay.com/itm/358140356005?_trkparms=5373%3A5000006400%7C5374%3ATech%7C5079%3A5000006400,858.03,57.24
2026-06-05 04:21:30,"2020 Apple MacBook Air 13.3"" i5 1.10GHz/16GB/1TB - (Silver) A2179 w/Warranty",416.12,1499.0,Shipping info unavailable,https://www.ebay.com/itm/147351654097?_trkparms=5373%3A5000006400%7C5374%3ATech%7C5079%3A5000006400,1082.88,72.24
2026-06-05 04:21:31,"2023 Apple M2 MacBook Air 15.3"" 8GB/256GB SSD - (Midnight) A2941 w/Warranty",602.72,1299.0,Shipping info unavailable,https://www.ebay.com/itm/147094999202?_trkparms=5373%3A5000006400%7C5374%3ATech%7C5079%3A5000006400,696.28,53.6
2026-06-05 04:21:31,"2021 Apple iPad Mini 6 256GB Cellular 8.3"" (Purple) A2568 - w/1 Year Warranty",344.28,799.0,Shipping info unavailable,https://www.ebay.com/itm/147351730384?_trkparms=5373%3A5000006400%7C5374%3ATech%7C5079%3A5000006400,454.72,56.91
2026-06-05 04:21:31,"2020 Apple 90%+ M1 MacBook Air 13.3"" 8GB/512GB SSD (Silver) A2337 w/Warranty",529.94,1249.0,Shipping info unavailable,https://www.ebay.com/itm/358188529867?_trkparms=5373%3A5000006400%7C5374%3ATech%7C5079%3A5000006400,719.06,57.57
2026-06-05 04:21:32,"Microsoft Surface Pro 7 12.3"" i5 1.10GHz/8GB/256GB (Plat) PWS-00003 w/Warranty",245.38,1199.0,Shipping info unavailable,https://www.ebay.com/itm/377067491717?_trkparms=5373%3A5000006400%7C5374%3ATech%7C5079%3A5000006400,953.62,79.53
2026-06-05 04:21:32,"2022 Apple M2 MacBook Pro 13.3"" 90%+ 16GB/512GB SSD (Gray) A2338 w/Warranty",804.25,1499.0,Shipping info unavailable,https://www.ebay.com/itm/358087105752?_trkparms=5373%3A5000006400%7C5374%3ATech%7C5079%3A5000006400,694.75,46.35
2026-06-05 04:21:32,"2019 Apple MacBook Air 13.3"" i5 1.6GHz/16GB/256GB SSD - (Silver) A1932 w/Warrant",234.18,1299.0,Shipping info unavailable,https://www.ebay.com/itm/358530777152?_trkparms=5373%3A5000006400%7C5374%3ATech%7C5079%3A5000006400,1064.82,81.97
2026-06-05 04:21:32,"2020 Apple MacBook Pro 13"" 90%+ i7 2.3GHz/16GB/512GB (Gray) A2251 w/Warranty",461.84,1999.0,Shipping info unavailable,https://www.ebay.com/itm/146898525638?_trkparms=5373%3A5000006400%7C5374%3ATech%7C5079%3A5000006400,1537.16,76.9
2026-06-05 04:21:32,"2019 iPad Air 3 256GB WiFi/Cellular 10.5"" - (Space Gray) A2153 w/Year Warranty",169.81,779.0,Shipping info unavailable,https://www.ebay.com/itm/355052457648?_trkparms=5373%3A5000006400%7C5374%3ATech%7C5079%3A5000006400,609.19,78.2
2026-06-05 04:21:32,"2025 Apple M3 iPad Air 7 11"" 1TB WiFi/Cellular (Gray) 4CG84LL/A w/Year Warranty",667.1,1249.0,Shipping info unavailable,https://www.ebay.com/itm/357855810204?_trkparms=5373%3A5000006400%7C5374%3ATech%7C5079%3A5000006400,581.9,46.59
2026-06-05 20:02:56,Lenovo ThinkPad P14s Gen 6 FHD+ 2.0GHz Ryzen AI 7 PRO 350 32GB 1TB SSD Excellent,1329.99,1329.99,Free shipping,https://www.ebay.com/itm/287325681075?_trkparms=5373%3A5000006400%7C5374%3ATech%7C5079%3A5000006400,0.0,0.0
2026-06-05 20:02:56,Lenovo Legion Go Gen 2 Handheld Console Eclipse Black 1TB w/ Charger - Excellent,1219.99,1219.99,Free shipping,https://www.ebay.com/itm/277949523664?_trkparms=5373%3A5000006400%7C5374%3ATech%7C5079%3A5000006400,0.0,0.0
2026-06-05 20:02:56,Apple iPad 9 64GB Unlocked Excellent Condition - All Colors,209.99,209.99,Free shipping,https://www.ebay.com/itm/296200356134?_trkparms=5373%3A5000006400%7C5374%3ATech%7C5079%3A5000006400,0.0,0.0
2026-06-05 20:02:56,Apple iPad 7 32GB Unlocked Good Condition - All Colors,94.99,94.99,Free shipping,https://www.ebay.com/itm/296202012745?_trkparms=5373%3A5000006400%7C5374%3ATech%7C5079%3A5000006400,0.0,0.0
2026-06-05 20:02:56,Apple iPad Air (5th Gen.) 256GB Unlocked Excellent Condition - All Colors,529.99,529.99,Free shipping,https://www.ebay.com/itm/276591900130?_trkparms=5373%3A5000006400%7C5374%3ATech%7C5079%3A5000006400,0.0,0.0
2026-06-05 20:02:57,Apple iPad Pro 11 64GB Unlocked Very Good Condition - All Colors,269.99,269.99,Free shipping,https://www.ebay.com/itm/276378118695?_trkparms=5373%3A5000006400%7C5374%3ATech%7C5079%3A5000006400,0.0,0.0
2026-06-05 20:02:57,Apple iPad 8th Generation 32GB Space Gray Unlocked Good Condition,114.99,114.99,Free shipping,https://www.ebay.com/itm/284622971286?_trkparms=5373%3A5000006400%7C5374%3ATech%7C5079%3A5000006400,0.0,0.0
2026-06-05 20:02:57,MacBook Pro 14 2021 M1 Pro A2442 8-Core CPU / 14-Core GPU 32GB 512GB Space Gray,779.99,779.99,Free shipping,https://www.ebay.com/itm/276594647581?_trkparms=5373%3A5000006400%7C5374%3ATech%7C5079%3A5000006400,0.0,0.0
2026-06-05 20:02:57,Nintendo Switch 2 Black 256GB w/ Joy-Con/Dock/Charger -  Excellent Condition,419.99,419.99,Free shipping,https://www.ebay.com/itm/277333093785?_trkparms=5373%3A5000006400%7C5374%3ATech%7C5079%3A5000006400,0.0,0.0
2026-06-05 20:02:57,Apple iPad 10 64GB Silver WiFi Very Good Condition,249.99,249.99,Free shipping,https://www.ebay.com/itm/285352338946?_trkparms=5373%3A5000006400%7C5374%3ATech%7C5079%3A5000006400,0.0,0.0
2026-06-05 20:02:57,Dell Latitude 7320 13.3 Black FHD i5-1145G7 2.60GHz 8GB 256GB SSD Very Good,279.99,279.99,Free shipping,https://www.ebay.com/itm/287339192086?_trkparms=5373%3A5000006400%7C5374%3ATech%7C5079%3A5000006400,0.0,0.0
2026-06-05 20:02:57,Apple iPad Air (5th Gen.) 64GB WiFi Good Condition - All Colors,279.99,279.99,Free shipping,https://www.ebay.com/itm/276324194541?_trkparms=5373%3A5000006400%7C5374%3ATech%7C5079%3A5000006400,0.0,0.0
2026-06-05 20:02:58,Apple iPad 9 64GB Unlocked Very Good Condition - All Colors,189.99,189.99,Free shipping,https://www.ebay.com/itm/296200359220?_trkparms=5373%3A5000006400%7C5374%3ATech%7C5079%3A5000006400,0.0,0.0
2026-06-05 20:02:58,Valve Steam Deck Handheld Console Black 512GB w/ Charger - Good Condition,769.99,769.99,Free shipping,https://www.ebay.com/itm/277737302196?_trkparms=5373%3A5000006400%7C5374%3ATech%7C5079%3A5000006400,0.0,0.0
2026-06-05 20:02:58,MacBook Pro 16 2019 2.3 GHz i9 16GB 1TB AMD Radeon Pro 5500M 4GB Space Gray,389.99,389.99,Free shipping,https://www.ebay.com/itm/286068901975?_trkparms=5373%3A5000006400%7C5374%3ATech%7C5079%3A5000006400,0.0,0.0
2026-06-05 20:02:58,Apple iPad 10 64GB Silver WiFi Good Condition,209.99,209.99,Free shipping,https://www.ebay.com/itm/285561714835?_trkparms=5373%3A5000006400%7C5374%3ATech%7C5079%3A5000006400,0.0,0.0
2026-06-05 20:02:58,Apple iPad Air (5th Gen.) 256GB Unlocked Very Good Condition - All Colors,479.99,479.99,Free shipping,https://www.ebay.com/itm/285690381223?_trkparms=5373%3A5000006400%7C5374%3ATech%7C5079%3A5000006400,0.0,0.0
2026-06-05 20:02:58,Apple iPad 8 32GB Unlocked Good Condition - All Colors,114.99,114.99,Free shipping,https://www.ebay.com/itm/296223283728?_trkparms=5373%3A5000006400%7C5374%3ATech%7C5079%3A5000006400,0.0,0.0
2026-06-05 20:02:58,Apple MacBook Pro 13 Touch Bar 2020 M1 8-Core CPU 8-Core GPU 8GB 256GB Gray,439.99,439.99,Free shipping,https://www.ebay.com/itm/284649532467?_trkparms=5373%3A5000006400%7C5374%3ATech%7C5079%3A5000006400,0.0,0.0
2026-06-05 20:02:58,Lenovo ThinkPad P14s Gen 4 FHD+ TOUCH 1.9 GHz i5-1350P 16GB 512GB SSD Very Good,495.0,495.0,Free shipping,https://www.ebay.com/itm/287108977635?_trkparms=5373%3A5000006400%7C5374%3ATech%7C5079%3A5000006400,0.0,0.0
2026-06-05 20:02:58,Dell Latitude 5440 14 Gray FHD TOUCH 1.8 GHz i7-1365U 16GB 512GB SSD Good,329.99,329.99,Free shipping,https://www.ebay.com/itm/298246711040?_trkparms=5373%3A5000006400%7C5374%3ATech%7C5079%3A5000006400,0.0,0.0
2026-06-05 20:02:58,Apple iPad 11 128GB Unlocked Excellent Condition - All Colors,369.99,369.99,Free shipping,https://www.ebay.com/itm/277113068382?_trkparms=5373%3A5000006400%7C5374%3ATech%7C5079%3A5000006400,0.0,0.0
2026-06-05 20:02:59,Valve Steam Deck Handheld Console Black 512GB w/ Case/Charger/Dock - Very Good,859.99,859.99,Free shipping,https://www.ebay.com/itm/286931723292?_trkparms=5373%3A5000006400%7C5374%3ATech%7C5079%3A5000006400,0.0,0.0
2026-06-05 20:02:59,Meta Quest 2 VR Headset 256GB w/ Controllers/Regular Strap/Charger - Excellent,189.99,189.99,Free shipping,https://www.ebay.com/itm/297962777243?_trkparms=5373%3A5000006400%7C5374%3ATech%7C5079%3A5000006400,0.0,0.0
2026-06-05 20:02:59,Apple iPhone 13 A2482 (Fully Unlocked) 128GB Black (Excellent),272.99,899.0,Free shipping,https://www.ebay.com/itm/286883432473?_trkparms=5373%3A5000006400%7C5374%3ATech%7C5079%3A5000006400,626.01,69.63
2026-06-05 20:02:59,Samsung Galaxy S24 128GB 5G SM-S921U1 FACTORY UNLOCKED CDMA + GSM - EXCELLENT,329.48,329.48,Free shipping,https://www.ebay.com/itm/116559489209?_trkparms=5373%3A5000006400%7C5374%3ATech%7C5079%3A5000006400,0.0,0.0
2026-06-05 20:02:59,Samsung SP-LFF3CLAXXZA The Freestyle 2nd Gen 1080p Smart Portable Projector,299.0,299.0,Free shipping,https://www.ebay.com/itm/305992562773?_trkparms=5373%3A5000006400%7C5374%3ATech%7C5079%3A5000006400,0.0,0.0
2026-06-05 20:02:59,"ASUS AS UX3407Q 14"" WUXGA Snapdragon X1 26 100 16GB 512GB SSD W11H Laptop, Gray",599.0,1049.99,Free shipping,https://www.ebay.com/itm/377103106101?_trkparms=5373%3A5000006400%7C5374%3ATech%7C5079%3A5000006400,450.99,42.95
2026-06-05 20:02:59,"Apple MacBook Air 15"" M4 32GB 1TB SSD 10-Core GPU Sky Blue Z1HF000JCLL/A 2025",1349.0,1999.0,Free shipping,https://www.ebay.com/itm/306946666570?_trkparms=5373%3A5000006400%7C5374%3ATech%7C5079%3A5000006400,650.0,32.52
2026-06-05 20:03:01,Lenovo Legion Go Gen 2 Handheld Console Eclipse Black 1TB w/ Charger - Excellent,1219.99,1219.99,Free shipping,https://www.ebay.com/itm/277949523664?_trkparms=5373%3A5000006400%7C5374%3ATech%7C5079%3A5000006401,0.0,0.0
2026-06-05 20:03:02,Nintendo Switch 2 Black 256GB w/ Joy-Con/Dock/Charger -  Excellent Condition,419.99,419.99,Free shipping,https://www.ebay.com/itm/277333093785?_trkparms=5373%3A5000006400%7C5374%3ATech%7C5079%3A5000006401,0.0,0.0
2026-06-05 20:03:02,Valve Steam Deck Handheld Console Black 512GB w/ Charger - Good Condition,769.99,769.99,Free shipping,https://www.ebay.com/itm/277737302196?_trkparms=5373%3A5000006400%7C5374%3ATech%7C5079%3A5000006401,0.0,0.0
2026-06-06 04:03:48,"Apple MacBook Air 13"" M4 10-Core GPU 16GB RAM 512GB SSD 2025 Silver • Excellent",836.97,836.97,Free shipping,https://www.ebay.com/itm/306829499824?_trkparms=5373%3A5000006400%7C5374%3ATech%7C5079%3A5000006400,0.0,0.0
2026-06-06 04:03:49,GoPro MAX2 True 8K 360 Video Action Camera Bundle - Black CHDFZ-311-TH,323.0,569.99,Shipping info unavailable,https://www.ebay.com/itm/336437174335?_trkparms=5373%3A5000006400%7C5374%3ATech%7C5079%3A5000006400,246.99,43.33
2026-06-06 04:03:49,"Apple MacBook Air 15"" M4 A3241 24GB RAM 1TB SSD 2025 Silver 90%+ Batt Excellent",1299.0,1299.0,Free shipping,https://www.ebay.com/itm/306678239353?_trkparms=5373%3A5000006400%7C5374%3ATech%7C5079%3A5000006400,0.0,0.0
2026-06-06 04:03:50,"Lenovo Thinkpad X1 Yoga Gen 6 14"" Core i7 3.0GHz 16GB 512GB 90%+Batt - Excellent",464.07,464.07,Free shipping,https://www.ebay.com/itm/306976719919?_trkparms=5373%3A5000006400%7C5374%3ATech%7C5079%3A5000006400,0.0,0.0
2026-06-06 04:03:50,GoPro HERO 13 Black 5.3K HDR 27MP Camera 2 Battery Bundle CHDCB-131-RT 2024,285.0,439.99,Shipping info unavailable,https://www.ebay.com/itm/335665868298?_trkparms=5373%3A5000006400%7C5374%3ATech%7C5079%3A5000006400,154.99,35.23
2026-06-06 04:03:50,"Apple iPad Pro 13"" M4 10-Core GPU 256GB Silver Wi-Fi + Cell 2024 • Very Good",789.57,789.57,Free shipping,https://www.ebay.com/itm/306922128838?_trkparms=5373%3A5000006400%7C5374%3ATech%7C5079%3A5000006400,0.0,0.0
2026-06-06 04:03:50,Dell Pro 14 PC14255 AMD Ryzen AI 7 350 Radeon 16GB RAM 512GB SSD • Excellent,699.0,699.0,Free shipping,https://www.ebay.com/itm/127903724949?_trkparms=5373%3A5000006400%7C5374%3ATech%7C5079%3A5000006400,0.0,0.0
2026-06-06 04:03:50,Sony WH1000XM4/B Premium Noise Cancelling Wireless Over-Ear Headphones,358.0,479.99,Shipping info unavailable,https://www.ebay.com/itm/334636265109?_trkparms=5373%3A5000006400%7C5374%3ATech%7C5079%3A5000006400,121.99000000000001,25.42
2026-06-06 04:03:50,"Lenovo Thinkpad X1 Yoga Gen 6 14"" Core i7 3.0GHz 16GB 256GB 95%+ Batt Excellent",417.57,417.57,Free shipping,https://www.ebay.com/itm/298375056806?_trkparms=5373%3A5000006400%7C5374%3ATech%7C5079%3A5000006400,0.0,0.0
2026-06-06 04:03:50,Dell Pro 14 Premium PA14250 2.2GHz Ultra 7 268V 32GB RAM 512GB SSD • Excellent,999.0,999.0,Free shipping,https://www.ebay.com/itm/298385070071?_trkparms=5373%3A5000006400%7C5374%3ATech%7C5079%3A5000006400,0.0,0.0
2026-06-06 04:03:51,"ASUS ProArt PZ13 13"" OLED 3K Detachable Laptop Snapdragon X Plus 16GB 1TB SSD",799.0,799.0,Free shipping,https://www.ebay.com/itm/298375352412?_trkparms=5373%3A5000006400%7C5374%3ATech%7C5079%3A5000006400,0.0,0.0
2026-06-06 04:03:51,ASUS NVIDIA RTX 4060 Ti 8GB Graphic Card GDDR6 Memory PCIe Dual Excellent,315.27,315.27,Free shipping,https://www.ebay.com/itm/298381565247?_trkparms=5373%3A5000006400%7C5374%3ATech%7C5079%3A5000006400,0.0,0.0
2026-06-06 04:03:51,"Apple MacBook Air 13"" M3 10-Core GPU A3113 16GB RAM 512GB SSD 2024 Midnight Good",743.07,743.07,Free shipping,https://www.ebay.com/itm/298144004930?_trkparms=5373%3A5000006400%7C5374%3ATech%7C5079%3A5000006400,0.0,0.0
2026-06-06 04:03:51,Apple MacBook Pro 15” 2018 2.2GHz Intel Core i7 16GB RAM 256GB SSD 555X • Good,299.0,299.0,Free shipping,https://www.ebay.com/itm/298374894655?_trkparms=5373%3A5000006400%7C5374%3ATech%7C5079%3A5000006400,0.0,0.0
2026-06-06 04:03:51,"ASUS Chromebook C424MA-SS44F 14"" FHD LED Celeron N4020 4GB 64GB eMMC Chrome OS",92.0,349.99,Shipping info unavailable,https://www.ebay.com/itm/166487737705?_trkparms=5373%3A5000006400%7C5374%3ATech%7C5079%3A5000006400,257.99,73.71
2026-06-06 04:03:51,ASUS Chromebook C424MA-WH44F 14 Laptop Intel N4020 4GB DDR4 64GB eMMC Chrome OS,92.0,269.99,Shipping info unavailable,https://www.ebay.com/itm/166074304262?_trkparms=5373%3A5000006400%7C5374%3ATech%7C5079%3A5000006400,177.99,65.92
2026-06-06 04:03:51,"Asus AU CM3200FM1 12"" HD Touch 820 MT8192 4GB 64GB MediaTek Chrome OS Laptop, SL",102.0,429.99,Shipping info unavailable,https://www.ebay.com/itm/167620287827?_trkparms=5373%3A5000006400%7C5374%3ATech%7C5079%3A5000006400,327.99,76.28
2026-06-06 04:03:56,Brother Work Smart 1360 Wireless Color Inkjet All-in-One Printer  - Open Box,95.24,109.99,Free shipping,https://www.ebay.com/itm/318163831390?_trkparms=5373%3A5000006400%7C5374%3ATech%7C5079%3A5000006417,14.75,13.41
2026-06-06 16:12:07,"Asus Chromebook 15.6"" FHD Intel Celeron N4500 1.1 GHz 4GB 128GB eMMC ChromeOS",139.0,459.99,Shipping info unavailable,https://www.ebay.com/itm/377012079260?_trkparms=5373%3A5000006400%7C5374%3ATech%7C5079%3A5000006400,320.99,69.78
2026-06-07 04:40:37,Microsoft Xbox Series S 1TB Console Power cord Controller HDMI Black • Excellent,359.0,359.0,Free shipping,https://www.ebay.com/itm/127899658766?_trkparms=5373%3A5000006400%7C5374%3ATech%7C5079%3A5000006400,0.0,0.0
2026-06-07 04:40:38,"ASUS CX1500CKA 15.6"" FHD NanoEdge Intel N4500 8GB 64GB Military Grade Chromebook",116.0,349.99,Shipping info unavailable,https://www.ebay.com/itm/167025758236?_trkparms=5373%3A5000006400%7C5374%3ATech%7C5079%3A5000006400,233.99,66.86
2026-06-07 04:40:41,Microsoft Xbox Series S 1TB Console Power cord Controller HDMI Black • Excellent,359.0,359.0,Free shipping,https://www.ebay.com/itm/127899658766?_trkparms=5373%3A5000006400%7C5374%3ATech%7C5079%3A5000006401,0.0,0.0
2026-06-07 09:26:06,"ASUS CX1700CKA-DH44F 17.3"" FHD Laptop N4500 4GB 64GB eMMC Chrome OS",139.0,269.99,Shipping info unavailable,https://www.ebay.com/itm/377231944137?_trkparms=5373%3A5000006400%7C5374%3ATech%7C5079%3A5000006400,130.99,48.52
2026-06-07 16:22:52,ASUS Chromebook CX1 CX1700 17.3” FHD Intel Celeron N4500 4GB 128G eMMC ChromeOS,148.0,459.99,Shipping info unavailable,https://www.ebay.com/itm/376375003258?_trkparms=5373%3A5000006400%7C5374%3ATech%7C5079%3A5000006400,311.99,67.83
2026-06-07 19:41:47,"DJI Mini 3 (DJI RC),Lightweight 3xMechanical Gimbal Camera Drones 4K,GPS Return",364.8,384.0,Free shipping,https://www.ebay.com/itm/377181428022?_trkparms=5373%3A5000006400%7C5374%3ATech%7C5079%3A5000006400,19.19999999999999,5.0
2026-06-07 19:41:51,Apple iPhone 14 A2649 (Fully Unlocked) 128GB Midnight (Good),293.99,1500.0,Free shipping,https://www.ebay.com/itm/286883435404?_trkparms=5373%3A5000006400%7C5374%3ATech%7C5079%3A5000006423,1206.01,80.4
2026-06-07 19:41:57,Apple iPhone 14 A2649 (Fully Unlocked) 128GB Midnight (Good),293.99,1500.0,Free shipping,https://www.ebay.com/itm/286883435404?_trkparms=5373%3A5000006400%7C5374%3ATech%7C5079%3A5000006411,1206.01,80.4
2026-06-08 11:09:45,Orbic Speed RC400L Verizon Unlocked Black Very Good,37.99,39.99,Shipping info unavailable,https://www.ebay.com/itm/177590391835?_trkparms=5373%3A5000006400%7C5374%3ATech%7C5079%3A5000006400,2.0,5.0
2026-06-08 11:09:45,Samsung Galaxy S25 FE SM-S731U T-Mobile Only 128GB Jetblack Excellent,313.99,330.73,Shipping info unavailable,https://www.ebay.com/itm/188065986744?_trkparms=5373%3A5000006400%7C5374%3ATech%7C5079%3A5000006400,16.74000000000001,5.06
2026-06-08 11:09:45,Samsung Galaxy S24+ SM-S926U T-Mobile Only 256GB Onyx Black Very Good,370.99,389.98,Shipping info unavailable,https://www.ebay.com/itm/186588972467?_trkparms=5373%3A5000006400%7C5374%3ATech%7C5079%3A5000006400,18.99000000000001,4.87
2026-06-08 11:09:45,Apple iPhone 16e A3212 Xfinity Only 128GB Black Very Good,284.99,299.98,Shipping info unavailable,https://www.ebay.com/itm/197517326036?_trkparms=5373%3A5000006400%7C5374%3ATech%7C5079%3A5000006400,14.990000000000009,5.0
2026-06-08 11:09:46,Google Pixel 10 GLBW0 T-Mobile Only 128GB Obsidian Very Good,379.99,399.99,Shipping info unavailable,https://www.ebay.com/itm/198149672070?_trkparms=5373%3A5000006400%7C5374%3ATech%7C5079%3A5000006400,20.0,5.0
2026-06-08 11:09:46,Apple iPhone 16e A3212 Tracfone Only 128GB Black Very Good,284.99,299.98,Shipping info unavailable,https://www.ebay.com/itm/177365455850?_trkparms=5373%3A5000006400%7C5374%3ATech%7C5079%3A5000006400,14.990000000000009,5.0
2026-06-08 11:09:46,Motorola Moto Edge+ 5G UW (2022) Verizon Unlocked 128GB Cosmos Blue Very Good,104.99,109.98,Shipping info unavailable,https://www.ebay.com/itm/187578869172?_trkparms=5373%3A5000006400%7C5374%3ATech%7C5079%3A5000006400,4.990000000000009,4.54
2026-06-08 11:09:46,Samsung Galaxy S24+ SM-S926U Spectrum Only 256GB Cobalt Violet Very Good,351.99,369.99,Shipping info unavailable,https://www.ebay.com/itm/196592085999?_trkparms=5373%3A5000006400%7C5374%3ATech%7C5079%3A5000006400,18.0,4.86
2026-06-08 11:09:47,Samsung Galaxy A35 5G SM-A356U Spectrum Only 128GB Awesome Navy Very Good,123.99,129.99,Shipping info unavailable,https://www.ebay.com/itm/196771743392?_trkparms=5373%3A5000006400%7C5374%3ATech%7C5079%3A5000006400,6.000000000000014,4.62
2026-06-08 11:09:47,Samsung Galaxy S24 SM-S921U T-Mobile Only 128GB Onyx Black Very Good,327.99,344.87,Shipping info unavailable,https://www.ebay.com/itm/196552611656?_trkparms=5373%3A5000006400%7C5374%3ATech%7C5079%3A5000006400,16.879999999999995,4.89
2026-06-08 16:06:26,JBL PartyBox 310 Portable Bluetooth Party Speaker Wireless LED Bass Boost,397.36,397.36,Free shipping,https://www.ebay.com/itm/298252246599?_trkparms=5373%3A5000006400%7C5374%3ATech%7C5079%3A5000006400,0.0,0.0
2026-06-08 16:06:29,Samsung Galaxy Buds SM-R170 In-Ear Wireless Earbuds Headphones - White SR,29.95,29.95,Free shipping,https://www.ebay.com/itm/183538469535?_trkparms=5373%3A5000006400%7C5374%3ATech%7C5079%3A5000006400,0.0,0.0
2026-06-08 16:06:29,Apple iPhone 16e  256GB- Unlocked - US E-Sim Version  - Excellent,427.49,427.49,Free shipping,https://www.ebay.com/itm/157279453582?_trkparms=5373%3A5000006400%7C5374%3ATech%7C5079%3A5000006400,0.0,0.0
2026-06-08 16:06:29,Samsung Galaxy S24 Ultra SM-S928U 512GB Unlocked Very Good Condition,569.99,569.99,Free shipping,https://www.ebay.com/itm/357295226907?_trkparms=5373%3A5000006400%7C5374%3ATech%7C5079%3A5000006400,0.0,0.0
2026-06-08 16:06:30,Samsung Galaxy S23 Plus S916 256GB Unlocked - Very Good,338.95,999.99,Free shipping,https://www.ebay.com/itm/406732621985?_trkparms=5373%3A5000006400%7C5374%3ATech%7C5079%3A5000006400,661.04,66.1
2026-06-08 16:06:31,"ASUS AS UX3407Q 14"" WUXGA Snapdragon X1 26 100 16GB 512GB SSD W11H Laptop, Gray",599.0,1049.99,Free shipping,https://www.ebay.com/itm/377103106101?_trkparms=5373%3A5000006400%7C5374%3ATech%7C5079%3A5000006407,450.99,42.95
2026-06-08 16:06:31,"HP EliteBook 840 G7 14in i5‑10310U, 16GB Ram, 512GB SSD, Windows 11 Pro Silver",269.99,529.99,Free shipping,https://www.ebay.com/itm/366360612384?_trkparms=5373%3A5000006400%7C5374%3ATech%7C5079%3A5000006407,260.0,49.06
2026-06-08 16:06:32,GoPro MAX2 True 8K 360 Video Action Camera Bundle - Black CHDFZ-311-TH,369.99,569.99,Free shipping,https://www.ebay.com/itm/366136711327?_trkparms=5373%3A5000006400%7C5374%3ATech%7C5079%3A5000006430,200.0,35.09
2026-06-08 16:06:32,Avoluxion External SSD Expansion Upgrade Kit for PS5 Game Console (PSX-i1),29.99,29.99,Free shipping,https://www.ebay.com/itm/165782577641?_trkparms=5373%3A5000006400%7C5374%3ATech%7C5079%3A5000006401,0.0,0.0
2026-06-08 16:06:32,"Razer Kishi Mobile Game Controller Gamepad for iOS, Works w/ most iPhones -Black",27.96,99.99,Free shipping,https://www.ebay.com/itm/366342468028?_trkparms=5373%3A5000006400%7C5374%3ATech%7C5079%3A5000006401,72.03,72.04
2026-06-08 16:06:34,Epson EcoTank ET-3930 Wireless Supertank Printer - Certified Refurbished,199.99,199.99,Free shipping,https://www.ebay.com/itm/227231134113?_trkparms=5373%3A5000006400%7C5374%3ATech%7C5079%3A5000006417,0.0,0.0
2026-06-08 16:06:34,Epson WorkForce Pro WF-7840 Wide-format Printer - Certified Refurbished,149.99,149.99,Free shipping,https://www.ebay.com/itm/194502823721?_trkparms=5373%3A5000006400%7C5374%3ATech%7C5079%3A5000006417,0.0,0.0
2026-06-08 16:06:34,VERY GOOD MINOLTA MC TELE ROKKOR PF 100mm F/2 Prime Lens,982.0,982.0,Free shipping,https://www.ebay.com/itm/358297328563?_trkparms=5373%3A5000006400%7C5374%3ATech%7C5079%3A5000006425,0.0,0.0
2026-06-08 16:06:35,EXCELLENT TAMRON SP 24-70mm F/2.8 Di VC USD (A007) For Nikon F Zoom Lens,550.0,550.0,Free shipping,https://www.ebay.com/itm/358164623186?_trkparms=5373%3A5000006400%7C5374%3ATech%7C5079%3A5000006425,0.0,0.0
2026-06-08 16:06:35,HP HSN-IX01 G2 USB-C Docking Station with Power Supply,49.99,49.99,Free shipping,https://www.ebay.com/itm/206030688486?_trkparms=5373%3A5000006400%7C5374%3ATech%7C5079%3A5000006427,0.0,0.0
2026-06-08 16:06:35,Poly Voyager Legend 50 Single Ear Headset,94.99,115.99,Free shipping,https://www.ebay.com/itm/156765637660?_trkparms=5373%3A5000006400%7C5374%3ATech%7C5079%3A5000006427,21.0,18.11
2026-06-08 16:06:35,HyperX Cloud III S Wireless - Gaming Headset (Black),139.99,179.99,Free shipping,https://www.ebay.com/itm/157179993959?_trkparms=5373%3A5000006400%7C5374%3ATech%7C5079%3A5000006427,40.0,22.22
2026-06-08 20:26:24,"Apple Macbook Air  13"" M5 Chip 16GB RAM 512GB SSD  8-core GPU Midnight MDHE4LL/A",947.0,1099.0,Free shipping,https://www.ebay.com/itm/366323625617?_trkparms=5373%3A5000006400%7C5374%3ATech%7C5079%3A5000006407,152.0,13.83
2026-06-08 20:26:28,HP Rechargeable MPP 2.0 Tilt Pen,82.99,82.99,Free shipping,https://www.ebay.com/itm/155532591007?_trkparms=5373%3A5000006400%7C5374%3ATech%7C5079%3A5000006427,0.0,0.0
2026-06-08 20:26:28,HP Travel 18 Liter 15.6 Iron Grey Laptop Backpack,33.99,33.99,Free shipping,https://www.ebay.com/itm/156158791326?_trkparms=5373%3A5000006400%7C5374%3ATech%7C5079%3A5000006427,0.0,0.0
2026-06-08 22:43:27,AKG K 240 Studio Professional Semi Open Stereo Headphones,69.99,150.0,Free shipping,https://www.ebay.com/itm/117180160353?_trkparms=5373%3A5000006400%7C5374%3ATech%7C5079%3A5000006400,80.01,53.34
2026-06-08 22:43:27,Skullcandy Push 720 Open Ear True Wireless Earbuds (Bone/Gold),126.99,199.99,Free shipping,https://www.ebay.com/itm/298179594927?_trkparms=5373%3A5000006400%7C5374%3ATech%7C5079%3A5000006400,73.00000000000001,36.5
2026-06-08 22:43:27,JBL Flip 7 Portable Waterproof Bluetooth Speaker (Red),128.99,149.95,Free shipping,https://www.ebay.com/itm/287245012587?_trkparms=5373%3A5000006400%7C5374%3ATech%7C5079%3A5000006400,20.95999999999998,13.98
2026-06-08 22:43:28,Skullcandy Crusher ANC 2 Sensory Bass Headphones (Primer),202.99,299.99,Free shipping,https://www.ebay.com/itm/298179600045?_trkparms=5373%3A5000006400%7C5374%3ATech%7C5079%3A5000006400,97.0,32.33
2026-06-08 22:43:28,JBL Charge 6 Portable Bluetooth Speaker AMAZING Sound (White),172.99,199.95,Free shipping,https://www.ebay.com/itm/377076574660?_trkparms=5373%3A5000006400%7C5374%3ATech%7C5079%3A5000006400,26.95999999999998,13.48
2026-06-08 22:43:28,Skullcandy Crusher 540 Active Over-Ear Headphones with Multi-Sensory Bass (Coal),176.99,259.99,Free shipping,https://www.ebay.com/itm/287245018998?_trkparms=5373%3A5000006400%7C5374%3ATech%7C5079%3A5000006400,83.0,31.92
2026-06-08 22:43:28,Nikon 12x25 Travelite Binoculars Refurbished Optics (Black),74.99,149.95,Shipping info unavailable,https://www.ebay.com/itm/286868221686?_trkparms=5373%3A5000006400%7C5374%3ATech%7C5079%3A5000006400,74.96,49.99
2026-06-08 22:43:28,"LG UltraGear 32"" OLED 4K Dual-Mode FHD 480Hz 0.03ms AMD FreeSync Pro 32GX870A-B",758.0,1399.99,Free shipping,https://www.ebay.com/itm/366106845404?_trkparms=5373%3A5000006400%7C5374%3ATech%7C5079%3A5000006400,641.99,45.86
2026-06-08 22:43:28,Apple Watch SE 3 44mm GPS Starlight Aluminum Case w Sport Band M/L MEHJ4LW/A,201.0,279.0,Free shipping,https://www.ebay.com/itm/365954349285?_trkparms=5373%3A5000006400%7C5374%3ATech%7C5079%3A5000006400,78.0,27.96
2026-06-08 22:43:29,Dell UltraSharp U4924DW 49-Inch Curved Dual QHD (5120 x 1440) USB-C Hub Monitor,879.99,1699.0,Shipping info unavailable,https://www.ebay.com/itm/377213088208?_trkparms=5373%3A5000006400%7C5374%3ATech%7C5079%3A5000006400,819.01,48.21
2026-06-08 22:43:29,Panasonic LUMIX S Series PRO 70-200mm F4 L Mount Telephoto Lens (Black) PRO,1088.99,2099.99,Shipping info unavailable,https://www.ebay.com/itm/297126502270?_trkparms=5373%3A5000006400%7C5374%3ATech%7C5079%3A5000006400,1010.9999999999998,48.14
2026-06-08 22:43:29,Snakebyte GamePad Pro X Controller for Xbox Series X and PC (White),18.99,129.99,Shipping info unavailable,https://www.ebay.com/itm/286014554031?_trkparms=5373%3A5000006400%7C5374%3ATech%7C5079%3A5000006400,111.00000000000001,85.39
2026-06-08 22:43:29,Walkers XCEL 500BT Digital Bluetooth Electronic Muff Auto Shutt Off (Black),49.99,79.99,Free shipping,https://www.ebay.com/itm/376673095696?_trkparms=5373%3A5000006400%7C5374%3ATech%7C5079%3A5000006400,29.999999999999993,37.5
2026-06-08 22:43:29,"Samsung Galaxy Tab A11+ 11"" WiFi Tablet 128GB Gray SM-X230NZAIXAR",171.0,249.99,Free shipping,https://www.ebay.com/itm/366361568951?_trkparms=5373%3A5000006400%7C5374%3ATech%7C5079%3A5000006400,78.99000000000001,31.6
2026-06-08 22:43:30,Audio-Technica AT-LP70XBT-BZ Wireless Turntable with Amplifier System Bundle,379.99,549.0,Free shipping,https://www.ebay.com/itm/127848570239?_trkparms=5373%3A5000006400%7C5374%3ATech%7C5079%3A5000006400,169.01,30.79
2026-06-08 22:43:30,"LG UltraGear 27"" QHD Glossy OLED Gaming Monitor 0.03ms 240Hz - Black 27GX704A-B",408.0,799.99,Free shipping,https://www.ebay.com/itm/147024320586?_trkparms=5373%3A5000006400%7C5374%3ATech%7C5079%3A5000006400,391.99,49.0
2026-06-08 22:43:30,Walkers Razor Slim Electronic Ear Muffs (Blue Sprinkles),34.99,49.99,Free shipping,https://www.ebay.com/itm/286917910494?_trkparms=5373%3A5000006400%7C5374%3ATech%7C5079%3A5000006400,15.0,30.01
2026-06-08 22:43:30,"LG 27"" FHD HDR10 16:9 Curved Monitor 5ms GtG 100Hz - Black 27U421A-B 2026 Model",80.52,149.99,Free shipping,https://www.ebay.com/itm/366359151782?_trkparms=5373%3A5000006400%7C5374%3ATech%7C5079%3A5000006400,69.47000000000001,46.32
2026-06-08 22:43:34,"Apple iPad 10.2"" 9th Gen 2021 64GB WiFi – Good – 1 Year Warranty",148.66,399.0,Free shipping,https://www.ebay.com/itm/203898142054?_trkparms=5373%3A5000006400%7C5374%3ATech%7C5079%3A5000006415,250.34,62.74
2026-06-08 22:43:36,Epson WorkForce ES-580W Wireless Duplex Scanner - Certified Refurbished,284.99,284.99,Free shipping,https://www.ebay.com/itm/195977018346?_trkparms=5373%3A5000006400%7C5374%3ATech%7C5079%3A5000006417,0.0,0.0
2026-06-09 04:07:22,Apple iPad 7th Gen 2019 (Wi-Fi) 32GB Silver (Good),101.99,329.0,Shipping info unavailable,https://www.ebay.com/itm/286888648423?_trkparms=5373%3A5000006400%7C5374%3ATech%7C5079%3A5000006400,227.01,69.0
2026-06-09 04:07:22,Soundcore Boom 2 SE Outdoor Speaker Portable Subwoofer BassUp Floatable IPX7 30W,49.99,129.99,Shipping info unavailable,https://www.ebay.com/itm/387153628036?_trkparms=5373%3A5000006400%7C5374%3ATech%7C5079%3A5000006400,80.0,61.54
2026-06-09 04:07:27,Nintendo Switch Low Serial HAC-001 Console Appearance Defects Set 1 Day Ship,189.57,199.55,Free shipping,https://www.ebay.com/itm/267090036957?_trkparms=5373%3A5000006400%7C5374%3ATech%7C5079%3A5000006401,9.980000000000018,5.0
2026-06-09 04:07:27,Nintendo Switch HAC-001(-01) Console Fortnite Wildcat Edition A Rank No Code 957,262.19,275.99,Free shipping,https://www.ebay.com/itm/267413567899?_trkparms=5373%3A5000006400%7C5374%3ATech%7C5079%3A5000006401,13.800000000000011,5.0
2026-06-09 04:07:27,Nintendo Switch Lite Turquoise Console Only Region Free 1 Day Shipping Refurbish,147.24,154.99,Free shipping,https://www.ebay.com/itm/266844633536?_trkparms=5373%3A5000006400%7C5374%3ATech%7C5079%3A5000006401,7.75,5.0
2026-06-09 15:19:06,DJI Avata 360 Fly More Combo FPV Drone with RC2 Controller & 3 Batteries,960.0,1108.9,Free shipping,https://www.ebay.com/itm/406938518856?_trkparms=5373%3A5000006400%7C5374%3ATech%7C5079%3A5000006400,148.9000000000001,13.43
2026-06-09 15:19:12,Epson EpiqVision Mini EF22 Laser Projector,499.99,499.99,Free shipping,https://www.ebay.com/itm/206148998342?_trkparms=5373%3A5000006400%7C5374%3ATech%7C5079%3A5000006409,0.0,0.0
2026-06-09 20:14:17,"Dell Latitude 7430 14"" FHD Touch Laptop Intel Core i7-1265U 32GB 256GB W11P",439.99,2499.99,Shipping info unavailable,https://www.ebay.com/itm/168386349105?_trkparms=5373%3A5000006400%7C5374%3ATech%7C5079%3A5000006400,2060.0,82.4
2026-06-09 20:14:17,ASUS RT-BE92U: BE9700 Tri-Band WiFi 7 Router with 10G Port & AiMesh,159.99,219.99,Shipping info unavailable,https://www.ebay.com/itm/168357577723?_trkparms=5373%3A5000006400%7C5374%3ATech%7C5079%3A5000006400,60.0,27.27
2026-06-09 20:14:18,"Dell Latitude 5330 - 13.3"" FHD Touch Laptop - i7-1265U - 32GB - 512GB - W11P",439.99,799.99,Shipping info unavailable,https://www.ebay.com/itm/168372964898?_trkparms=5373%3A5000006400%7C5374%3ATech%7C5079%3A5000006400,360.0,45.0
2026-06-09 20:14:18,ASUS Dual GeForce RTX 4060 O8G V2 8GB Graphics Card (DUAL-RTX4060-O8G-V2),279.99,899.99,Shipping info unavailable,https://www.ebay.com/itm/168408171159?_trkparms=5373%3A5000006400%7C5374%3ATech%7C5079%3A5000006400,620.0,68.89
2026-06-09 20:14:18,"Dell Precision 3561 15.6"" FHD Laptop Intel Core i7-11800H, 512GB 32GB, W11P",499.99,899.99,Shipping info unavailable,https://www.ebay.com/itm/168388663412?_trkparms=5373%3A5000006400%7C5374%3ATech%7C5079%3A5000006400,400.0,44.44
2026-06-09 20:14:18,"Dell Latitude 5530 15.6"" FHD Laptop Intel Core i5-1245U 16GB 256GB Win11P",399.99,599.99,Shipping info unavailable,https://www.ebay.com/itm/168389704474?_trkparms=5373%3A5000006400%7C5374%3ATech%7C5079%3A5000006400,200.0,33.33
2026-06-09 20:14:22,"HP Elite Dragonfly G3 13.5"" 32GB 512GB SSD Chrome OS, Slate Blue",314.99,314.99,Free shipping,https://www.ebay.com/itm/389331528436?_trkparms=5373%3A5000006400%7C5374%3ATech%7C5079%3A5000006407,0.0,0.0
2026-06-09 20:14:25,"Toshiba 16TB MG08ACA16TE 512MB 7200RPM SATA 6.0Gb/s 3.5"" Internal Enterprise HDD",354.99,409.99,Free shipping,https://www.ebay.com/itm/167683146000?_trkparms=5373%3A5000006400%7C5374%3ATech%7C5079%3A5000006421,55.0,13.41
2026-06-09 22:27:26,SONY WFC710N/L Headphones,53.32,129.99,Shipping info unavailable,https://www.ebay.com/itm/316885230745?_trkparms=5373%3A5000006400%7C5374%3ATech%7C5079%3A5000006400,76.67000000000002,58.98
2026-06-09 22:27:26,Sony DPT-CP1/B 10” Digital Paper,134.0,499.99,Free shipping,https://www.ebay.com/itm/277417334458?_trkparms=5373%3A5000006400%7C5374%3ATech%7C5079%3A5000006400,365.99,73.2
2026-06-09 22:27:26,G923 RACINGWHEEL PEDALS XB1 PC 097855146731,167.0,399.99,Shipping info unavailable,https://www.ebay.com/itm/167190628189?_trkparms=5373%3A5000006400%7C5374%3ATech%7C5079%3A5000006400,232.99,58.25
2026-06-09 22:27:26,SONY SRSULT10/W Personal Audio,55.23,139.99,Shipping info unavailable,https://www.ebay.com/itm/315649002843?_trkparms=5373%3A5000006400%7C5374%3ATech%7C5079%3A5000006400,84.76000000000002,60.55
2026-06-09 22:27:26,Logitech Pro X2 Wireless Gaming Headset,99.46,279.99,Shipping info unavailable,https://www.ebay.com/itm/167017920229?_trkparms=5373%3A5000006400%7C5374%3ATech%7C5079%3A5000006400,180.53000000000003,64.48
2026-06-09 22:27:26,A20 Wireless Headset Gen 2 - PS-BLUE-2.4GHZ-A20 GEN 2 PS 939-001876,52.11,139.99,Shipping info unavailable,https://www.ebay.com/itm/167051732325?_trkparms=5373%3A5000006400%7C5374%3ATech%7C5079%3A5000006400,87.88000000000001,62.78
2026-06-09 22:27:26,SONY SRSULT30/H Personal Audio,95.23,209.99,Shipping info unavailable,https://www.ebay.com/itm/267269753079?_trkparms=5373%3A5000006400%7C5374%3ATech%7C5079%3A5000006400,114.76,54.65
2026-06-09 22:27:26,Stanmore III Bluetooth Brown (US),286.0,379.99,Shipping info unavailable,https://www.ebay.com/itm/267054680536?_trkparms=5373%3A5000006400%7C5374%3ATech%7C5079%3A5000006400,93.99000000000001,24.73
2026-06-09 22:27:27,SONY WH1000XM5/P Headphone (BT),220.0,399.99,Shipping info unavailable,https://www.ebay.com/itm/276844910497?_trkparms=5373%3A5000006400%7C5374%3ATech%7C5079%3A5000006400,179.99,45.0
2026-06-09 22:27:27,KILBURN II BLACK AND BRASS (US),162.0,249.99,Shipping info unavailable,https://www.ebay.com/itm/276718956445?_trkparms=5373%3A5000006400%7C5374%3ATech%7C5079%3A5000006400,87.99000000000001,35.2
2026-06-09 22:27:27,"Marshall Acton III Bluetooth Home Speaker, Black",172.0,279.99,Shipping info unavailable,https://www.ebay.com/itm/315927845350?_trkparms=5373%3A5000006400%7C5374%3ATech%7C5079%3A5000006400,107.99000000000001,38.57
2026-06-09 22:27:27,Acton III BluetoothÂ Brown (US),143.0,279.99,Shipping info unavailable,https://www.ebay.com/itm/267054680568?_trkparms=5373%3A5000006400%7C5374%3ATech%7C5079%3A5000006400,136.99,48.93
2026-06-09 22:27:27,G923 Racing Wheel and Pedals for PS5 PS4 and PC-USB-PLUGA-N 941-000147,162.0,399.99,Shipping info unavailable,https://www.ebay.com/itm/167172666910?_trkparms=5373%3A5000006400%7C5374%3ATech%7C5079%3A5000006400,237.99,59.5
2026-06-10 04:18:42,Lenvo ThinkPad P15v Laptop Intel Core i7-12700H NVIDIA T1200 32GB RAM 512GB W11P,738.99,999.99,Shipping info unavailable,https://www.ebay.com/itm/306979063077?_trkparms=5373%3A5000006400%7C5374%3ATech%7C5079%3A5000006400,261.0,26.1
2026-06-10 04:18:42,"Dell Latitude 5330 2in1 Laptop Intel Core i7-1265U 32GB 512GB SSD 13.3"" FHD W11P",413.99,579.99,Shipping info unavailable,https://www.ebay.com/itm/306979063047?_trkparms=5373%3A5000006400%7C5374%3ATech%7C5079%3A5000006400,166.0,28.62
2026-06-10 04:18:42,"DELL Latitude 7420 Laptop Intel Core i7-1185G7 16GB RAM 512GB SSD 14"" FHD W11P",305.99,439.99,Shipping info unavailable,https://www.ebay.com/itm/800113189611?_trkparms=5373%3A5000006400%7C5374%3ATech%7C5079%3A5000006400,134.0,30.46
2026-06-10 04:18:42,MSI RAIDER GE68HX Gaming Laptop Intel Core i9-14900HX RTX 4070 32GB 1TB SSD W11H,1248.99,1599.99,Shipping info unavailable,https://www.ebay.com/itm/389990001217?_trkparms=5373%3A5000006400%7C5374%3ATech%7C5079%3A5000006400,351.0,21.94
2026-06-10 04:18:42,"Dell Precision 3560 Workstation Laptop Intel Core i5-1135G7 16GB 256GB 15.6"" W11",332.99,499.99,Shipping info unavailable,https://www.ebay.com/itm/298378901431?_trkparms=5373%3A5000006400%7C5374%3ATech%7C5079%3A5000006400,167.0,33.4
2026-06-10 04:18:42,"DELL Latitude 7420 Laptop Intel Core i5-1145G7 16GB RAM 256GB SSD 14"" Touch W11P",266.99,349.99,Shipping info unavailable,https://www.ebay.com/itm/297956148630?_trkparms=5373%3A5000006400%7C5374%3ATech%7C5079%3A5000006400,83.0,23.71
2026-06-10 04:18:43,"HP EliteBook 830 G8 Laptop  Intel Core i7-1185G7 16GB RAM 256GB SSD 13.3"" W11P",272.99,399.99,Shipping info unavailable,https://www.ebay.com/itm/800092460226?_trkparms=5373%3A5000006400%7C5374%3ATech%7C5079%3A5000006400,127.0,31.75
2026-06-10 04:18:43,"Dell Latitude 7430 14"" FHD Laptop, i7-1265U, 32GB, 512GB, Windows 11 Pro",403.99,599.99,Shipping info unavailable,https://www.ebay.com/itm/306794417501?_trkparms=5373%3A5000006400%7C5374%3ATech%7C5079%3A5000006400,196.0,32.67
2026-06-10 04:18:43,"Dell Precision 3561 Intel Core i7-11800H NVIDIA T1200 32GB 512GB SSD 15.6"" W11P",519.99,599.99,Shipping info unavailable,https://www.ebay.com/itm/298086068816?_trkparms=5373%3A5000006400%7C5374%3ATech%7C5079%3A5000006400,80.0,13.33
2026-06-10 04:18:43,"ASUS Vivobook S16 Laptop Intel Core Ultra 9 285H 32GB Memory 1TB SSD 16.0"" OLED",907.99,1099.99,Shipping info unavailable,https://www.ebay.com/itm/306881034889?_trkparms=5373%3A5000006400%7C5374%3ATech%7C5079%3A5000006400,192.0,17.45
2026-06-10 04:18:43,Lenovo IdeaPad Slim 3x Copilot+ PC Laptop Qualcomm Snapdragon X 16GB 1TB W11H,429.99,649.99,Shipping info unavailable,https://www.ebay.com/itm/306678789489?_trkparms=5373%3A5000006400%7C5374%3ATech%7C5079%3A5000006400,220.0,33.85
2026-06-10 04:18:44,"DELL Latitude 5320 Laptop Intel Core i7-1165G7 32GB RAM 256GB SSD 13.3"" FHD W11P",295.99,439.99,Shipping info unavailable,https://www.ebay.com/itm/389826958451?_trkparms=5373%3A5000006400%7C5374%3ATech%7C5079%3A5000006400,144.0,32.73
2026-06-10 04:18:44,"MSI Katana A15 AI Gaming Laptop AMD Ryzen 9 8945HS RTX 4070 16GB 1TB 15.6"" W11H",1048.99,1399.99,Shipping info unavailable,https://www.ebay.com/itm/298378901467?_trkparms=5373%3A5000006400%7C5374%3ATech%7C5079%3A5000006400,351.0,25.07
2026-06-10 04:18:44,"DELL Latitude 5431 Laptop Intel Core i5-1250P 16GB Memory 256GB SSD 14"" W11P",308.99,439.99,Shipping info unavailable,https://www.ebay.com/itm/306853565636?_trkparms=5373%3A5000006400%7C5374%3ATech%7C5079%3A5000006400,131.0,29.77
2026-06-10 04:18:44,"MSI 27"" WQHD 2K 1440P 180HZ AMD FreeSync (AMD Adaptive Sync) 0.5ms HDR Ready Cur",114.99,149.99,Shipping info unavailable,https://www.ebay.com/itm/306707626520?_trkparms=5373%3A5000006400%7C5374%3ATech%7C5079%3A5000006400,35.000000000000014,23.33
2026-06-10 04:18:44,"Dell Latitude 5430 Laptop Intel Core i7-1265U 16GB RAM 256GB SSD 14.0"" FHD Webca",358.99,499.99,Shipping info unavailable,https://www.ebay.com/itm/298227364969?_trkparms=5373%3A5000006400%7C5374%3ATech%7C5079%3A5000006400,141.0,28.2
2026-06-10 04:18:44,"Dell Latitude 5430 Laptop Intel Core i5-1245U 32GB RAM 512GB SSD 14.0"" FHD W11P",362.99,499.99,Shipping info unavailable,https://www.ebay.com/itm/389890957448?_trkparms=5373%3A5000006400%7C5374%3ATech%7C5079%3A5000006400,137.0,27.4
2026-06-10 04:18:47,SVBONY SV225 Alt-Azimuth AZ Telescope Mount + Aluminum Tripod Sturdy Extendable,269.99,385.7,Free shipping,https://www.ebay.com/itm/176798819878?_trkparms=5373%3A5000006400%7C5374%3ATech%7C5079%3A5000006430,115.70999999999998,30.0
2026-06-10 10:14:27,Samsung Galaxy Watch 8 LTE 40mm Unlocked  Smartwatch L325U - Excellent,180.49,180.49,Free shipping,https://www.ebay.com/itm/168310739877?_trkparms=5373%3A5000006400%7C5374%3ATech%7C5079%3A5000006411,0.0,0.0
2026-06-10 15:53:12,Apple iPhone 14 Plus 128GB Unlocked - Very Good,316.95,899.99,Free shipping,https://www.ebay.com/itm/365472023806?_trkparms=5373%3A5000006400%7C5374%3ATech%7C5079%3A5000006400,583.04,64.78
2026-06-10 15:53:14,Reolink Refurbished 510A 5MP PoE Security Camera Night Vision Audio Recording,38.49,54.99,Free shipping,https://www.ebay.com/itm/389515506625?_trkparms=5373%3A5000006400%7C5374%3ATech%7C5079%3A5000006400,16.5,30.01
2026-06-10 15:53:15,"HP EliteBook 840 G8 14"" 16GB 512GB SSD Core i5-1145G7- Excellent Refurbished",319.99,1249.0,Free shipping,https://www.ebay.com/itm/366357439657?_trkparms=5373%3A5000006400%7C5374%3ATech%7C5079%3A5000006407,929.01,74.38
2026-06-10 15:53:17,JBL PartyBox 310 Portable Bluetooth Party Speaker Wireless LED Bass Boost,397.36,397.36,Free shipping,https://www.ebay.com/itm/298252246599?_trkparms=5373%3A5000006400%7C5374%3ATech%7C5079%3A5000006403,0.0,0.0
2026-06-10 15:53:18,JBL PartyBox 310 Portable Bluetooth Party Speaker Wireless LED Bass Boost,397.36,397.36,Free shipping,https://www.ebay.com/itm/298252246599?_trkparms=5373%3A5000006400%7C5374%3ATech%7C5079%3A5000006413,0.0,0.0
2026-06-10 20:39:21,Soundcore Boom 2 SE Outdoor Speaker Portable Subwoofer BassUp Floatable IPX7 30W,49.99,129.99,Free shipping,https://www.ebay.com/itm/387153628036?_trkparms=5373%3A5000006400%7C5374%3ATech%7C5079%3A5000006403,80.0,61.54
2026-06-11 04:41:12,"Apple iPad Pro 13"" 7th Gen M4 Chip, 1TB, Wi-Fi - Very Good - 1 YEAR WARRANTY",864.76,1699.0,Shipping info unavailable,https://www.ebay.com/itm/187028215175?_trkparms=5373%3A5000006400%7C5374%3ATech%7C5079%3A5000006400,834.24,49.1
2026-06-11 04:41:19,"Apple iPad Pro 13"" 7th Gen M4 Chip, 1TB, Wi-Fi - Very Good - 1 YEAR WARRANTY",864.76,1699.0,Free shipping,https://www.ebay.com/itm/187028215175?_trkparms=5373%3A5000006400%7C5374%3ATech%7C5079%3A5000006415,834.24,49.1
2026-06-11 16:14:11,DJI Neo 2 Fly More Combo (Drone Only)(3 Battery) Camera Drone Brand NEW,349.0,349.0,Free shipping,https://www.ebay.com/itm/406921035327?_trkparms=5373%3A5000006400%7C5374%3ATech%7C5079%3A5000006400,0.0,0.0
2026-06-11 16:14:11,"Acer Nitro V 15 15.6"" 165Hz FHD Core 5 210H 16GB RAM 512GB SSD RTX 4050 Refurb",697.49,697.49,Free shipping,https://www.ebay.com/itm/267647495098?_trkparms=5373%3A5000006400%7C5374%3ATech%7C5079%3A5000006400,0.0,0.0
2026-06-11 20:29:08,eufy 2K Outdoor Solar Security Cameras (SoloCam S230) Spotlight Cam Night Vision,129.99,449.99,Shipping info unavailable,https://www.ebay.com/itm/387495675783?_trkparms=5373%3A5000006400%7C5374%3ATech%7C5079%3A5000006400,320.0,71.11
2026-06-11 22:52:19,PS Vita PCH-2000 Silver Console Only S Rank Sony PlayStation Region Free 254,243.48,256.29,Free shipping,https://www.ebay.com/itm/267556713568?_trkparms=5373%3A5000006400%7C5374%3ATech%7C5079%3A5000006401,12.81000000000003,5.0
2026-06-12 10:24:00,Samsung Galaxy Buds SM-R170 In-Ear Wireless Earbuds Headphones - White SR,29.95,29.95,Free shipping,https://www.ebay.com/itm/183538469535?_trkparms=5373%3A5000006400%7C5374%3ATech%7C5079%3A5000006403,0.0,0.0
2026-06-12 15:30:09,PlayStation 5 DualSense Wireless Controller Midnight Black,74.0,74.99,Free shipping,https://www.ebay.com/itm/306780617766?_trkparms=5373%3A5000006400%7C5374%3ATech%7C5079%3A5000006400,0.9899999999999949,1.32
2026-06-12 15:30:10,"Apple iPad 10.9"" 10th Gen, 64GB, Wi-Fi - All Colors - Good - 1 YEAR WARRANTY",223.06,599.0,Free shipping,https://www.ebay.com/itm/176020199196?_trkparms=5373%3A5000006400%7C5374%3ATech%7C5079%3A5000006400,375.94,62.76
2026-06-12 20:19:43,"Apple iPad 10.9"" 10th Generation 64GB Wi-Fi + Cell Silver MQ6J3LL/A • Very Good",278.0,278.0,Free shipping,https://www.ebay.com/itm/306799619305?_trkparms=5373%3A5000006400%7C5374%3ATech%7C5079%3A5000006400,0.0,0.0
2026-06-12 20:19:43,Google Pixel Watch 4 (GPS LTE) Black Stainless Steel 45mm Matte Black Sport Good,269.0,269.0,Free shipping,https://www.ebay.com/itm/127914670677?_trkparms=5373%3A5000006400%7C5374%3ATech%7C5079%3A5000006400,0.0,0.0
2026-06-12 20:19:43,"Valve Steam Deck 7"" Handheld Console 256GB LCD SteamOS Model 1010 • Good Cond.",584.97,584.97,Free shipping,https://www.ebay.com/itm/298388125714?_trkparms=5373%3A5000006400%7C5374%3ATech%7C5079%3A5000006400,0.0,0.0
2026-06-12 20:19:43,"Apple iPad Pro 11"" 2nd Gen 128GB 2020 Wi-Fi Only MY232LL/A Space Gray Very Good",305.97,305.97,Free shipping,https://www.ebay.com/itm/298362891027?_trkparms=5373%3A5000006400%7C5374%3ATech%7C5079%3A5000006400,0.0,0.0
2026-06-12 20:19:43,Lot of 4 Micron 16GB 2Rx8 PC4 DDR4-2666 ECC RDIMM MTA18ASF2G72PDZ-2G6E1QI Good,69.0,69.0,Free shipping,https://www.ebay.com/itm/298406462501?_trkparms=5373%3A5000006400%7C5374%3ATech%7C5079%3A5000006400,0.0,0.0
2026-06-12 20:19:43,Apple Watch Series 11 Cellular 46mm Aluminum 90%+ w/White Band (Rose) Warranty,317.35,529.0,Shipping info unavailable,https://www.ebay.com/itm/377118821980?_trkparms=5373%3A5000006400%7C5374%3ATech%7C5079%3A5000006400,211.64999999999998,40.01
2026-06-12 20:19:43,"2020 Apple iPhone 12 Pro Max 256GB Unlocked 6.7"" - (Gold) A2651 w/Year Warranty",485.08,1199.0,Shipping info unavailable,https://www.ebay.com/itm/146766579422?_trkparms=5373%3A5000006400%7C5374%3ATech%7C5079%3A5000006400,713.9200000000001,59.54
2026-06-12 20:19:43,Apple Watch Series 11 Cellular 42mm Aluminum 90%+ w/BLK Band (Black) - Warranty,330.69,499.0,Shipping info unavailable,https://www.ebay.com/itm/377168325798?_trkparms=5373%3A5000006400%7C5374%3ATech%7C5079%3A5000006400,168.31,33.73
2026-06-12 20:19:44,"Apple iPhone 14 256GB Unlocked 6.1"" (Midnight) A2649 - w/1 Year Warranty",365.95,899.0,Shipping info unavailable,https://www.ebay.com/itm/356488185626?_trkparms=5373%3A5000006400%7C5374%3ATech%7C5079%3A5000006400,533.05,59.29
2026-06-12 20:19:44,"2022 Apple iPad Pro 6 256GB WiFi/Cellular 12.9"" - (Space Gray) A2764 w/Warranty",520.24,1399.0,Shipping info unavailable,https://www.ebay.com/itm/376730683299?_trkparms=5373%3A5000006400%7C5374%3ATech%7C5079%3A5000006400,878.76,62.81
2026-06-12 20:19:45,"2022 Apple M2 MacBook Air 13.6"" 90%+ 8GB/512GB SSD (Midnight) A2681 w/Warranty",703.3,1499.0,Shipping info unavailable,https://www.ebay.com/itm/147274564364?_trkparms=5373%3A5000006400%7C5374%3ATech%7C5079%3A5000006400,795.7,53.08
2026-06-12 20:19:45,Apple MacBook Air 15” 2024 M3 10-Core 24GB RAM 2TB SSD A3114 Certified Refurb,1199.0,1199.0,Free shipping,https://www.ebay.com/itm/306994598301?_trkparms=5373%3A5000006400%7C5374%3ATech%7C5079%3A5000006400,0.0,0.0
2026-06-12 20:19:45,2020 Apple iPad Pro 4 256GB WiFi/Cellular 90%+ Battery (Gray) A2069 w/Warranty,465.13,1249.0,Shipping info unavailable,https://www.ebay.com/itm/376730890663?_trkparms=5373%3A5000006400%7C5374%3ATech%7C5079%3A5000006400,783.87,62.76
2026-06-12 20:19:45,"Apple iPhone 12 128GB Unlocked 6.1"" - (Blue) A2172 w/1 Year Warranty",189.65,879.0,Shipping info unavailable,https://www.ebay.com/itm/356788736823?_trkparms=5373%3A5000006400%7C5374%3ATech%7C5079%3A5000006400,689.35,78.42
2026-06-12 20:19:45,"Apple iPhone 13 mini 5.4"" Unlocked 128GB (Midnight) A2481 - w/1 Year Warranty",237.3,699.0,Shipping info unavailable,https://www.ebay.com/itm/355664053824?_trkparms=5373%3A5000006400%7C5374%3ATech%7C5079%3A5000006400,461.7,66.05
2026-06-12 20:19:45,"2020 Apple MacBook Pro 13.3"" i7 2.3GHz/16GB/1TB (Space Gray) A2251 - w/Warranty",485.68,2199.0,Shipping info unavailable,https://www.ebay.com/itm/356131944274?_trkparms=5373%3A5000006400%7C5374%3ATech%7C5079%3A5000006400,1713.32,77.91
2026-06-12 20:19:45,Canon EOS R50 Mirrorless Camera Black + 3 Lens Kit 18-45mm + 32GB + Flash & More,692.99,1054.95,Free shipping,https://www.ebay.com/itm/336181434990?_trkparms=5373%3A5000006400%7C5374%3ATech%7C5079%3A5000006400,361.96000000000004,34.31
2026-06-12 20:19:46,Apple iPhone 15 Pro 256GB Unlocked - Very Good,573.95,573.95,Free shipping,https://www.ebay.com/itm/406163790845?_trkparms=5373%3A5000006400%7C5374%3ATech%7C5079%3A5000006400,0.0,0.0
2026-06-12 20:19:47,"Acer Nitro V 15 15.6"" 165Hz FHD Core 5 210H 16GB RAM 512GB SSD RTX 4050 Refurb",697.49,697.49,Free shipping,https://www.ebay.com/itm/267647495098?_trkparms=5373%3A5000006400%7C5374%3ATech%7C5079%3A5000006407,0.0,0.0
2026-06-12 22:41:58,"2023 Apple M3 Pro MacBook Pro 14.2"" 90%+ 18GB/1TB SSD (Black) A2992 - w/Warranty",1349.63,2399.0,Shipping info unavailable,https://www.ebay.com/itm/147263708831?_trkparms=5373%3A5000006400%7C5374%3ATech%7C5079%3A5000006400,1049.37,43.74
2026-06-13 04:22:32,"Apple MacBook Pro 14"" M3 Pro 14-Core GPU 18GB RAM 512GB SSD 2023 90%+ Excellent",1169.0,1169.0,Free shipping,https://www.ebay.com/itm/306801710356?_trkparms=5373%3A5000006400%7C5374%3ATech%7C5079%3A5000006400,0.0,0.0
2026-06-13 14:14:03,"Apple iPhone 14 128GB Unlocked 6.1"" - (Blue) A2649 w/1 Year Warranty",290.67,799.0,Shipping info unavailable,https://www.ebay.com/itm/355661168251?_trkparms=5373%3A5000006400%7C5374%3ATech%7C5079%3A5000006400,508.33,63.62
2026-06-13 16:20:17,"2021 Apple 90%+ M1 Pro MacBook Pro 16"" 32GB/512GB (Gray) A2485 w/Warranty",921.86,2499.0,Shipping info unavailable,https://www.ebay.com/itm/357711438392?_trkparms=5373%3A5000006400%7C5374%3ATech%7C5079%3A5000006400,1577.1399999999999,63.11
2026-06-13 22:11:43,"Apple iPhone 15 Pro 1024GB Unlocked 6.1"" (Black Titanium) A2848 - w/Warranty",679.49,1499.0,Shipping info unavailable,https://www.ebay.com/itm/376412571180?_trkparms=5373%3A5000006400%7C5374%3ATech%7C5079%3A5000006400,819.51,54.67
2026-06-13 22:11:44,"Apple iPhone 16 Pro Max 256GB Unlocked 6.9"" (Desert Titanium) A3084 - w/Warranty",799.57,1199.0,Shipping info unavailable,https://www.ebay.com/itm/376823008786?_trkparms=5373%3A5000006400%7C5374%3ATech%7C5079%3A5000006400,399.42999999999995,33.31
2026-06-14 04:49:47,"Apple iPhone 16 Plus 128GB Unlocked 90%+ Battery 6.7"" (Pink) A3082 w/Warranty",637.56,899.0,Shipping info unavailable,https://www.ebay.com/itm/147107499590?_trkparms=5373%3A5000006400%7C5374%3ATech%7C5079%3A5000006400,261.44000000000005,29.08
2026-06-14 19:46:09,"Apple iPhone 13 Pro Max 128GB Unlocked 6.7"" (Alpine Green) A2484 - w/Warranty",437.43,1099.0,Shipping info unavailable,https://www.ebay.com/itm/146760802745?_trkparms=5373%3A5000006400%7C5374%3ATech%7C5079%3A5000006400,661.5699999999999,60.2
2026-06-14 19:46:09,"2022 Apple iPad Pro 6 256GB WiFi/Cellular 12.9"" (Space Gray) A2764 - w/Warranty",605.23,1399.0,Shipping info unavailable,https://www.ebay.com/itm/358165754167?_trkparms=5373%3A5000006400%7C5374%3ATech%7C5079%3A5000006400,793.77,56.74
2026-06-15 05:05:53,"Apple iPad 9 (2021) 10.2"" 64GB 256GB Gray Silver WiFi or Cellular - Very Good",224.99,224.99,Free shipping,https://www.ebay.com/itm/165356086941?_trkparms=5373%3A5000006400%7C5374%3ATech%7C5079%3A5000006400,0.0,0.0
2026-06-15 12:30:51,"Valve Steam Deck 7"" Handheld Console 256GB LCD SteamOS Model 1010 • Good Cond.",584.97,584.97,Free shipping,https://www.ebay.com/itm/298388125714?_trkparms=5373%3A5000006400%7C5374%3ATech%7C5079%3A5000006401,0.0,0.0
2026-06-15 12:30:52,Valve Steam Deck OLED Handheld Console 1TB w/ Case + Charger • Excellent,949.0,949.0,Free shipping,https://www.ebay.com/itm/306992480340?_trkparms=5373%3A5000006400%7C5374%3ATech%7C5079%3A5000006401,0.0,0.0
2026-06-15 12:30:54,Rockville CZG2B 0 AWG Gauge Tinned OFC 2.5 Foot Car Audio Ground Wire Kit Black,22.95,49.99,Free shipping,https://www.ebay.com/itm/358556062897?_trkparms=5373%3A5000006400%7C5374%3ATech%7C5079%3A5000006432,27.040000000000003,54.09
2026-06-15 12:30:54,"Rockville RockGhost V2 Powered 11"" 800w Car Subwoofer Fits Inside Spare Tire",164.95,449.0,Free shipping,https://www.ebay.com/itm/354322995426?_trkparms=5373%3A5000006400%7C5374%3ATech%7C5079%3A5000006432,284.05,63.26
2026-06-15 12:30:54,"Rockville RVS12A 12"" Slim Vented Powered Car Subwoofer Enclosure, 1400 Watts",179.95,399.0,Free shipping,https://www.ebay.com/itm/394219760297?_trkparms=5373%3A5000006400%7C5374%3ATech%7C5079%3A5000006432,219.05,54.9
2026-06-15 12:30:56,Intel ARC A750 21P02J00BA Limited Edition 8GB GDDR6 PCIe 4.0 Graphic Card,159.99,159.99,Free shipping,https://www.ebay.com/itm/298041186469?_trkparms=5373%3A5000006400%7C5374%3ATech%7C5079%3A5000006405,0.0,0.0
2026-06-15 19:06:51,"JBL Charge 6 Bluetooth Speaker w/Powerbank,Black-Certified Refurbished",127.0,199.95,Shipping info unavailable,https://www.ebay.com/itm/136599910372?_trkparms=5373%3A5000006400%7C5374%3ATech%7C5079%3A5000006400,72.94999999999999,36.48
2026-06-15 19:06:55,"Apple MacBook Pro 14"" M5 Chip 16GB 512GB SSD 10-core GPU Space Black MDE04LL/A",1249.0,1599.0,Free shipping,https://www.ebay.com/itm/306769404252?_trkparms=5373%3A5000006400%7C5374%3ATech%7C5079%3A5000006400,350.0,21.89
2026-06-15 19:06:55,"Dell 31.6"" Plus 4K QD-OLED 3840 x 2160 120Hz 0.03ms Ash White Monitor S3225QC",379.99,849.99,Free shipping,https://www.ebay.com/itm/336434791474?_trkparms=5373%3A5000006400%7C5374%3ATech%7C5079%3A5000006400,470.0,55.29
2026-06-15 19:06:56,Samsung Galaxy S24 Ultra SM-S928U 512GB Unlocked Very Good Condition,575.66,2000.0,Free shipping,https://www.ebay.com/itm/357295226907?_trkparms=5373%3A5000006400%7C5374%3ATech%7C5079%3A5000006423,1424.3400000000001,71.22
2026-06-15 19:06:56,"Lenovo ThinkPad T14 Gen 2 14"" 256GB I7-1185G7, Black",348.0,348.0,Free shipping,https://www.ebay.com/itm/389379452944?_trkparms=5373%3A5000006400%7C5374%3ATech%7C5079%3A5000006407,0.0,0.0
2026-06-15 19:06:57,Samsung 5.1 Ch Sound Bar w/ Subwoofer Q-Symphony & Dolby ATMOS - HW-Q65C/ZA,284.99,399.99,Free shipping,https://www.ebay.com/itm/235786444232?_trkparms=5373%3A5000006400%7C5374%3ATech%7C5079%3A5000006409,115.0,28.75
2026-06-15 19:06:57,JBL JBLBAR800PROBLKAM-Z 5.1.2 Ch. Dolby Atmos Soundbar - Certified Refurbished,474.99,1199.95,Free shipping,https://www.ebay.com/itm/136874755151?_trkparms=5373%3A5000006400%7C5374%3ATech%7C5079%3A5000006409,724.96,60.42
2026-06-15 19:06:58,"Apple iPad 10.2"" 9th Gen 2021 64GB WiFi – Very Good – 1 Year Warranty",167.26,167.26,Free shipping,https://www.ebay.com/itm/185373645076?_trkparms=5373%3A5000006400%7C5374%3ATech%7C5079%3A5000006415,0.0,0.0
2026-06-15 19:06:58,"Apple iPad Pro 5th Gen A2378 - 512GB, Wi-Fi, 12.9in - GRAY SILVER - Good",474.16,474.16,Free shipping,https://www.ebay.com/itm/205124247981?_trkparms=5373%3A5000006400%7C5374%3ATech%7C5079%3A5000006415,0.0,0.0
2026-06-15 19:06:58,EcoFlow 170W Rapid Power Bank 25000mAh with Dual 140W USB-C Ports Compatible,106.24,169.0,Free shipping,https://www.ebay.com/itm/146823817921?_trkparms=5373%3A5000006400%7C5374%3ATech%7C5079%3A5000006419,62.760000000000005,37.14
2026-06-15 19:06:59,"Seagate IronWolf Pro ST18000NE000 18TB 7200RPM SATA 6Gb/s 3.5"" NAS Hard Drive",499.99,499.99,Free shipping,https://www.ebay.com/itm/166802198704?_trkparms=5373%3A5000006400%7C5374%3ATech%7C5079%3A5000006421,0.0,0.0
2026-06-15 19:06:59,"Seagate IronWolf Pro ST18000NE000 18TB 7200RPM SATA 6Gbps 3.5"" NAS Hard Drive",489.99,489.99,Free shipping,https://www.ebay.com/itm/226641778344?_trkparms=5373%3A5000006400%7C5374%3ATech%7C5079%3A5000006421,0.0,0.0
2026-06-15 19:06:59,"JBL Charge 6 Bluetooth Speaker w/Powerbank,Black-Certified Refurbished",127.0,199.95,Free shipping,https://www.ebay.com/itm/136599910372?_trkparms=5373%3A5000006400%7C5374%3ATech%7C5079%3A5000006403,72.94999999999999,36.48
2026-06-15 19:06:59,"JBL JBLPBOTGESAM-Z PARTYBOX ON-THE-GO ESSENTIAL, Black - Certified Refurbished",208.99,349.95,Free shipping,https://www.ebay.com/itm/135873285073?_trkparms=5373%3A5000006400%7C5374%3ATech%7C5079%3A5000006403,140.95999999999998,40.28
2026-06-15 19:06:59,Epson EcoTank ET-3943 Wireless Supertank Printer - Certified Refurbished,189.99,189.99,Free shipping,https://www.ebay.com/itm/206091958241?_trkparms=5373%3A5000006400%7C5374%3ATech%7C5079%3A5000006417,0.0,0.0
2026-06-15 19:06:59,Epson EcoTank ET-4800 Wireless Printer - Certified Refurbished,169.99,169.99,Free shipping,https://www.ebay.com/itm/198373729677?_trkparms=5373%3A5000006400%7C5374%3ATech%7C5079%3A5000006417,0.0,0.0
2026-06-15 19:06:59,"Rockville RV12.2B 1200w Dual 12"" Car Subwoofer Enclosure+Mono Amplifier+Amp Kit",209.95,610.0,Free shipping,https://www.ebay.com/itm/352839177710?_trkparms=5373%3A5000006400%7C5374%3ATech%7C5079%3A5000006432,400.05,65.58
2026-06-15 19:07:00,"Kicker 53PL7TDF12 L7TDF 12"" Powered Subwoofer L7T Sub in Slim Enclosure+Wire Kit",599.99,599.99,Free shipping,https://www.ebay.com/itm/306851585555?_trkparms=5373%3A5000006400%7C5374%3ATech%7C5079%3A5000006432,0.0,0.0
2026-06-15 19:07:00,"Rockville RG212CA 2000w Dual 12"" Vented Powered Car Subwoofer Enclosure+Amp Kit",254.95,254.95,Free shipping,https://www.ebay.com/itm/393694018890?_trkparms=5373%3A5000006400%7C5374%3ATech%7C5079%3A5000006432,0.0,0.0
2026-06-15 19:07:01,HyperX Cloud Alpha - Wireless Gaming Headset - Black-Red,199.99,199.99,Free shipping,https://www.ebay.com/itm/156387646365?_trkparms=5373%3A5000006400%7C5374%3ATech%7C5079%3A5000006427,0.0,0.0
2026-06-15 19:07:01,Anker 10-in-1 USB C Docking Station Displaylink with Dual HDMI and DisplayPort,127.99,199.99,Free shipping,https://www.ebay.com/itm/386802667591?_trkparms=5373%3A5000006400%7C5374%3ATech%7C5079%3A5000006427,72.00000000000001,36.0
2026-06-15 19:07:02,Epson EcoTank ET-15000 All-in-One Cartridge-Free Supertank Printer,439.99,439.99,Free shipping,https://www.ebay.com/itm/198170303842?_trkparms=5373%3A5000006400%7C5374%3ATech%7C5079%3A5000006405,0.0,0.0
2026-06-15 23:06:10,Samsung Galaxy Z Fold6 1TB F956U Unlocked - Very Good,645.99,2259.99,Shipping info unavailable,https://www.ebay.com/itm/257067135595?_trkparms=5373%3A5000006400%7C5374%3ATech%7C5079%3A5000006400,1613.9999999999998,71.42
2026-06-15 23:06:10,Samsung Galaxy S25 Ultra 1TB S938U Unlocked - Excellent,882.99,1659.99,Shipping info unavailable,https://www.ebay.com/itm/257189836679?_trkparms=5373%3A5000006400%7C5374%3ATech%7C5079%3A5000006400,777.0,46.81
2026-06-15 23:06:10,Samsung Galaxy Z Fold6 1TB F956U Unlocked - Excellent,668.99,2259.99,Shipping info unavailable,https://www.ebay.com/itm/256905225917?_trkparms=5373%3A5000006400%7C5374%3ATech%7C5079%3A5000006400,1590.9999999999998,70.4
2026-06-15 23:06:11,Samsung Galaxy S24+ 512GB S926U Unlocked - Open Box,490.99,1199.99,Free shipping,https://www.ebay.com/itm/257191990781?_trkparms=5373%3A5000006400%7C5374%3ATech%7C5079%3A5000006400,709.0,59.08
2026-06-15 23:06:11,Samsung Galaxy S24 Ultra 512GB S928U Unlocked - Open Box,649.99,1419.99,Free shipping,https://www.ebay.com/itm/257150229119?_trkparms=5373%3A5000006400%7C5374%3ATech%7C5079%3A5000006400,770.0,54.23
2026-06-15 23:06:12,Apple Watch Series SE 2nd Generation 40mm (GPS) Aluminum Case - Good,108.99,299.0,Shipping info unavailable,https://www.ebay.com/itm/256522431704?_trkparms=5373%3A5000006400%7C5374%3ATech%7C5079%3A5000006400,190.01,63.55
2026-06-15 23:06:12,"Samsung Galaxy Tab A9+ 11"" 64GB X210 Wifi Only - Good",132.99,219.99,Shipping info unavailable,https://www.ebay.com/itm/257458543537?_trkparms=5373%3A5000006400%7C5374%3ATech%7C5079%3A5000006400,87.0,39.55
2026-06-15 23:06:12,Samsung Galaxy Z Fold6 256GB F956U Unlocked - Excellent,572.99,1899.99,Shipping info unavailable,https://www.ebay.com/itm/256778903100?_trkparms=5373%3A5000006400%7C5374%3ATech%7C5079%3A5000006400,1327.0,69.84
2026-06-15 23:06:12,Samsung Galaxy S24+ 512GB S926U Unlocked - Excellent,477.99,1199.99,Shipping info unavailable,https://www.ebay.com/itm/256626329703?_trkparms=5373%3A5000006400%7C5374%3ATech%7C5079%3A5000006400,722.0,60.17
2026-06-15 23:06:12,Samsung Galaxy S24 Ultra 1TB S928U Unlocked - Excellent,715.99,1659.99,Shipping info unavailable,https://www.ebay.com/itm/256754169541?_trkparms=5373%3A5000006400%7C5374%3ATech%7C5079%3A5000006400,944.0,56.87
2026-06-15 23:06:13,Samsung Galaxy Watch8 Classic 46mm L505U (GPS + Cellular) Hybrid Band -,261.99,549.99,Shipping info unavailable,https://www.ebay.com/itm/257479825143?_trkparms=5373%3A5000006400%7C5374%3ATech%7C5079%3A5000006400,288.0,52.36
2026-06-15 23:06:13,Samsung Galaxy S21 Ultra 5G 128GB G998U Unlocked - Good,220.99,1199.99,Shipping info unavailable,https://www.ebay.com/itm/255883394766?_trkparms=5373%3A5000006400%7C5374%3ATech%7C5079%3A5000006400,979.0,81.58
2026-06-15 23:06:13,Samsung Galaxy S24 Ultra 1TB S928U Unlocked - Very Good,693.99,1659.99,Shipping info unavailable,https://www.ebay.com/itm/256767112691?_trkparms=5373%3A5000006400%7C5374%3ATech%7C5079%3A5000006400,966.0,58.19
2026-06-16 11:24:12,ION Solar Glow Stone Link Rock Bluetooth Speaker w/ LED light up ISP183,69.99,139.99,Shipping info unavailable,https://www.ebay.com/itm/396866787663?_trkparms=5373%3A5000006400%7C5374%3ATech%7C5079%3A5000006400,70.00000000000001,50.0
2026-06-16 11:24:12,"Arlo Pro 5S VMC4060B Single Cam, Black - Certified Refurbished",129.99,199.99,Shipping info unavailable,https://www.ebay.com/itm/137180522120?_trkparms=5373%3A5000006400%7C5374%3ATech%7C5079%3A5000006400,70.0,35.0
2026-06-16 11:24:12,"Arlo Pro 5S VMC4360P Camera, 3-Pack, White - Certified Refurbished",319.99,399.99,Shipping info unavailable,https://www.ebay.com/itm/137051126764?_trkparms=5373%3A5000006400%7C5374%3ATech%7C5079%3A5000006400,80.0,20.0
2026-06-16 11:24:12,"Arlo VMC3050-100NAR Essential 2nd Gen 2K Single Cam,White-Certified Refurbished",49.99,99.99,Shipping info unavailable,https://www.ebay.com/itm/136085044545?_trkparms=5373%3A5000006400%7C5374%3ATech%7C5079%3A5000006400,49.99999999999999,50.01
2026-06-16 11:24:12,"Dell Pro 16 Plus PB16255 16"" FHD+ AMD Ryzen 5 PRO 230 16GB RAM 512GB SSD WIN11P",774.0,819.0,Shipping info unavailable,https://www.ebay.com/itm/178054158052?_trkparms=5373%3A5000006400%7C5374%3ATech%7C5079%3A5000006400,45.0,5.49
2026-06-16 11:24:12,"Arlo FLW2001-100NAR Wired Floodlight Security Camera,White-Certified Refurbished",99.99,149.99,Shipping info unavailable,https://www.ebay.com/itm/137180522142?_trkparms=5373%3A5000006400%7C5374%3ATech%7C5079%3A5000006400,50.000000000000014,33.34
2026-06-16 11:24:13,"HP 255R G10 Notebook 15.6"" FHD AMD Ryzen 7 7735U 2.7GHz 16GB RAM 512GB SSD W11P",719.99,1839.0,Free shipping,https://www.ebay.com/itm/178193338935?_trkparms=5373%3A5000006400%7C5374%3ATech%7C5079%3A5000006400,1119.01,60.85
2026-06-16 11:24:13,Google Nest Cam 1080p Battery Operated Indoor/Outdoor Surveillance Camera 1pk,95.0,149.99,Shipping info unavailable,https://www.ebay.com/itm/176252396131?_trkparms=5373%3A5000006400%7C5374%3ATech%7C5079%3A5000006400,54.99000000000001,36.66
2026-06-16 11:24:14,"Dell Latitude 5530 15.6"" FHD Intel Core i7-1270P 2.2GHz 16GB 512GB SSD WIN11P",549.99,679.0,Shipping info unavailable,https://www.ebay.com/itm/178125659912?_trkparms=5373%3A5000006400%7C5374%3ATech%7C5079%3A5000006400,129.01,19.0
2026-06-16 11:24:14,Fujifilm Instax Mini 12 Fuji Instant Film Camera All Colors,79.95,79.95,Free shipping,https://www.ebay.com/itm/335894568594?_trkparms=5373%3A5000006400%7C5374%3ATech%7C5079%3A5000006400,0.0,0.0
2026-06-16 11:24:14,Google Nest 1080p Indoor/Outdoor Battery-Operated Security Camera 2nd Gen - 3PK,234.0,449.99,Shipping info unavailable,https://www.ebay.com/itm/176821293128?_trkparms=5373%3A5000006400%7C5374%3ATech%7C5079%3A5000006400,215.99,48.0
2026-06-16 11:24:15,"Arlo Pro 5S VMC4260P Camera, 2-Pack, White - Certified Refurbished",229.99,399.99,Shipping info unavailable,https://www.ebay.com/itm/137051126718?_trkparms=5373%3A5000006400%7C5374%3ATech%7C5079%3A5000006400,170.0,42.5
2026-06-16 11:24:17,"TCL S45H S 2.0 Ch Sound Bar Dolby Atmos, DTS Virtual:X, Bluetooth Music Streamin",54.99,139.99,Free shipping,https://www.ebay.com/itm/395824764535?_trkparms=5373%3A5000006400%7C5374%3ATech%7C5079%3A5000006409,85.0,60.72
2026-06-16 11:24:17,Samsung 2.0Ch Soundbar with Built-in Woofer - Black HW-C400,59.77,139.99,Free shipping,https://www.ebay.com/itm/235198697187?_trkparms=5373%3A5000006400%7C5374%3ATech%7C5079%3A5000006409,80.22,57.3
2026-06-16 11:24:19,"JLab GO Sport+ Bluetooth Earbuds, True Wireless, Gym Headphones, Refurbished",21.99,24.99,Free shipping,https://www.ebay.com/itm/335251374010?_trkparms=5373%3A5000006400%7C5374%3ATech%7C5079%3A5000006403,3.0,12.0
2026-06-16 11:24:20,KICKER 48KMA6004 600 Watt 4-Channel Marine Amplifier Boat Amp KMA600.4,269.96,379.95,Free shipping,https://www.ebay.com/itm/397423597315?_trkparms=5373%3A5000006400%7C5374%3ATech%7C5079%3A5000006432,109.99000000000001,28.95
2026-06-16 11:24:21,"JBL Charge 6 Bluetooth Speaker w/Powerbank,Black-Certified Refurbished",127.0,199.95,Free shipping,https://www.ebay.com/itm/136599910372?_trkparms=5373%3A5000006400%7C5374%3ATech%7C5079%3A5000006413,72.94999999999999,36.48
2026-06-16 17:07:49,WYZE Floodlight Camera Pro Outdoor Security Camera 180° Wide Motion Detection,63.99,79.99,Shipping info unavailable,https://www.ebay.com/itm/306854973328?_trkparms=5373%3A5000006400%7C5374%3ATech%7C5079%3A5000006400,15.999999999999993,20.0
2026-06-16 17:07:49,Wyze Floodlight Camera V2 Wired Outdoor Home Security Light 2800Lumen 2K Black,54.39,67.99,Shipping info unavailable,https://www.ebay.com/itm/306855306502?_trkparms=5373%3A5000006400%7C5374%3ATech%7C5079%3A5000006400,13.599999999999994,20.0
2026-06-16 17:07:50,ANNKE 4x HD 1080P TVI Outdoor 2MP Security Camera Home Surveillance EXIR Night,46.39,127.99,Shipping info unavailable,https://www.ebay.com/itm/314690203451?_trkparms=5373%3A5000006400%7C5374%3ATech%7C5079%3A5000006400,81.6,63.75
2026-06-16 17:07:50,ANNKE 32CH DVR 3K 5MP CCTV Security Video Recorder AI Motion Detection H.265+,107.99,179.99,Shipping info unavailable,https://www.ebay.com/itm/315253581824?_trkparms=5373%3A5000006400%7C5374%3ATech%7C5079%3A5000006400,72.00000000000001,40.0
2026-06-16 17:07:50,ANNKE 8MP Security TVI Camera CCTV Surveillance Outdoor Night Vision IP67,23.99,44.99,Shipping info unavailable,https://www.ebay.com/itm/315254056205?_trkparms=5373%3A5000006400%7C5374%3ATech%7C5079%3A5000006400,21.000000000000004,46.68
2026-06-16 17:07:50,ANNKE 5MP Lite 8CH DVR 5in1 Video Recorder for Smart Security Camera System,39.59,65.99,Shipping info unavailable,https://www.ebay.com/itm/315254071898?_trkparms=5373%3A5000006400%7C5374%3ATech%7C5079%3A5000006400,26.39999999999999,40.01
2026-06-16 17:07:50,ANNKE 4K 8MP Audio POE IP Security Camera Color Night Vision Outdoor AI C800,31.99,49.99,Shipping info unavailable,https://www.ebay.com/itm/315279001848?_trkparms=5373%3A5000006400%7C5374%3ATech%7C5079%3A5000006400,18.000000000000004,36.01
2026-06-16 17:07:50,ANNKE 4MP Solar Battery Wireless PT Security Camera 2-Way Audio Full Color Night,31.99,44.99,Shipping info unavailable,https://www.ebay.com/itm/315283423658?_trkparms=5373%3A5000006400%7C5374%3ATech%7C5079%3A5000006400,13.000000000000004,28.9
2026-06-16 17:07:50,ANNKE 8MP Audio POE Security IP Camera Outdoor Color Night Vision C800 AI Alert,35.99,39.99,Shipping info unavailable,https://www.ebay.com/itm/315283426892?_trkparms=5373%3A5000006400%7C5374%3ATech%7C5079%3A5000006400,4.0,10.0
2026-06-16 17:07:50,ANNKE 16CH 1080P Lite 5IN1 DVR Security Video Recorder for Camera System H.265+,51.59,58.49,Shipping info unavailable,https://www.ebay.com/itm/315533159399?_trkparms=5373%3A5000006400%7C5374%3ATech%7C5079%3A5000006400,6.899999999999999,11.8
2026-06-16 17:07:50,ANNKE 12MP 32CH 8MP 4K Video H.265+NVR Video Recorder for POE Security Camera,287.99,629.99,Shipping info unavailable,https://www.ebay.com/itm/315733644155?_trkparms=5373%3A5000006400%7C5374%3ATech%7C5079%3A5000006400,342.0,54.29
2026-06-16 17:07:50,ANNKE 4MP WIFI Security IP Camera AI Color Night Solar Battery Two Way Audio,28.79,35.99,Shipping info unavailable,https://www.ebay.com/itm/316043224918?_trkparms=5373%3A5000006400%7C5374%3ATech%7C5079%3A5000006400,7.200000000000003,20.01
2026-06-16 17:07:50,ANNKE 4IN1 2MP TVI Security Camera Full Color Night Vision Outdoor Audio Record,63.99,80.99,Shipping info unavailable,https://www.ebay.com/itm/316075948148?_trkparms=5373%3A5000006400%7C5374%3ATech%7C5079%3A5000006400,16.999999999999993,20.99
2026-06-16 17:07:51,ANNKE 5MP 8CH NVR Wireless Security Camera System 3MP Two Way Audio Recording 2T,111.59,185.99,Shipping info unavailable,https://www.ebay.com/itm/317031016288?_trkparms=5373%3A5000006400%7C5374%3ATech%7C5079%3A5000006400,74.4,40.0
2026-06-16 17:07:51,ANNKE 5MP 8CH NVR Wireless Security IP Camera System Two Way Audio AI Detection,95.99,209.99,Shipping info unavailable,https://www.ebay.com/itm/317477334338?_trkparms=5373%3A5000006400%7C5374%3ATech%7C5079%3A5000006400,114.00000000000001,54.29
2026-06-16 17:07:51,ANNKE 4MP WIFI Security Camera Solar Battery Powered Two Way Audio Color Night,28.79,51.99,Shipping info unavailable,https://www.ebay.com/itm/317735943863?_trkparms=5373%3A5000006400%7C5374%3ATech%7C5079%3A5000006400,23.200000000000003,44.62
2026-06-16 17:07:51,ANNKE 3MP Wireless AI Security Camera System 8CH NVR Two Way Audio Recording 2TB,179.99,299.99,Shipping info unavailable,https://www.ebay.com/itm/318055346993?_trkparms=5373%3A5000006400%7C5374%3ATech%7C5079%3A5000006400,120.0,40.0
2026-06-16 17:07:51,LiTime 12V 50AH 100Ah LiFePO4 Lithium Battery BMS for RV Boat Solar-refurbished,117.59,117.59,Free shipping,https://www.ebay.com/itm/356027418753?_trkparms=5373%3A5000006400%7C5374%3ATech%7C5079%3A5000006400,0.0,0.0
2026-06-16 17:07:51,Refurbished LiTime 12V 100Ah Xtra Mini Bluetooth LiFePO4 Battery for RV Marine,195.99,195.99,Free shipping,https://www.ebay.com/itm/356757624346?_trkparms=5373%3A5000006400%7C5374%3ATech%7C5079%3A5000006400,0.0,0.0
2026-06-16 17:07:51,LiTime 16V 30Ah/70Ah/100Ah Smart Fish Finder Lithium Battery LiFePO4-Refurbished,138.59,138.59,Free shipping,https://www.ebay.com/itm/357567825870?_trkparms=5373%3A5000006400%7C5374%3ATech%7C5079%3A5000006400,0.0,0.0
2026-06-16 17:07:51,LiTime 12V 165Ah Smart Group31 LiFePO4 Lithium Battery For RV Marine-Refurbished,263.19,328.99,Shipping info unavailable,https://www.ebay.com/itm/357668408767?_trkparms=5373%3A5000006400%7C5374%3ATech%7C5079%3A5000006400,65.80000000000001,20.0
2026-06-16 17:07:51,LiTime 12V 100Ah LiFePO4 Lithium Battery Low-Temp for Trolling Motor-Refurbished,173.59,173.59,Free shipping,https://www.ebay.com/itm/357742656865?_trkparms=5373%3A5000006400%7C5374%3ATech%7C5079%3A5000006400,0.0,0.0
2026-06-16 17:07:51,LiTime 12V 100Ah TM Smart LiFePO4 Lithium Battery For Boat Fishing-Refurbished,184.79,230.99,Shipping info unavailable,https://www.ebay.com/itm/357742761166?_trkparms=5373%3A5000006400%7C5374%3ATech%7C5079%3A5000006400,46.20000000000002,20.0
2026-06-16 17:07:52,Litime 12V 100Ah Smart Group 24 LiFePO4 Lithium Battery For RV Solar-Refurbished,190.39,214.19,Shipping info unavailable,https://www.ebay.com/itm/357749222480?_trkparms=5373%3A5000006400%7C5374%3ATech%7C5079%3A5000006400,23.80000000000001,11.11
2026-06-16 17:07:52,LiTime 12V 100Ah Group 24 Smart Self-Heating LiFePO4 Lithium Battery-Refurbished,212.79,265.99,Shipping info unavailable,https://www.ebay.com/itm/357749345188?_trkparms=5373%3A5000006400%7C5374%3ATech%7C5079%3A5000006400,53.20000000000002,20.0
2026-06-16 17:07:52,LiTime 12V 100Ah Bluetooth Lithium Battery for Boat Trolling Motors-Refurbished,195.99,195.99,Free shipping,https://www.ebay.com/itm/357749589753?_trkparms=5373%3A5000006400%7C5374%3ATech%7C5079%3A5000006400,0.0,0.0
2026-06-16 17:07:52,Litime 12V 300Ah LiFePO4 Lithium Battery 3840Wh For RV Marine Solar-refurbished,369.59,419.99,Shipping info unavailable,https://www.ebay.com/itm/357803352476?_trkparms=5373%3A5000006400%7C5374%3ATech%7C5079%3A5000006400,50.400000000000034,12.0
2026-06-16 17:07:52,Refurbished LiTime 24V 50Ah TM Bluetooth LiFePO4 Lithium Battery For Marine Boat,211.99,244.99,Shipping info unavailable,https://www.ebay.com/itm/358214401240?_trkparms=5373%3A5000006400%7C5374%3ATech%7C5079%3A5000006400,33.0,13.47
2026-06-16 17:07:52,Refurbished LiTime 12V 100Ah Smart Com LiFePO4 Battery Support Victron System,207.19,233.09,Shipping info unavailable,https://www.ebay.com/itm/358261169793?_trkparms=5373%3A5000006400%7C5374%3ATech%7C5079%3A5000006400,25.900000000000006,11.11
2026-06-16 17:07:52,Apple iPad Pro 2024 13-inch Wi-Fi + Cellular 256GB - M4 Chip - Black - Excellent,799.79,1499.0,Free shipping,https://www.ebay.com/itm/187114714637?_trkparms=5373%3A5000006400%7C5374%3ATech%7C5079%3A5000006400,699.21,46.65
2026-06-16 17:07:52,Samsung Galaxy S23 S911 128GB Unlocked - Excellent,301.95,301.95,Free shipping,https://www.ebay.com/itm/365016521673?_trkparms=5373%3A5000006400%7C5374%3ATech%7C5079%3A5000006400,0.0,0.0
2026-06-16 17:07:53,"Acer Nitro V 15.6"" FHD Gaming Laptop NVIDIA RTX5060 Intel Core i7 16GB 512GB SSD",1049.99,1099.99,Free shipping,https://www.ebay.com/itm/267513271779?_trkparms=5373%3A5000006400%7C5374%3ATech%7C5079%3A5000006400,50.0,4.55
2026-06-16 17:07:53,Apple iPhone 16 Pro Max 512GB Unlocked Very Good Condition,854.6,854.6,Free shipping,https://www.ebay.com/itm/357558441418?_trkparms=5373%3A5000006400%7C5374%3ATech%7C5079%3A5000006423,0.0,0.0
2026-06-16 17:07:53,"Apple MacBook Pro 14"" M5 Chip 16GB 512GB SSD 10-core GPU Space Black MDE04LL/A",1249.0,1599.0,Free shipping,https://www.ebay.com/itm/306769404252?_trkparms=5373%3A5000006400%7C5374%3ATech%7C5079%3A5000006407,350.0,21.89
2026-06-16 17:07:54,"Hisense 50"" Class 4K 2160p 60Hz UHD Google Smart TV 50H5BG",149.99,149.99,Free shipping,https://www.ebay.com/itm/366191125544?_trkparms=5373%3A5000006400%7C5374%3ATech%7C5079%3A5000006409,0.0,0.0
2026-06-16 17:07:54,PlayStation 5 DualSense Wireless Controller Midnight Black,74.0,74.99,Free shipping,https://www.ebay.com/itm/306780617766?_trkparms=5373%3A5000006400%7C5374%3ATech%7C5079%3A5000006401,0.9899999999999949,1.32
2026-06-16 17:07:55,"Apple iPad Pro 128GB, Wi-Fi + Cellular (Unlocked), 12.9"" GOLD GRAY SILVER",199.85,199.85,Free shipping,https://www.ebay.com/itm/173763045389?_trkparms=5373%3A5000006400%7C5374%3ATech%7C5079%3A5000006415,0.0,0.0
2026-06-16 17:07:57,Apple AirPods 4 with Active Noise Cancellation - White MXP93LL/A,83.21,179.99,Free shipping,https://www.ebay.com/itm/389238473784?_trkparms=5373%3A5000006400%7C5374%3ATech%7C5079%3A5000006413,96.78000000000002,53.77
2026-06-16 17:07:58,Apple Watch Series 11 42mm GPS Rose Gold Light Blush Sport S/M MEU04LW/A 2025,259.0,399.0,Free shipping,https://www.ebay.com/itm/306585065505?_trkparms=5373%3A5000006400%7C5374%3ATech%7C5079%3A5000006411,140.0,35.09
2026-06-16 17:07:58,Apple iPhone 16 Pro Max 512GB Unlocked Very Good Condition,854.6,854.6,Free shipping,https://www.ebay.com/itm/357558441418?_trkparms=5373%3A5000006400%7C5374%3ATech%7C5079%3A5000006411,0.0,0.0
2026-06-16 17:07:58,"Dell 31.6"" Plus 4K QD-OLED 3840 x 2160 120Hz 0.03ms Ash White Monitor S3225QC",379.99,849.99,Free shipping,https://www.ebay.com/itm/336434791474?_trkparms=5373%3A5000006400%7C5374%3ATech%7C5079%3A5000006405,470.0,55.29
2026-06-16 21:11:06,MSI 27 inch QHD 2K 1440P 300Hz Rapid VA AMD FreeSync (Adaptive Sync) Mini LED Ga,140.99,199.99,Shipping info unavailable,https://www.ebay.com/itm/298410521634?_trkparms=5373%3A5000006400%7C5374%3ATech%7C5079%3A5000006400,59.0,29.5
2026-06-16 21:11:07,"DELL Latitude 7420 Laptop Intel Core i5-1145G7 16GB Memory 256GB SSD 14.0"" FHD T",266.99,349.99,Shipping info unavailable,https://www.ebay.com/itm/297956148630?_trkparms=5373%3A5000006400%7C5374%3ATech%7C5079%3A5000006400,83.0,23.71
2026-06-16 21:11:07,"Dell Latitude 7420 Laptop Intel Core i5-1145G7 16GB RAM 256GB SSD 14"" FHD W11P",255.99,299.99,Shipping info unavailable,https://www.ebay.com/itm/387697836748?_trkparms=5373%3A5000006400%7C5374%3ATech%7C5079%3A5000006400,44.0,14.67
2026-06-16 21:11:07,"HP EliteBook 845 G8 Laptop  AMD Ryzen 5 PRO 5650U 16GB Memory 256GB SSD 14.0"" FH",249.99,349.99,Shipping info unavailable,https://www.ebay.com/itm/298410521632?_trkparms=5373%3A5000006400%7C5374%3ATech%7C5079%3A5000006400,100.0,28.57
2026-06-16 21:11:08,Apple iPhone 12 64GB Spectrum - Very Good,193.95,193.95,Free shipping,https://www.ebay.com/itm/406882986068?_trkparms=5373%3A5000006400%7C5374%3ATech%7C5079%3A5000006400,0.0,0.0
2026-06-16 21:11:08,"Lenovo Thinkpad X1 Carbon Gen 12 14"" Ultra 7 165U 1.7GHz 32GB RAM 512GB SSD VG",956.97,956.97,Free shipping,https://www.ebay.com/itm/127916307244?_trkparms=5373%3A5000006400%7C5374%3ATech%7C5079%3A5000006400,0.0,0.0
2026-06-16 21:11:08,Apple iPhone 17 Air A3260 512GB Unlocked Excellent,926.0,1270.0,Shipping info unavailable,https://www.ebay.com/itm/227381058498?_trkparms=5373%3A5000006400%7C5374%3ATech%7C5079%3A5000006400,344.0,27.09
2026-06-16 21:11:08,Apple iPhone 12 Pro 128GB T-Mobile - Very Good,273.95,273.95,Free shipping,https://www.ebay.com/itm/366367222862?_trkparms=5373%3A5000006400%7C5374%3ATech%7C5079%3A5000006400,0.0,0.0
2026-06-16 21:11:09,Apple iPad Pro 12.9-inch 6th Gen (2022) 128GB Wi-Fi Space Gray Good,566.0,779.0,Shipping info unavailable,https://www.ebay.com/itm/227351590924?_trkparms=5373%3A5000006400%7C5374%3ATech%7C5079%3A5000006400,213.0,27.34
2026-06-16 21:11:09,"Apple MacBook Pro 14"" M3 Pro 14-Core GPU A2992 18GB RAM 512GB SSD 2023 Excellent",1161.57,1161.57,Free shipping,https://www.ebay.com/itm/127918705464?_trkparms=5373%3A5000006400%7C5374%3ATech%7C5079%3A5000006400,0.0,0.0
2026-06-16 21:11:09,Apple iPhone 14 128GB Verizon - Very Good,313.95,313.95,Free shipping,https://www.ebay.com/itm/405418538143?_trkparms=5373%3A5000006400%7C5374%3ATech%7C5079%3A5000006400,0.0,0.0
2026-06-17 20:22:18,Apple iPhone 17 Pro 512GB Unlocked Excellent All Colors,1100.81,1100.81,Free shipping,https://www.ebay.com/itm/127840725973?_trkparms=5373%3A5000006400%7C5374%3ATech%7C5079%3A5000006400,0.0,0.0
2026-06-17 20:22:19,Samsung Galaxy S23 Ultra 512GB S918U Unlocked - Good,412.99,1379.99,Free shipping,https://www.ebay.com/itm/256413667885?_trkparms=5373%3A5000006400%7C5374%3ATech%7C5079%3A5000006400,967.0,70.07
2026-06-17 20:22:19,"Acer Nitro V 15.6"" FHD Gaming Laptop NVIDIA RTX5060 Intel Core i7 16GB 512GB SSD",1049.99,1099.99,Free shipping,https://www.ebay.com/itm/267513271779?_trkparms=5373%3A5000006400%7C5374%3ATech%7C5079%3A5000006407,50.0,4.55
2026-06-17 20:22:20,Samsung SP-LFF3CLAXXZA The Freestyle 2nd Gen 1080p Smart Portable Projector,299.0,299.0,Free shipping,https://www.ebay.com/itm/305992562773?_trkparms=5373%3A5000006400%7C5374%3ATech%7C5079%3A5000006409,0.0,0.0
2026-06-17 20:22:23,Samsung SP-LFF3CLAXXZA The Freestyle 2nd Gen 1080p Smart Portable Projector,299.0,299.0,Free shipping,https://www.ebay.com/itm/305992562773?_trkparms=5373%3A5000006400%7C5374%3ATech%7C5079%3A5000006413,0.0,0.0
2026-06-18 04:43:24,"Samsung Galaxy Tab S7 FE 12.4"" 64GB Verizon 5G Tablet S-Pen SM-T738U - Good",174.99,1399.99,Shipping info unavailable,https://www.ebay.com/itm/205670792397?_trkparms=5373%3A5000006400%7C5374%3ATech%7C5079%3A5000006400,1225.0,87.5
2026-06-18 04:43:24,"Samsung Galaxy Tab S9 11"" 128GB X710 (Wi-Fi) With S-Pen - Excellent Refurbished",374.99,1399.99,Shipping info unavailable,https://www.ebay.com/itm/187520689470?_trkparms=5373%3A5000006400%7C5374%3ATech%7C5079%3A5000006400,1025.0,73.21
2026-06-18 04:43:25,"Samsung Galaxy Tab S6 Lite Tablet 10.4"" Wi-Fi P613 2022 64GB W/S Pen - Excellent",224.99,1399.99,Shipping info unavailable,https://www.ebay.com/itm/187522745347?_trkparms=5373%3A5000006400%7C5374%3ATech%7C5079%3A5000006400,1175.0,83.93
2026-06-18 04:43:25,"SAMSUNG Galaxy Tab S7+ Wi-Fi, 256GB T970 S-Pen Tablet - Excellent Refurbished",290.99,1399.99,Shipping info unavailable,https://www.ebay.com/itm/205672058687?_trkparms=5373%3A5000006400%7C5374%3ATech%7C5079%3A5000006400,1109.0,79.21
2026-06-18 04:43:25,"Samsung Galaxy Tab S9 11"" 256GB X710 (Wi-Fi) With S-Pen - Very Good Refurbished",404.99,1399.99,Shipping info unavailable,https://www.ebay.com/itm/187520712486?_trkparms=5373%3A5000006400%7C5374%3ATech%7C5079%3A5000006400,995.0,71.07
2026-06-18 04:43:25,"HP Stream 14"" Laptop N150 4GB 128GB W11  (Refurbished) W/ “NEW"" Projector",184.99,649.98,Shipping info unavailable,https://www.ebay.com/itm/168453945241?_trkparms=5373%3A5000006400%7C5374%3ATech%7C5079%3A5000006400,464.99,71.54
2026-06-18 04:43:26,"Samsung Galaxy Tab S8 X700 11"" 128GB Wi-Fi With S-Pen - Excellent Refurbished",290.99,1399.99,Shipping info unavailable,https://www.ebay.com/itm/187520634132?_trkparms=5373%3A5000006400%7C5374%3ATech%7C5079%3A5000006400,1109.0,79.21
2026-06-18 04:43:26,Samsung Galaxy S21 FE 5G SM-G990U 256GB Unlocked AT&T Verizon T-Mobile Very Good,180.99,999.99,Shipping info unavailable,https://www.ebay.com/itm/204733275174?_trkparms=5373%3A5000006400%7C5374%3ATech%7C5079%3A5000006400,819.0,81.9
2026-06-18 04:43:26,ASUS TUF Gaming VG277QY1A - 27” FHD (1920 x 1080) Gaming Monitor,139.99,299.99,Shipping info unavailable,https://www.ebay.com/itm/168460146958?_trkparms=5373%3A5000006400%7C5374%3ATech%7C5079%3A5000006400,160.0,53.34
2026-06-18 04:43:26,Apple iPhone 13 Pro A2483 128GB Unlocked - Very Good Refurbished,379.99,999.99,Shipping info unavailable,https://www.ebay.com/itm/188277901061?_trkparms=5373%3A5000006400%7C5374%3ATech%7C5079%3A5000006400,620.0,62.0
2026-06-18 04:43:26,"Samsung Galaxy Tab S7 FE 12.4"" 64GB Verizon 5G Tablet S-Pen SM-T738U - Very Good",188.99,1399.99,Shipping info unavailable,https://www.ebay.com/itm/187487979041?_trkparms=5373%3A5000006400%7C5374%3ATech%7C5079%3A5000006400,1211.0,86.5
2026-06-18 04:43:26,Apple iPhone 13 A2482 128GB Unlocked - Excellent Refurbished,284.99,999.99,Shipping info unavailable,https://www.ebay.com/itm/187753700294?_trkparms=5373%3A5000006400%7C5374%3ATech%7C5079%3A5000006400,715.0,71.5
2026-06-18 04:43:26,Apple iPhone 13 A2482 256GB Unlocked - Very Good Refurbished,289.99,999.99,Shipping info unavailable,https://www.ebay.com/itm/206305601249?_trkparms=5373%3A5000006400%7C5374%3ATech%7C5079%3A5000006400,710.0,71.0
2026-06-18 04:43:27,Samsung Galaxy Tab S6 Lite SM-P610 10.4'' W/ S PEN WIFI - Excellent Refurbished,224.99,1399.99,Shipping info unavailable,https://www.ebay.com/itm/187522695202?_trkparms=5373%3A5000006400%7C5374%3ATech%7C5079%3A5000006400,1175.0,83.93
2026-06-18 04:43:27,Apple iPhone 13 Pro A2483 256GB Unlocked - Very Good Refurbished,408.99,999.99,Shipping info unavailable,https://www.ebay.com/itm/206210475060?_trkparms=5373%3A5000006400%7C5374%3ATech%7C5079%3A5000006400,591.0,59.1
2026-06-18 04:43:27,Samsung Galaxy Watch4 Classic 42mm Stainless Steel SM-R880 Silver - Good,35.99,199.99,Shipping info unavailable,https://www.ebay.com/itm/195498615439?_trkparms=5373%3A5000006400%7C5374%3ATech%7C5079%3A5000006400,164.0,82.0
2026-06-18 20:34:12,Samsung Galaxy S21 Ultra 5G SM-G998U1 256GB Unlocked Very Good Refurbished,332.99,999.99,Shipping info unavailable,https://www.ebay.com/itm/187038703949?_trkparms=5373%3A5000006400%7C5374%3ATech%7C5079%3A5000006400,667.0,66.7
2026-06-18 20:34:13,"Apple iPad 10.2"" 9th Gen 2021 64GB WiFi – Good – 1 Year Warranty",148.66,148.66,Free shipping,https://www.ebay.com/itm/203898142054?_trkparms=5373%3A5000006400%7C5374%3ATech%7C5079%3A5000006400,0.0,0.0
2026-06-18 20:34:13,Apple iPhone 15 Pro A2848 256GB Unlocked Excellent Condition,602.0,2000.0,Free shipping,https://www.ebay.com/itm/356895116213?_trkparms=5373%3A5000006400%7C5374%3ATech%7C5079%3A5000006423,1398.0,69.9
2026-06-18 20:34:16,Soundcore Life Q20 Wireless Over-Ear Headphones ANC Bluetooth Headset|Refurbish,20.99,59.99,Free shipping,https://www.ebay.com/itm/384235550388?_trkparms=5373%3A5000006400%7C5374%3ATech%7C5079%3A5000006403,39.0,65.01
2026-06-18 20:34:17,Soundcore Life Q20 Wireless Over-Ear Headphones ANC Bluetooth Headset|Refurbish,20.99,59.99,Free shipping,https://www.ebay.com/itm/384235550388?_trkparms=5373%3A5000006400%7C5374%3ATech%7C5079%3A5000006413,39.0,65.01
2026-06-18 20:34:19,"MSI MAG 271QP QD-OLED X28 27"" WQHD Gaming Monitor, 280Hz/0.03ms HDR 400",369.99,549.99,Free shipping,https://www.ebay.com/itm/147202840628?_trkparms=5373%3A5000006400%7C5374%3ATech%7C5079%3A5000006405,180.0,32.73
2026-06-18 22:58:57,"Seagate Exos X24 ST24000NM000H 24TB CMR 7200RPM SATA 6.0Gb/s 3.5"" Enterprise HDD",539.99,639.99,Shipping info unavailable,https://www.ebay.com/itm/226543048998?_trkparms=5373%3A5000006400%7C5374%3ATech%7C5079%3A5000006400,100.0,15.63
2026-06-18 22:58:58,"Seagate ST6000NM0115 6TB 256MB 7200RPM 3.5"" SATA 6.0Gb/s Enterprise Hard Drive",142.95,169.95,Shipping info unavailable,https://www.ebay.com/itm/178226092992?_trkparms=5373%3A5000006400%7C5374%3ATech%7C5079%3A5000006400,27.0,15.89
2026-06-18 22:58:58,"Seagate Exos X20 18TB 7200 SATA 6Gb/s 3.5"" Enterprise Hard Drive - ST18000NM003D",464.99,499.99,Shipping info unavailable,https://www.ebay.com/itm/155636746868?_trkparms=5373%3A5000006400%7C5374%3ATech%7C5079%3A5000006400,35.0,7.0
2026-06-19 05:02:26,"Apple iPhone 16e 256GB Unlocked 6.1"" (White) A3212 w/1 Year Warranty",494.52,699.0,Shipping info unavailable,https://www.ebay.com/itm/147369707098?_trkparms=5373%3A5000006400%7C5374%3ATech%7C5079%3A5000006400,204.48000000000002,29.25
2026-06-19 05:02:26,"Apple iPhone 16 Plus 128GB Unlocked 90%+ Battery 6.7"" (Black) A3082 w/Warranty",640.02,899.0,Shipping info unavailable,https://www.ebay.com/itm/147109290369?_trkparms=5373%3A5000006400%7C5374%3ATech%7C5079%3A5000006400,258.98,28.81
2026-06-19 05:02:26,"Apple iPhone 16 Pro 128GB Unlocked 6.3"" (Black Titanium) A3083 - w/Year Warranty",674.26,999.0,Shipping info unavailable,https://www.ebay.com/itm/376867720881?_trkparms=5373%3A5000006400%7C5374%3ATech%7C5079%3A5000006400,324.74,32.51
2026-06-19 05:02:27,"Apple iPhone 16 Pro 128GB Unlocked 90%+ Battery 6.3"" (Natural) A3083 w/Warranty",699.94,999.0,Shipping info unavailable,https://www.ebay.com/itm/147109345788?_trkparms=5373%3A5000006400%7C5374%3ATech%7C5079%3A5000006400,299.05999999999995,29.94
2026-06-19 05:02:27,"Apple iPhone 16e 90%+ Battery 128GB Unlocked 6.1"" (Black) A3212 w/Year Warranty",417.49,599.0,Shipping info unavailable,https://www.ebay.com/itm/147231562308?_trkparms=5373%3A5000006400%7C5374%3ATech%7C5079%3A5000006400,181.51,30.3
2026-06-19 05:02:27,"Apple iPhone 16 Pro 256GB Unlocked 6.3"" - (Black Titanium) A3083 w/Warranty",683.77,1099.0,Shipping info unavailable,https://www.ebay.com/itm/357923999590?_trkparms=5373%3A5000006400%7C5374%3ATech%7C5079%3A5000006400,415.23,37.78
2026-06-19 05:02:27,"Apple iPhone 16 Plus 128GB Unlocked 90%+ Battery 6.7"" (Teal) A3082 w/Warranty",636.22,899.0,Shipping info unavailable,https://www.ebay.com/itm/147286185678?_trkparms=5373%3A5000006400%7C5374%3ATech%7C5079%3A5000006400,262.78,29.23
2026-06-19 05:02:27,"Apple iPhone 16e 256GB Unlocked 6.1"" (Black) A3212 w/1 Year Warranty",494.52,699.0,Shipping info unavailable,https://www.ebay.com/itm/377256738506?_trkparms=5373%3A5000006400%7C5374%3ATech%7C5079%3A5000006400,204.48000000000002,29.25
2026-06-19 05:02:27,"2019 Apple MacBook Pro 16"" w/i9 2.4GHz/32GB/512GB - (Silver) A2141 w/Warranty",505.8,2799.0,Shipping info unavailable,https://www.ebay.com/itm/145774310642?_trkparms=5373%3A5000006400%7C5374%3ATech%7C5079%3A5000006400,2293.2,81.93
2026-06-19 05:02:28,"2021 Apple M1 Max MacBook Pro 16.2"" 32GB/1TB - (Space Gray) A2485 w/Warranty",1023.72,3499.0,Shipping info unavailable,https://www.ebay.com/itm/376699689599?_trkparms=5373%3A5000006400%7C5374%3ATech%7C5079%3A5000006400,2475.2799999999997,70.74
2026-06-19 05:02:29,"2020 Apple iPad 8 10.2"" 32GB & WiFi Only (Silver) A2270 - w/1 Year Warranty",123.89,329.0,Shipping info unavailable,https://www.ebay.com/itm/374945454141?_trkparms=5373%3A5000006400%7C5374%3ATech%7C5079%3A5000006400,205.11,62.34
2026-06-19 10:47:49,"2020 Apple M1 MacBook Air 13"" 3.2GHz/8GB/256GB 90%+ Battery (Silver) w/Warranty",443.39,699.0,Shipping info unavailable,https://www.ebay.com/itm/357796549680?_trkparms=5373%3A5000006400%7C5374%3ATech%7C5079%3A5000006400,255.61,36.57
2026-06-19 15:33:30,Sony ULT TOWER 10 Wireless Bluetooth Party Speaker with Wireless Microphone,742.0,1198.0,Free shipping,https://www.ebay.com/itm/187179620525?_trkparms=5373%3A5000006400%7C5374%3ATech%7C5079%3A5000006400,456.0,38.06
2026-06-19 19:56:45,"Apple iPhone 16 128GB Unlocked 6.1"" (Ultramarine) A3081 w/1 Year Warranty",541.12,799.0,Shipping info unavailable,https://www.ebay.com/itm/147068903885?_trkparms=5373%3A5000006400%7C5374%3ATech%7C5079%3A5000006400,257.88,32.28
2026-06-19 19:56:46,"2020 Apple M1 MacBook Air 13.3"" 8GB/256GB (Space Gray) - A2337 w/Year Warranty",426.63,999.0,Shipping info unavailable,https://www.ebay.com/itm/146893753787?_trkparms=5373%3A5000006400%7C5374%3ATech%7C5079%3A5000006400,572.37,57.29
2026-06-19 19:56:47,"Acer Nitro V Slim 16"" Gaming Laptop NVIDIA RTX 5070 16GB RAM 512GB SSD AMDRyzen7",1299.99,1299.99,Free shipping,https://www.ebay.com/itm/257260977103?_trkparms=5373%3A5000006400%7C5374%3ATech%7C5079%3A5000006400,0.0,0.0
2026-06-19 22:09:46,"Apple iPhone 14 Pro Max 128GB Unlocked 6.7"" - (Black) A2651 w/1 Year Warranty",474.55,1099.0,Shipping info unavailable,https://www.ebay.com/itm/146766599114?_trkparms=5373%3A5000006400%7C5374%3ATech%7C5079%3A5000006400,624.45,56.82
2026-06-20 04:15:29,"Hiro Roku TV 40"" 1080p Full HD Smart Roku TV Dolby Audio for Streaming H40C3C4",122.49,169.99,Free shipping,https://www.ebay.com/itm/397139603783?_trkparms=5373%3A5000006400%7C5374%3ATech%7C5079%3A5000006409,47.500000000000014,27.94
2026-06-20 04:15:32,Olympus M.Zuiko Digital ED 12mm f/2 Lens Prime (Silver),419.99,819.99,Free shipping,https://www.ebay.com/itm/287245025813?_trkparms=5373%3A5000006400%7C5374%3ATech%7C5079%3A5000006425,400.0,48.78
2026-06-21 16:49:35,Apple iPad Mini 6th WiFi or Unlocked I Gray Silver Gold I 64GB 256GB - Very Good,289.85,289.85,Free shipping,https://www.ebay.com/itm/185556492171?_trkparms=5373%3A5000006400%7C5374%3ATech%7C5079%3A5000006415,0.0,0.0
2026-06-22 18:51:29,"Garmin DriveSmart 66 Auto GPS North American Maps and 6"" Screen 010-02469-00",159.99,249.99,Shipping info unavailable,https://www.ebay.com/itm/185626208167?_trkparms=5373%3A5000006400%7C5374%3ATech%7C5079%3A5000006400,90.0,36.0
2026-06-22 18:51:30,Garmin Tread Navigator SxS Edition GPS Overlanding Device With Mic 010-02507-00,919.99,1499.99,Shipping info unavailable,https://www.ebay.com/itm/206178672713?_trkparms=5373%3A5000006400%7C5374%3ATech%7C5079%3A5000006400,580.0,38.67
2026-06-22 18:51:32,Samsung Galaxy S23 Plus S916 256GB Unlocked - Very Good,325.95,325.95,Free shipping,https://www.ebay.com/itm/406732621985?_trkparms=5373%3A5000006400%7C5374%3ATech%7C5079%3A5000006423,0.0,0.0
2026-06-22 18:51:32,Samsung Galaxy Z Fold 6 5G US Version F956U - 512GB  (Unlocked) - Good,639.99,639.99,Free shipping,https://www.ebay.com/itm/168230534707?_trkparms=5373%3A5000006400%7C5374%3ATech%7C5079%3A5000006423,0.0,0.0
2026-06-22 18:51:32,"Lenovo LOQ-E 15.6"" Ryzen 7 7735HS 16GB DDR5 512GB SSD NVIDIA GeForce RTX 4050",899.99,899.99,Free shipping,https://www.ebay.com/itm/127308419216?_trkparms=5373%3A5000006400%7C5374%3ATech%7C5079%3A5000006407,0.0,0.0
2026-06-22 18:51:33,Sony PlayStation 5 - DualSense Wireless Controller - Red,64.99,79.99,Free shipping,https://www.ebay.com/itm/318154824058?_trkparms=5373%3A5000006400%7C5374%3ATech%7C5079%3A5000006401,15.0,18.75
2026-06-22 18:51:33,007 First Light PC Standard Edition Code - NVIDIA Hardware REQUIRED,29.95,29.95,Free shipping,https://www.ebay.com/itm/127874178838?_trkparms=5373%3A5000006400%7C5374%3ATech%7C5079%3A5000006401,0.0,0.0
2026-06-22 18:51:33,"Samsung Galaxy  Tab S10 Ultra SM-X920 14.6"" 256GB  WiFi - Excellent",699.99,699.99,Free shipping,https://www.ebay.com/itm/187650788074?_trkparms=5373%3A5000006400%7C5374%3ATech%7C5079%3A5000006415,0.0,0.0
2026-06-22 18:51:33,Apple iPad Pro 2024 13-inch Wi-Fi + Cellular 256GB - M4 Chip - Black - Good,799.99,799.99,Free shipping,https://www.ebay.com/itm/157675517032?_trkparms=5373%3A5000006400%7C5374%3ATech%7C5079%3A5000006415,0.0,0.0
2026-06-22 18:51:34,"Samsung Galaxy  Tab S10 Ultra SM-X920 14.6"" 512GB  WiFi - Excellent",697.49,697.49,Free shipping,https://www.ebay.com/itm/167860546480?_trkparms=5373%3A5000006400%7C5374%3ATech%7C5079%3A5000006415,0.0,0.0
2026-06-22 18:51:34,"Samsung Galaxy Tab S9 FE 10.9"" 128GB X518U Unlocked No S-Pen - Used Poor",144.99,549.99,Free shipping,https://www.ebay.com/itm/257189988630?_trkparms=5373%3A5000006400%7C5374%3ATech%7C5079%3A5000006415,405.0,73.64
2026-06-22 18:51:34,"Anker iPhone 17/16 Charger, 2-Pack 20W Fast USB C Charger Block|Refurb",13.51,29.99,Free shipping,https://www.ebay.com/itm/389888698635?_trkparms=5373%3A5000006400%7C5374%3ATech%7C5079%3A5000006419,16.479999999999997,54.95
2026-06-22 18:51:34,"Seagate Exos X20 18TB 7200 SATA 6Gb/s 3.5"" Enterprise Hard Drive - ST18000NM003D",464.99,499.99,Free shipping,https://www.ebay.com/itm/155636746868?_trkparms=5373%3A5000006400%7C5374%3ATech%7C5079%3A5000006421,35.0,7.0
2026-06-22 18:51:34,"Seagate Exos X18 18TB ST18000NM004J 7.2K RPM SAS 12Gb/s 512e 3.5"" Enterprise HDD",445.0,445.0,Free shipping,https://www.ebay.com/itm/126993832967?_trkparms=5373%3A5000006400%7C5374%3ATech%7C5079%3A5000006421,0.0,0.0
2026-06-22 18:51:34,Sony ULT TOWER 10 Wireless Bluetooth Party Speaker with Wireless Microphone,742.0,898.0,Free shipping,https://www.ebay.com/itm/187179620525?_trkparms=5373%3A5000006400%7C5374%3ATech%7C5079%3A5000006403,156.0,17.37
2026-06-22 18:51:35,"HP DeskJet 4258e All-in-One Inkjet Printer, Color Mobile Print, Copy, Scan Up to",54.99,94.99,Free shipping,https://www.ebay.com/itm/157887223267?_trkparms=5373%3A5000006400%7C5374%3ATech%7C5079%3A5000006417,39.99999999999999,42.11
2026-06-22 18:51:35,Escort Radar Detectors MAXcam 360c Radar 1440p Dash Cam Certified Refurbished,624.99,724.99,Free shipping,https://www.ebay.com/itm/227103614225?_trkparms=5373%3A5000006400%7C5374%3ATech%7C5079%3A5000006432,100.0,13.79
2026-06-22 18:51:35,ESCORT Radar M2 Radar-Mounted Smart Dash Cam 1080P Full HD Certified Refurbished,149.99,199.95,Free shipping,https://www.ebay.com/itm/326885910707?_trkparms=5373%3A5000006400%7C5374%3ATech%7C5079%3A5000006432,49.95999999999998,24.99
2026-06-22 18:51:35,BougeRV 30QT (28L) Car Refrigerator Compressor Cooling 12/24V DC 110-240V AC,215.99,215.99,Free shipping,https://www.ebay.com/itm/117005387143?_trkparms=5373%3A5000006400%7C5374%3ATech%7C5079%3A5000006432,0.0,0.0
2026-06-22 18:51:36,Sony ULT TOWER 10 Wireless Bluetooth Party Speaker with Wireless Microphone,742.0,898.0,Free shipping,https://www.ebay.com/itm/187179620525?_trkparms=5373%3A5000006400%7C5374%3ATech%7C5079%3A5000006413,156.0,17.37
2026-06-22 18:51:36,Samsung Galaxy Buds SM-R170 In-Ear Wireless Earbuds Headphones - White SR,29.95,29.95,Free shipping,https://www.ebay.com/itm/183538469535?_trkparms=5373%3A5000006400%7C5374%3ATech%7C5079%3A5000006413,0.0,0.0
2026-06-22 18:51:37,Samsung Galaxy S23 Plus S916 256GB Unlocked - Very Good,325.95,325.95,Free shipping,https://www.ebay.com/itm/406732621985?_trkparms=5373%3A5000006400%7C5374%3ATech%7C5079%3A5000006411,0.0,0.0
2026-06-22 18:51:37,Samsung Galaxy Z Fold 6 5G US Version F956U - 512GB  (Unlocked) - Good,639.99,639.99,Free shipping,https://www.ebay.com/itm/168230534707?_trkparms=5373%3A5000006400%7C5374%3ATech%7C5079%3A5000006411,0.0,0.0
2026-06-22 18:51:37,Apple iPhone 17  256GB  E -SIM  US Version - Unlocked -  Excellent,799.99,799.99,Free shipping,https://www.ebay.com/itm/168140460945?_trkparms=5373%3A5000006400%7C5374%3ATech%7C5079%3A5000006411,0.0,0.0
2026-06-22 18:51:37,"MSI 27"" WQHD 2K 1440P 180HZ AMD FreeSync (AMD Adaptive Sync) 0.5ms HDR Ready Cur",136.99,149.99,Free shipping,https://www.ebay.com/itm/306707626520?_trkparms=5373%3A5000006400%7C5374%3ATech%7C5079%3A5000006405,13.0,8.67
2026-06-22 22:51:16,BougeRV 30QT (28L) Car Refrigerator Compressor Cooling 12/24V DC 110-240V AC,215.99,215.99,Free shipping,https://www.ebay.com/itm/117005387143?_trkparms=5373%3A5000006400%7C5374%3ATech%7C5079%3A5000006400,0.0,0.0
2026-06-22 22:51:16,dé 48V 100Ah LiFePO4 Lithium Battery with App & Display Monitoring 5120Wh WiFi,649.0,649.0,Free shipping,https://www.ebay.com/itm/318215304766?_trkparms=5373%3A5000006400%7C5374%3ATech%7C5079%3A5000006400,0.0,0.0
2026-06-22 22:51:16,LiTime 36V 100Ah Bluetooth LiFePO4 Lithium Battery For Outboard Trolling Motor,797.99,839.99,Free shipping,https://www.ebay.com/itm/387835671730?_trkparms=5373%3A5000006400%7C5374%3ATech%7C5079%3A5000006400,42.0,5.0
2026-06-22 22:51:16,OPEN BOX Samsung Galaxy S26 Ultra 256GB BLACK 5G SM-S948U AT&T ONLY,849.0,849.0,Free shipping,https://www.ebay.com/itm/117243889291?_trkparms=5373%3A5000006400%7C5374%3ATech%7C5079%3A5000006400,0.0,0.0
2026-06-22 22:51:16,SSD M.2 2280 Storage Shipping Cases Clamshell - 200 300 500 qtys,249.95,249.95,Free shipping,https://www.ebay.com/itm/125292738528?_trkparms=5373%3A5000006400%7C5374%3ATech%7C5079%3A5000006400,0.0,0.0
2026-06-22 22:51:16,M.2 2280 Tray for Fit 25x SSDs Storage Shipping Cases - 10 20 30 40,42.95,42.95,Free shipping,https://www.ebay.com/itm/125415195015?_trkparms=5373%3A5000006400%7C5374%3ATech%7C5079%3A5000006400,0.0,0.0
2026-06-22 22:51:17,AT 512GB CFexpress Type-B Memory Card New 8K30p RAW Nikon Canon CF-512G-AT540,159.95,159.95,Free shipping,https://www.ebay.com/itm/125881225331?_trkparms=5373%3A5000006400%7C5374%3ATech%7C5079%3A5000006400,0.0,0.0
2026-06-22 22:51:17,DIMM / SODIMM DDR4 DDR5 RAM Memory Case Tray Laptop Desktop Modules 2 CT or 5 CT,14.95,14.95,Free shipping,https://www.ebay.com/itm/126470710369?_trkparms=5373%3A5000006400%7C5374%3ATech%7C5079%3A5000006400,0.0,0.0
2026-06-22 22:51:17,HS 20 W/mK Thermal Pad Set ASUS TUF RTX 3080 Custom,49.95,49.95,Free shipping,https://www.ebay.com/itm/126785838214?_trkparms=5373%3A5000006400%7C5374%3ATech%7C5079%3A5000006400,0.0,0.0
2026-06-22 22:51:17,Honeywell PTM7950 30x30x0.2mm Phase Change Thermal Paste Laptop CPU Graphics,12.95,12.95,Free shipping,https://www.ebay.com/itm/126885532425?_trkparms=5373%3A5000006400%7C5374%3ATech%7C5079%3A5000006400,0.0,0.0
2026-06-22 22:51:17,Honeywell PTM7950 20x30x0.2mm Phase Change Thermal Paste Laptop CPU Graphics,11.95,11.95,Free shipping,https://www.ebay.com/itm/126885543120?_trkparms=5373%3A5000006400%7C5374%3ATech%7C5079%3A5000006400,0.0,0.0
2026-06-22 22:51:17,Honeywell PTM7950 80x160x0.2mm Phase Change Thermal Paste Laptop CPU Graphics,31.95,31.95,Free shipping,https://www.ebay.com/itm/126885551440?_trkparms=5373%3A5000006400%7C5374%3ATech%7C5079%3A5000006400,0.0,0.0
2026-06-22 22:51:17,NVIDIA RTX 2000 Ada 16GB GDDR6 PCIe 4.0 x8 Full/Half Height Brackets Graphics,719.95,719.95,Free shipping,https://www.ebay.com/itm/126885610589?_trkparms=5373%3A5000006400%7C5374%3ATech%7C5079%3A5000006400,0.0,0.0
2026-06-22 22:51:17,PNY Nvidia Quadro RTX 6000 24GB GDDR6 (ECC) Graphics Card 900-5G150-1750-000,1049.95,1049.95,Free shipping,https://www.ebay.com/itm/126968437175?_trkparms=5373%3A5000006400%7C5374%3ATech%7C5079%3A5000006400,0.0,0.0
2026-06-22 22:51:17,Honeywell PTM7950 100x160x0.2mm Phase Change Thermal Paste Laptop CPU Graphics,39.95,39.95,Free shipping,https://www.ebay.com/itm/126991699719?_trkparms=5373%3A5000006400%7C5374%3ATech%7C5079%3A5000006400,0.0,0.0
2026-06-22 22:51:17,SimpliSafe Door Window Magnetic Entry Sensor ES3 (Gen 3)  4-Pack - Brand New,38.94,38.94,Free shipping,https://www.ebay.com/itm/127420149129?_trkparms=5373%3A5000006400%7C5374%3ATech%7C5079%3A5000006400,0.0,0.0
2026-06-22 22:51:18,SK hynix 16GB DDR5 UDIMM 5600MHz 1Rx8 288-Pin Desktop RAM - HMCG78AGBUA081N,184.94,184.94,Free shipping,https://www.ebay.com/itm/127434313238?_trkparms=5373%3A5000006400%7C5374%3ATech%7C5079%3A5000006400,0.0,0.0
2026-06-22 22:51:18,Bose QuietComfort - True Wireless Noise Cancelling Earbuds - Twilight Blue - NEW,149.95,149.95,Free shipping,https://www.ebay.com/itm/127451245919?_trkparms=5373%3A5000006400%7C5374%3ATech%7C5079%3A5000006400,0.0,0.0
2026-06-22 22:51:18,PNY NVIDIA RTX A4500 20GB GDDR6 PCIe 4.0 x16 Graphics card - VCNRTXA4500-PB,1279.95,1279.95,Free shipping,https://www.ebay.com/itm/127459483383?_trkparms=5373%3A5000006400%7C5374%3ATech%7C5079%3A5000006400,0.0,0.0
2026-06-22 22:51:18,"EKWB EK-Pro RTX A6000 GPU Waterblock, Aluminum w/ Nickel + Inox Finish",99.95,99.95,Free shipping,https://www.ebay.com/itm/127465535559?_trkparms=5373%3A5000006400%7C5374%3ATech%7C5079%3A5000006400,0.0,0.0
2026-06-22 22:51:18,Dell Pro 14 PC14250 FHD+ Ultra 5 235U 16GB RAM 512GB SSD Silver New,799.95,799.95,Free shipping,https://www.ebay.com/itm/127574668003?_trkparms=5373%3A5000006400%7C5374%3ATech%7C5079%3A5000006400,0.0,0.0
2026-06-22 22:51:18,"AMD Ryzen Threadripper Pro 3955WX 16-Core, 32-Thread 280W WRX8 CPU Unlocked",329.94,329.94,Free shipping,https://www.ebay.com/itm/127724538278?_trkparms=5373%3A5000006400%7C5374%3ATech%7C5079%3A5000006400,0.0,0.0
2026-06-22 22:51:19,Samsung Galaxy S25 Ultra  256GB AI Smartphone Unlocked - Good,729.99,729.99,Free shipping,https://www.ebay.com/itm/188312445931?_trkparms=5373%3A5000006400%7C5374%3ATech%7C5079%3A5000006423,0.0,0.0
2026-06-22 22:51:21,HyperX Cloud Alpha - Gaming Headset - Black-Red,99.99,99.99,Free shipping,https://www.ebay.com/itm/156457842186?_trkparms=5373%3A5000006400%7C5374%3ATech%7C5079%3A5000006401,0.0,0.0
2026-06-22 22:51:22,"HP 206X High Yield Black Original LaserJet Toner Cartridge, ~3150 pages, W2110X",129.99,129.99,Free shipping,https://www.ebay.com/itm/155366445383?_trkparms=5373%3A5000006400%7C5374%3ATech%7C5079%3A5000006417,0.0,0.0
2026-06-22 22:51:22,"HP Smart Tank 7301 All-in-One InkJet Printer, Color Mobile Print, Scan, Copy,",299.99,449.99,Free shipping,https://www.ebay.com/itm/155835290700?_trkparms=5373%3A5000006400%7C5374%3ATech%7C5079%3A5000006417,150.0,33.33
2026-06-22 22:51:24,Samsung Galaxy S25 Ultra  256GB AI Smartphone Unlocked - Good,729.99,729.99,Free shipping,https://www.ebay.com/itm/188312445931?_trkparms=5373%3A5000006400%7C5374%3ATech%7C5079%3A5000006411,0.0,0.0
2026-06-23 04:05:19,"Dell 8TB 7.2K RPM SAS 12Gb/s 512e 3.5"" Enterprise PowerEdge HDD H3PN0 G16",239.0,239.0,Free shipping,https://www.ebay.com/itm/127786295368?_trkparms=5373%3A5000006400%7C5374%3ATech%7C5079%3A5000006400,0.0,0.0
2026-06-23 04:05:20,Samsung Galaxy S22 Ultra 128GB S908U Unlocked - Used Poor,264.99,264.99,Free shipping,https://www.ebay.com/itm/256453236901?_trkparms=5373%3A5000006400%7C5374%3ATech%7C5079%3A5000006423,0.0,0.0
2026-06-23 04:05:25,Apple Watch Ultra  3 49MM GPS + Cellular Black Titanium Case - Excellent,629.99,629.99,Free shipping,https://www.ebay.com/itm/188251587351?_trkparms=5373%3A5000006400%7C5374%3ATech%7C5079%3A5000006411,0.0,0.0
2026-06-23 09:55:02,"Seagate X20z 20TB ST20000NM001J 7.2K RPM SATA 6Gb/s Host Managed SMR 3.5"" HDD",470.0,470.0,Free shipping,https://www.ebay.com/itm/127820803604?_trkparms=5373%3A5000006400%7C5374%3ATech%7C5079%3A5000006400,0.0,0.0
2026-06-23 09:55:03,"WD Ultrastar DC HC550 18TB SAS 12GB/s 3.5"" HDD WUH721818AL5204 0F38353",449.0,449.0,Free shipping,https://www.ebay.com/itm/297265730683?_trkparms=5373%3A5000006400%7C5374%3ATech%7C5079%3A5000006400,0.0,0.0
